id,number,title,level,type,flags,course,day,lesson,depth,note
sec-scope,1,Scope,1,,,,,,,
sec-conformance,2,Conformance,1,,,,,,,
sec-conformance-normative-optional,2.1,Example Normative Optional Clause Heading,2,,normative-optional example,,,,,
sec-conformance-legacy,2.2,Example Legacy Clause Heading,2,,legacy example,,,,,
sec-conformance-legacy-normative-optional,2.3,Example Legacy Normative Optional Clause Heading,2,,legacy normative-optional example,,,,,
sec-normative-references,3,Normative References,1,,,,,,,
sec-overview,4,Overview,1,,,,,,,
sec-web-scripting,4.1,Web Scripting,2,,,,,,,
sec-hosts-and-implementations,4.2,Hosts and Implementations,2,,,,,,,
sec-ecmascript-overview,4.3,ECMAScript Overview,2,,,,,,,
sec-objects,4.3.1,Objects,3,,,,,,,
sec-strict-variant-of-ecmascript,4.3.2,The Strict Variant of ECMAScript,3,,,,,,,
sec-terms-and-definitions,4.4,Terms and Definitions,2,,,,,,,
sec-terms-and-definitions-implementation-approximated,4.4.1,implementation-approximated,3,,,,,,,
sec-terms-and-definitions-implementation-defined,4.4.2,implementation-defined,3,,,,,,,
sec-terms-and-definitions-host-defined,4.4.3,host-defined,3,,,,,,,
sec-type,4.4.4,type,3,,,,,,,
sec-primitive-value,4.4.5,primitive value,3,,,,,,,
sec-terms-and-definitions-object,4.4.6,object,3,,,,,,,
sec-constructor,4.4.7,constructor,3,,,,,,,
sec-terms-and-definitions-prototype,4.4.8,prototype,3,,,,,,,
sec-ordinary-object,4.4.9,ordinary object,3,,,,,,,
sec-exotic-object,4.4.10,exotic object,3,,,,,,,
sec-standard-object,4.4.11,standard object,3,,,,,,,
sec-built-in-object,4.4.12,built-in object,3,,,,,,,
sec-undefined-value,4.4.13,undefined value,3,,,,,,,
sec-terms-and-definitions-undefined-type,4.4.14,Undefined type,3,,,,,,,
sec-null-value,4.4.15,null value,3,,,,,,,
sec-terms-and-definitions-null-type,4.4.16,Null type,3,,,,,,,
sec-terms-and-definitions-boolean-value,4.4.17,Boolean value,3,,,,,,,
sec-terms-and-definitions-boolean-type,4.4.18,Boolean type,3,,,,,,,
sec-boolean-object,4.4.19,Boolean object,3,,,,,,,
sec-terms-and-definitions-string-value,4.4.20,String value,3,,,,,,,
sec-terms-and-definitions-string-type,4.4.21,String type,3,,,,,,,
sec-string-object,4.4.22,String object,3,,,,,,,
sec-terms-and-definitions-number-value,4.4.23,Number value,3,,,,,,,
sec-terms-and-definitions-number-type,4.4.24,Number type,3,,,,,,,
sec-number-object,4.4.25,Number object,3,,,,,,,
sec-terms-and-definitions-infinity,4.4.26,Infinity,3,,,,,,,
sec-terms-and-definitions-nan,4.4.27,NaN,3,,,,,,,
sec-terms-and-definitions-bigint-value,4.4.28,BigInt value,3,,,,,,,
sec-terms-and-definitions-bigint-type,4.4.29,BigInt type,3,,,,,,,
sec-bigint-object,4.4.30,BigInt object,3,,,,,,,
sec-symbol-value,4.4.31,Symbol value,3,,,,,,,
sec-terms-and-definitions-symbol-type,4.4.32,Symbol type,3,,,,,,,
sec-symbol-object,4.4.33,Symbol object,3,,,,,,,
sec-terms-and-definitions-function,4.4.34,function,3,,,,,,,
sec-built-in-function,4.4.35,built-in function,3,,,,,,,
sec-built-in-constructor,4.4.36,built-in constructor,3,,,,,,,
sec-property,4.4.37,property,3,,,,,,,
sec-method,4.4.38,method,3,,,,,,,
sec-built-in-method,4.4.39,built-in method,3,,,,,,,
sec-attribute,4.4.40,attribute,3,,,,,,,
sec-own-property,4.4.41,own property,3,,,,,,,
sec-inherited-property,4.4.42,inherited property,3,,,,,,,
sec-organization-of-this-specification,4.5,Organization of This Specification,2,,,,,,,
sec-notational-conventions,5,Notational Conventions,1,,,,,,,
sec-syntactic-and-lexical-grammars,5.1,Syntactic and Lexical Grammars,2,,,,,,,
sec-context-free-grammars,5.1.1,Context-Free Grammars,3,,,,,,,
sec-lexical-and-regexp-grammars,5.1.2,The Lexical and RegExp Grammars,3,,,,,,,
sec-numeric-string-grammar,5.1.3,The Numeric String Grammar,3,,,,,,,
sec-syntactic-grammar,5.1.4,The Syntactic Grammar,3,,,,,,,
sec-grammar-notation,5.1.5,Grammar Notation,3,,,,,,,
sec-terminal-symbols,5.1.5.1,Terminal Symbols,4,,,,,,,
sec-nonterminal-symbols-and-productions,5.1.5.2,Nonterminal Symbols and Productions,4,,,,,,,
sec-optional-symbols,5.1.5.3,Optional Symbols,4,,,,,,,
sec-grammatical-parameters,5.1.5.4,Grammatical Parameters,4,,,,,,,
sec-one-of,5.1.5.5,one of,4,,,,,,,
sec-empty,5.1.5.6,[empty],4,,,,,,,
sec-lookahead-restrictions,5.1.5.7,Lookahead Restrictions,4,,,,,,,
sec-no-lineterminator-here,5.1.5.8,[no LineTerminator here],4,,,,,,,
sec-but-not,5.1.5.9,but not,4,,,,,,,
sec-descriptive-phrases,5.1.5.10,Descriptive Phrases,4,,,,,,,
sec-algorithm-conventions,5.2,Algorithm Conventions,2,,,,,,,
sec-evaluation-order,5.2.1,Evaluation Order,3,,,,,,,
sec-algorithm-conventions-abstract-operations,5.2.2,Abstract Operations,3,,,,,,,
sec-algorithm-conventions-syntax-directed-operations,5.2.3,Syntax-Directed Operations,3,,,,,,,
sec-runtime-semantics,5.2.4,Runtime Semantics,3,,,,,,,
sec-completion-ao,5.2.4.1,Completion ( completionRecord ),4,abstract operation,,,,,,
sec-throw-an-exception,5.2.4.2,Throw an Exception,4,,,,,,,
sec-shorthands-for-unwrapping-completion-records,5.2.4.3,Shorthands for Unwrapping Completion Records,4,,,,,,,
sec-implicit-normal-completion,5.2.4.4,Implicit Normal Completion,4,,,,,,,
sec-static-semantic-rules,5.2.5,Static Semantics,3,,,,,,,
sec-mathematical-operations,5.2.6,Mathematical Operations,3,,,,,,,
sec-value-notation,5.2.7,Value Notation,3,,,,,,,
sec-identity,5.2.8,Identity,3,,,,,,,
sec-ecmascript-data-types-and-values,6,ECMAScript Data Types and Values,1,,,,,,,
sec-ecmascript-language-types,6.1,ECMAScript Language Types,2,,,,,,,
sec-ecmascript-language-types-undefined-type,6.1.1,The Undefined Type,3,,,,,,,
sec-ecmascript-language-types-null-type,6.1.2,The Null Type,3,,,,,,,
sec-ecmascript-language-types-boolean-type,6.1.3,The Boolean Type,3,,,,,,,
sec-ecmascript-language-types-string-type,6.1.4,The String Type,3,,,,,,,
sec-stringindexof,6.1.4.1,"StringIndexOf ( string, searchValue, fromIndex )",4,abstract operation,,,,,,
sec-stringlastindexof,6.1.4.2,"StringLastIndexOf ( string, searchValue, fromIndex )",4,abstract operation,,,,,,
sec-ecmascript-language-types-symbol-type,6.1.5,The Symbol Type,3,,,,,,,
sec-well-known-symbols,6.1.5.1,Well-Known Symbols,4,,,,,,,
sec-numeric-types,6.1.6,Numeric Types,3,,,,,,,
sec-ecmascript-language-types-number-type,6.1.6.1,The Number Type,4,,,,,,,
sec-numeric-types-number-unaryMinus,6.1.6.1.1,Number::unaryMinus ( x ),5,numeric method,,,,,,
sec-numeric-types-number-bitwiseNOT,6.1.6.1.2,Number::bitwiseNOT ( x ),5,numeric method,,,,,,
sec-numeric-types-number-exponentiate,6.1.6.1.3,"Number::exponentiate ( base, exponent )",5,numeric method,,,,,,
sec-numeric-types-number-multiply,6.1.6.1.4,"Number::multiply ( x, y )",5,numeric method,,,,,,
sec-numeric-types-number-divide,6.1.6.1.5,"Number::divide ( x, y )",5,numeric method,,,,,,
sec-numeric-types-number-remainder,6.1.6.1.6,"Number::remainder ( n, d )",5,numeric method,,,,,,
sec-numeric-types-number-add,6.1.6.1.7,"Number::add ( x, y )",5,numeric method,,,,,,
sec-numeric-types-number-subtract,6.1.6.1.8,"Number::subtract ( x, y )",5,numeric method,,,,,,
sec-numeric-types-number-leftShift,6.1.6.1.9,"Number::leftShift ( x, y )",5,numeric method,,,,,,
sec-numeric-types-number-signedRightShift,6.1.6.1.10,"Number::signedRightShift ( x, y )",5,numeric method,,,,,,
sec-numeric-types-number-unsignedRightShift,6.1.6.1.11,"Number::unsignedRightShift ( x, y )",5,numeric method,,,,,,
sec-numeric-types-number-lessThan,6.1.6.1.12,"Number::lessThan ( x, y )",5,numeric method,,,,,,
sec-numeric-types-number-equal,6.1.6.1.13,"Number::equal ( x, y )",5,numeric method,,,,,,
sec-numeric-types-number-sameValue,6.1.6.1.14,"Number::sameValue ( x, y )",5,numeric method,,,,,,
sec-numeric-types-number-sameValueZero,6.1.6.1.15,"Number::sameValueZero ( x, y )",5,numeric method,,,,,,
sec-numberbitwiseop,6.1.6.1.16,"NumberBitwiseOp ( op, x, y )",5,abstract operation,,,,,,
sec-numeric-types-number-bitwiseAND,6.1.6.1.17,"Number::bitwiseAND ( x, y )",5,numeric method,,,,,,
sec-numeric-types-number-bitwiseXOR,6.1.6.1.18,"Number::bitwiseXOR ( x, y )",5,numeric method,,,,,,
sec-numeric-types-number-bitwiseOR,6.1.6.1.19,"Number::bitwiseOR ( x, y )",5,numeric method,,,,,,
sec-numeric-types-number-tostring,6.1.6.1.20,"Number::toString ( x, radix )",5,numeric method,,,,,,
sec-ecmascript-language-types-bigint-type,6.1.6.2,The BigInt Type,4,,,,,,,
sec-numeric-types-bigint-unaryMinus,6.1.6.2.1,BigInt::unaryMinus ( x ),5,numeric method,,,,,,
sec-numeric-types-bigint-bitwiseNOT,6.1.6.2.2,BigInt::bitwiseNOT ( x ),5,numeric method,,,,,,
sec-numeric-types-bigint-exponentiate,6.1.6.2.3,"BigInt::exponentiate ( base, exponent )",5,numeric method,,,,,,
sec-numeric-types-bigint-multiply,6.1.6.2.4,"BigInt::multiply ( x, y )",5,numeric method,,,,,,
sec-numeric-types-bigint-divide,6.1.6.2.5,"BigInt::divide ( x, y )",5,numeric method,,,,,,
sec-numeric-types-bigint-remainder,6.1.6.2.6,"BigInt::remainder ( n, d )",5,numeric method,,,,,,
sec-numeric-types-bigint-add,6.1.6.2.7,"BigInt::add ( x, y )",5,numeric method,,,,,,
sec-numeric-types-bigint-subtract,6.1.6.2.8,"BigInt::subtract ( x, y )",5,numeric method,,,,,,
sec-numeric-types-bigint-leftShift,6.1.6.2.9,"BigInt::leftShift ( x, y )",5,numeric method,,,,,,
sec-numeric-types-bigint-signedRightShift,6.1.6.2.10,"BigInt::signedRightShift ( x, y )",5,numeric method,,,,,,
sec-numeric-types-bigint-unsignedRightShift,6.1.6.2.11,"BigInt::unsignedRightShift ( x, y )",5,numeric method,,,,,,
sec-numeric-types-bigint-lessThan,6.1.6.2.12,"BigInt::lessThan ( x, y )",5,numeric method,,,,,,
sec-numeric-types-bigint-equal,6.1.6.2.13,"BigInt::equal ( x, y )",5,numeric method,,,,,,
sec-binaryand,6.1.6.2.14,"BinaryAnd ( x, y )",5,abstract operation,,,,,,
sec-binaryor,6.1.6.2.15,"BinaryOr ( x, y )",5,abstract operation,,,,,,
sec-binaryxor,6.1.6.2.16,"BinaryXor ( x, y )",5,abstract operation,,,,,,
sec-bigintbitwiseop,6.1.6.2.17,"BigIntBitwiseOp ( op, x, y )",5,abstract operation,,,,,,
sec-numeric-types-bigint-bitwiseAND,6.1.6.2.18,"BigInt::bitwiseAND ( x, y )",5,numeric method,,,,,,
sec-numeric-types-bigint-bitwiseXOR,6.1.6.2.19,"BigInt::bitwiseXOR ( x, y )",5,numeric method,,,,,,
sec-numeric-types-bigint-bitwiseOR,6.1.6.2.20,"BigInt::bitwiseOR ( x, y )",5,numeric method,,,,,,
sec-numeric-types-bigint-tostring,6.1.6.2.21,"BigInt::toString ( x, radix )",5,numeric method,,,,,,
sec-object-type,6.1.7,The Object Type,3,,,,,,,
sec-property-attributes,6.1.7.1,Property Attributes,4,,,,,,,
sec-object-internal-methods-and-internal-slots,6.1.7.2,Object Internal Methods and Internal Slots,4,,,,,,,
sec-invariants-of-the-essential-internal-methods,6.1.7.3,Invariants of the Essential Internal Methods,4,,,,,,,
sec-well-known-intrinsic-objects,6.1.7.4,Well-Known Intrinsic Objects,4,,,,,,,
sec-ecmascript-specification-types,6.2,ECMAScript Specification Types,2,,,,,,,
sec-enum-specification-type,6.2.1,The Enum Specification Type,3,,,,,,,
sec-list-and-record-specification-type,6.2.2,The List and Record Specification Types,3,,,,,,,
sec-set-and-relation-specification-type,6.2.3,The Set and Relation Specification Types,3,,,,,,,
sec-completion-record-specification-type,6.2.4,The Completion Record Specification Type,3,,,,,,,
sec-normalcompletion,6.2.4.1,NormalCompletion ( value ),4,abstract operation,,,,,,
sec-throwcompletion,6.2.4.2,ThrowCompletion ( value ),4,abstract operation,,,,,,
sec-returncompletion,6.2.4.3,ReturnCompletion ( value ),4,abstract operation,,,,,,
sec-updateempty,6.2.4.4,"UpdateEmpty ( completionRecord, value )",4,abstract operation,,,,,,
sec-reference-record-specification-type,6.2.5,The Reference Record Specification Type,3,,,,,,,
sec-ispropertyreference,6.2.5.1,IsPropertyReference ( V ),4,abstract operation,,,,,,
sec-isunresolvablereference,6.2.5.2,IsUnresolvableReference ( V ),4,abstract operation,,,,,,
sec-issuperreference,6.2.5.3,IsSuperReference ( V ),4,abstract operation,,,,,,
sec-isprivatereference,6.2.5.4,IsPrivateReference ( V ),4,abstract operation,,,,,,
sec-getvalue,6.2.5.5,GetValue ( V ),4,abstract operation,,,,,,
sec-putvalue,6.2.5.6,"PutValue ( V, W )",4,abstract operation,,,,,,
sec-getthisvalue,6.2.5.7,GetThisValue ( V ),4,abstract operation,,,,,,
sec-initializereferencedbinding,6.2.5.8,"InitializeReferencedBinding ( V, W )",4,abstract operation,,,,,,
sec-makeprivatereference,6.2.5.9,"MakePrivateReference ( baseValue, privateIdentifier )",4,abstract operation,,,,,,
sec-property-descriptor-specification-type,6.2.6,The Property Descriptor Specification Type,3,,,,,,,
sec-isaccessordescriptor,6.2.6.1,IsAccessorDescriptor ( Desc ),4,abstract operation,,,,,,
sec-isdatadescriptor,6.2.6.2,IsDataDescriptor ( Desc ),4,abstract operation,,,,,,
sec-isgenericdescriptor,6.2.6.3,IsGenericDescriptor ( Desc ),4,abstract operation,,,,,,
sec-frompropertydescriptor,6.2.6.4,FromPropertyDescriptor ( Desc ),4,abstract operation,,,,,,
sec-topropertydescriptor,6.2.6.5,ToPropertyDescriptor ( Obj ),4,abstract operation,,,,,,
sec-completepropertydescriptor,6.2.6.6,CompletePropertyDescriptor ( Desc ),4,abstract operation,,,,,,
sec-lexical-environment-and-environment-record-specification-types,6.2.7,The Environment Record Specification Type,3,,,,,,,
sec-abstract-closure,6.2.8,The Abstract Closure Specification Type,3,,,,,,,
sec-data-blocks,6.2.9,Data Blocks,3,,,,,,,
sec-createbytedatablock,6.2.9.1,CreateByteDataBlock ( size ),4,abstract operation,,,,,,
sec-createsharedbytedatablock,6.2.9.2,CreateSharedByteDataBlock ( size ),4,abstract operation,,,,,,
sec-copydatablockbytes,6.2.9.3,"CopyDataBlockBytes ( toBlock, toIndex, fromBlock, fromIndex, count )",4,abstract operation,,,,,,
sec-privateelement-specification-type,6.2.10,The PrivateElement Specification Type,3,,,,,,,
sec-classfielddefinition-record-specification-type,6.2.11,The ClassFieldDefinition Record Specification Type,3,,,,,,,
sec-private-names,6.2.12,Private Names,3,,,,,,,
sec-classstaticblockdefinition-record-specification-type,6.2.13,The ClassStaticBlockDefinition Record Specification Type,3,,,,,,,
sec-abstract-operations,7,Abstract Operations,1,,,,,,,
sec-type-conversion,7.1,Type Conversion,2,,,,,,,
sec-toprimitive,7.1.1,"ToPrimitive ( input [ , preferredType ] )",3,abstract operation,,,,,,
sec-ordinarytoprimitive,7.1.1.1,"OrdinaryToPrimitive ( O, hint )",4,abstract operation,,,,,,
sec-toboolean,7.1.2,ToBoolean ( argument ),3,abstract operation,,,,,,
sec-tonumeric,7.1.3,ToNumeric ( value ),3,abstract operation,,,,,,
sec-tonumber,7.1.4,ToNumber ( argument ),3,abstract operation,,,,,,
sec-tonumber-applied-to-the-string-type,7.1.4.1,ToNumber Applied to the String Type,4,,,,,,,
sec-stringtonumber,7.1.4.1.1,StringToNumber ( str ),5,abstract operation,,,,,,
sec-runtime-semantics-stringnumericvalue,7.1.4.1.2,Runtime Semantics: StringNumericValue,5,sdo,,,,,,
sec-roundmvresult,7.1.4.1.3,RoundMVResult ( n ),5,abstract operation,,,,,,
sec-tointegerorinfinity,7.1.5,ToIntegerOrInfinity ( argument ),3,abstract operation,,,,,,
sec-toint32,7.1.6,ToInt32 ( argument ),3,abstract operation,,,,,,
sec-touint32,7.1.7,ToUint32 ( argument ),3,abstract operation,,,,,,
sec-toint16,7.1.8,ToInt16 ( argument ),3,abstract operation,,,,,,
sec-touint16,7.1.9,ToUint16 ( argument ),3,abstract operation,,,,,,
sec-toint8,7.1.10,ToInt8 ( argument ),3,abstract operation,,,,,,
sec-touint8,7.1.11,ToUint8 ( argument ),3,abstract operation,,,,,,
sec-touint8clamp,7.1.12,ToUint8Clamp ( argument ),3,abstract operation,,,,,,
sec-tobigint,7.1.13,ToBigInt ( argument ),3,abstract operation,,,,,,
sec-stringtobigint,7.1.14,StringToBigInt ( str ),3,abstract operation,,,,,,
sec-stringintegerliteral-grammar,7.1.14.1,StringIntegerLiteral Grammar,4,,,,,,,
sec-runtime-semantics-mv-for-stringintegerliteral,7.1.14.2,Runtime Semantics: MV,4,,,,,,,
sec-tobigint64,7.1.15,ToBigInt64 ( argument ),3,abstract operation,,,,,,
sec-tobiguint64,7.1.16,ToBigUint64 ( argument ),3,abstract operation,,,,,,
sec-tostring,7.1.17,ToString ( argument ),3,abstract operation,,,,,,
sec-toobject,7.1.18,ToObject ( argument ),3,abstract operation,,,,,,
sec-topropertykey,7.1.19,ToPropertyKey ( argument ),3,abstract operation,,,,,,
sec-tolength,7.1.20,ToLength ( argument ),3,abstract operation,,,,,,
sec-canonicalnumericindexstring,7.1.21,CanonicalNumericIndexString ( argument ),3,abstract operation,,,,,,
sec-toindex,7.1.22,ToIndex ( value ),3,abstract operation,,,,,,
sec-testing-and-comparison-operations,7.2,Testing and Comparison Operations,2,,,,,,,
sec-requireobjectcoercible,7.2.1,RequireObjectCoercible ( argument ),3,abstract operation,,,,,,
sec-isarray,7.2.2,IsArray ( argument ),3,abstract operation,,,,,,
sec-iscallable,7.2.3,IsCallable ( argument ),3,abstract operation,,,,,,
sec-isconstructor,7.2.4,IsConstructor ( argument ),3,abstract operation,,,,,,
sec-isextensible-o,7.2.5,IsExtensible ( O ),3,abstract operation,,,,,,
sec-isregexp,7.2.6,IsRegExp ( argument ),3,abstract operation,,,,,,
sec-isstringwellformedunicode,7.2.7,Static Semantics: IsStringWellFormedUnicode ( string ),3,abstract operation,,,,,,
sec-sametype,7.2.8,"SameType ( x, y )",3,abstract operation,,,,,,
sec-samevalue,7.2.9,"SameValue ( x, y )",3,abstract operation,,,,,,
sec-samevaluezero,7.2.10,"SameValueZero ( x, y )",3,abstract operation,,,,,,
sec-samevaluenonnumber,7.2.11,"SameValueNonNumber ( x, y )",3,abstract operation,,,,,,
sec-islessthan,7.2.12,"IsLessThan ( x, y, LeftFirst )",3,abstract operation,,,,,,
sec-islooselyequal,7.2.13,"IsLooselyEqual ( x, y )",3,abstract operation,,,,,,
sec-isstrictlyequal,7.2.14,"IsStrictlyEqual ( x, y )",3,abstract operation,,,,,,
sec-operations-on-objects,7.3,Operations on Objects,2,,,,,,,
sec-makebasicobject,7.3.1,MakeBasicObject ( internalSlotsList ),3,abstract operation,,,,,,
sec-get-o-p,7.3.2,"Get ( O, P )",3,abstract operation,,,,,,
sec-getv,7.3.3,"GetV ( V, P )",3,abstract operation,,,,,,
sec-set-o-p-v-throw,7.3.4,"Set ( O, P, V, Throw )",3,abstract operation,,,,,,
sec-createdataproperty,7.3.5,"CreateDataProperty ( O, P, V )",3,abstract operation,,,,,,
sec-createdatapropertyorthrow,7.3.6,"CreateDataPropertyOrThrow ( O, P, V )",3,abstract operation,,,,,,
sec-createnonenumerabledatapropertyorthrow,7.3.7,"CreateNonEnumerableDataPropertyOrThrow ( O, P, V )",3,abstract operation,,,,,,
sec-definepropertyorthrow,7.3.8,"DefinePropertyOrThrow ( O, P, desc )",3,abstract operation,,,,,,
sec-deletepropertyorthrow,7.3.9,"DeletePropertyOrThrow ( O, P )",3,abstract operation,,,,,,
sec-getmethod,7.3.10,"GetMethod ( V, P )",3,abstract operation,,,,,,
sec-hasproperty,7.3.11,"HasProperty ( O, P )",3,abstract operation,,,,,,
sec-hasownproperty,7.3.12,"HasOwnProperty ( O, P )",3,abstract operation,,,,,,
sec-call,7.3.13,"Call ( F, V [ , argumentsList ] )",3,abstract operation,,,,,,
sec-construct,7.3.14,"Construct ( F [ , argumentsList [ , newTarget ] ] )",3,abstract operation,,,,,,
sec-setintegritylevel,7.3.15,"SetIntegrityLevel ( O, level )",3,abstract operation,,,,,,
sec-testintegritylevel,7.3.16,"TestIntegrityLevel ( O, level )",3,abstract operation,,,,,,
sec-createarrayfromlist,7.3.17,CreateArrayFromList ( elements ),3,abstract operation,,,,,,
sec-lengthofarraylike,7.3.18,LengthOfArrayLike ( obj ),3,abstract operation,,,,,,
sec-createlistfromarraylike,7.3.19,"CreateListFromArrayLike ( obj [ , validElementTypes ] )",3,abstract operation,,,,,,
sec-invoke,7.3.20,"Invoke ( V, P [ , argumentsList ] )",3,abstract operation,,,,,,
sec-ordinaryhasinstance,7.3.21,"OrdinaryHasInstance ( C, O )",3,abstract operation,,,,,,
sec-speciesconstructor,7.3.22,"SpeciesConstructor ( O, defaultConstructor )",3,abstract operation,,,,,,
sec-enumerableownproperties,7.3.23,"EnumerableOwnProperties ( O, kind )",3,abstract operation,,,,,,
sec-getfunctionrealm,7.3.24,GetFunctionRealm ( obj ),3,abstract operation,,,,,,
sec-copydataproperties,7.3.25,"CopyDataProperties ( target, source, excludedItems )",3,abstract operation,,,,,,
sec-privateelementfind,7.3.26,"PrivateElementFind ( O, P )",3,abstract operation,,,,,,
sec-privatefieldadd,7.3.27,"PrivateFieldAdd ( O, P, value )",3,abstract operation,,,,,,
sec-privatemethodoraccessoradd,7.3.28,"PrivateMethodOrAccessorAdd ( O, method )",3,abstract operation,,,,,,
sec-hostensurecanaddprivateelement,7.3.29,HostEnsureCanAddPrivateElement ( O ),3,host-defined abstract operation,,,,,,
sec-privateget,7.3.30,"PrivateGet ( O, P )",3,abstract operation,,,,,,
sec-privateset,7.3.31,"PrivateSet ( O, P, value )",3,abstract operation,,,,,,
sec-definefield,7.3.32,"DefineField ( receiver, fieldRecord )",3,abstract operation,,,,,,
sec-initializeinstanceelements,7.3.33,"InitializeInstanceElements ( O, constructor )",3,abstract operation,,,,,,
sec-add-value-to-keyed-group,7.3.34,"AddValueToKeyedGroup ( groups, key, value )",3,abstract operation,,,,,,
sec-groupby,7.3.35,"GroupBy ( items, callback, keyCoercion )",3,abstract operation,,,,,,
sec-getoptionsobject,7.3.36,GetOptionsObject ( options ),3,abstract operation,,,,,,
sec-SetterThatIgnoresPrototypeProperties,7.3.37,"SetterThatIgnoresPrototypeProperties ( thisValue, home, p, v )",3,abstract operation,,,,,,
sec-operations-on-iterator-objects,7.4,Operations on Iterator Objects,2,,,,,,,
sec-iterator-records,7.4.1,Iterator Records,3,,,,,,,
sec-getiteratordirect,7.4.2,GetIteratorDirect ( obj ),3,abstract operation,,,,,,
sec-getiteratorfrommethod,7.4.3,"GetIteratorFromMethod ( obj, method )",3,abstract operation,,,,,,
sec-getiterator,7.4.4,"GetIterator ( obj, kind )",3,abstract operation,,,,,,
sec-getiteratorflattenable,7.4.5,"GetIteratorFlattenable ( obj, primitiveHandling )",3,abstract operation,,,,,,
sec-iteratornext,7.4.6,"IteratorNext ( iteratorRecord [ , value ] )",3,abstract operation,,,,,,
sec-iteratorcomplete,7.4.7,IteratorComplete ( iteratorResult ),3,abstract operation,,,,,,
sec-iteratorvalue,7.4.8,IteratorValue ( iteratorResult ),3,abstract operation,,,,,,
sec-iteratorstep,7.4.9,IteratorStep ( iteratorRecord ),3,abstract operation,,,,,,
sec-iteratorstepvalue,7.4.10,IteratorStepValue ( iteratorRecord ),3,abstract operation,,,,,,
sec-iteratorclose,7.4.11,"IteratorClose ( iteratorRecord, completion )",3,abstract operation,,,,,,
sec-iteratorcloseall,7.4.12,"IteratorCloseAll ( iters, completion )",3,abstract operation,,,,,,
sec-ifabruptcloseiterator,7.4.13,"IfAbruptCloseIterator ( value, iteratorRecord )",3,,,,,,,
sec-asynciteratorclose,7.4.14,"AsyncIteratorClose ( iteratorRecord, completion )",3,abstract operation,,,,,,
sec-ifabruptcloseasynciterator,7.4.15,"IfAbruptCloseAsyncIterator ( value, iteratorRecord )",3,,,,,,,
sec-createiterresultobject,7.4.16,"CreateIteratorResultObject ( value, done )",3,abstract operation,,,,,,
sec-createlistiteratorRecord,7.4.17,CreateListIteratorRecord ( list ),3,abstract operation,,,,,,
sec-iteratortolist,7.4.18,IteratorToList ( iteratorRecord ),3,abstract operation,,,,,,
sec-syntax-directed-operations,8,Syntax-Directed Operations,1,,,,,,,
sec-evaluation,8.1,Runtime Semantics: Evaluation,2,sdo,,,,,,
sec-syntax-directed-operations-scope-analysis,8.2,Scope Analysis,2,,,,,,,
sec-static-semantics-boundnames,8.2.1,Static Semantics: BoundNames,3,sdo,,,,,,
sec-static-semantics-declarationpart,8.2.2,Static Semantics: DeclarationPart,3,sdo,,,,,,
sec-static-semantics-isconstantdeclaration,8.2.3,Static Semantics: IsConstantDeclaration,3,sdo,,,,,,
sec-static-semantics-lexicallydeclarednames,8.2.4,Static Semantics: LexicallyDeclaredNames,3,sdo,,,,,,
sec-static-semantics-lexicallyscopeddeclarations,8.2.5,Static Semantics: LexicallyScopedDeclarations,3,sdo,,,,,,
sec-static-semantics-vardeclarednames,8.2.6,Static Semantics: VarDeclaredNames,3,sdo,,,,,,
sec-static-semantics-varscopeddeclarations,8.2.7,Static Semantics: VarScopedDeclarations,3,sdo,,,,,,
sec-static-semantics-toplevellexicallydeclarednames,8.2.8,Static Semantics: TopLevelLexicallyDeclaredNames,3,sdo,,,,,,
sec-static-semantics-toplevellexicallyscopeddeclarations,8.2.9,Static Semantics: TopLevelLexicallyScopedDeclarations,3,sdo,,,,,,
sec-static-semantics-toplevelvardeclarednames,8.2.10,Static Semantics: TopLevelVarDeclaredNames,3,sdo,,,,,,
sec-static-semantics-toplevelvarscopeddeclarations,8.2.11,Static Semantics: TopLevelVarScopedDeclarations,3,sdo,,,,,,
sec-syntax-directed-operations-labels,8.3,Labels,2,,,,,,,
sec-static-semantics-containsduplicatelabels,8.3.1,Static Semantics: ContainsDuplicateLabels,3,sdo,,,,,,
sec-static-semantics-containsundefinedbreaktarget,8.3.2,Static Semantics: ContainsUndefinedBreakTarget,3,sdo,,,,,,
sec-static-semantics-containsundefinedcontinuetarget,8.3.3,Static Semantics: ContainsUndefinedContinueTarget,3,sdo,,,,,,
sec-syntax-directed-operations-function-name-inference,8.4,Function Name Inference,2,,,,,,,
sec-static-semantics-hasname,8.4.1,Static Semantics: HasName,3,sdo,,,,,,
sec-static-semantics-isfunctiondefinition,8.4.2,Static Semantics: IsFunctionDefinition,3,sdo,,,,,,
sec-isanonymousfunctiondefinition,8.4.3,Static Semantics: IsAnonymousFunctionDefinition ( expr ),3,abstract operation,,,,,,
sec-static-semantics-isidentifierref,8.4.4,Static Semantics: IsIdentifierRef,3,sdo,,,,,,
sec-runtime-semantics-namedevaluation,8.4.5,Runtime Semantics: NamedEvaluation,3,sdo,,,,,,
sec-syntax-directed-operations-contains,8.5,Contains,2,,,,,,,
sec-static-semantics-contains,8.5.1,Static Semantics: Contains,3,sdo,,,,,,
sec-static-semantics-computedpropertycontains,8.5.2,Static Semantics: ComputedPropertyContains,3,sdo,,,,,,
sec-syntax-directed-operations-miscellaneous,8.6,Miscellaneous,2,,,,,,,
sec-runtime-semantics-instantiatefunctionobject,8.6.1,Runtime Semantics: InstantiateFunctionObject,3,sdo,,,,,,
sec-runtime-semantics-bindinginitialization,8.6.2,Runtime Semantics: BindingInitialization,3,sdo,,,,,,
sec-initializeboundname,8.6.2.1,"InitializeBoundName ( name, value, environment )",4,abstract operation,,,,,,
sec-runtime-semantics-iteratorbindinginitialization,8.6.3,Runtime Semantics: IteratorBindingInitialization,3,sdo,,,,,,
sec-static-semantics-assignmenttargettype,8.6.4,Static Semantics: AssignmentTargetType,3,sdo,,,,,,
sec-static-semantics-propname,8.6.5,Static Semantics: PropName,3,sdo,,,,,,
sec-executable-code-and-execution-contexts,9,Executable Code and Execution Contexts,1,,,,,,,
sec-environment-records,9.1,Environment Records,2,,,,,,,
sec-the-environment-record-type-hierarchy,9.1.1,The Environment Record Type Hierarchy,3,,,,,,,
sec-declarative-environment-records,9.1.1.1,Declarative Environment Records,4,,,,,,,
sec-declarative-environment-records-hasbinding-n,9.1.1.1.1,HasBinding ( N ),5,concrete method,,,,,,
sec-declarative-environment-records-createmutablebinding-n-d,9.1.1.1.2,"CreateMutableBinding ( N, D )",5,concrete method,,,,,,
sec-declarative-environment-records-createimmutablebinding-n-s,9.1.1.1.3,"CreateImmutableBinding ( N, S )",5,concrete method,,,,,,
sec-declarative-environment-records-initializebinding-n-v,9.1.1.1.4,"InitializeBinding ( N, V )",5,concrete method,,,,,,
sec-declarative-environment-records-setmutablebinding-n-v-s,9.1.1.1.5,"SetMutableBinding ( N, V, S )",5,concrete method,,,,,,
sec-declarative-environment-records-getbindingvalue-n-s,9.1.1.1.6,"GetBindingValue ( N, S )",5,concrete method,,,,,,
sec-declarative-environment-records-deletebinding-n,9.1.1.1.7,DeleteBinding ( N ),5,concrete method,,,,,,
sec-declarative-environment-records-hasthisbinding,9.1.1.1.8,HasThisBinding ( ),5,concrete method,,,,,,
sec-declarative-environment-records-getthisbinding,9.1.1.1.9,GetThisBinding ( ),5,,,,,,,
sec-declarative-environment-records-hassuperbinding,9.1.1.1.10,HasSuperBinding ( ),5,concrete method,,,,,,
sec-declarative-environment-records-withbaseobject,9.1.1.1.11,WithBaseObject ( ),5,concrete method,,,,,,
sec-object-environment-records,9.1.1.2,Object Environment Records,4,,,,,,,
sec-object-environment-records-hasbinding-n,9.1.1.2.1,HasBinding ( N ),5,concrete method,,,,,,
sec-object-environment-records-createmutablebinding-n-d,9.1.1.2.2,"CreateMutableBinding ( N, D )",5,concrete method,,,,,,
sec-object-environment-records-createimmutablebinding-n-s,9.1.1.2.3,"CreateImmutableBinding ( N, S )",5,,,,,,,
sec-object-environment-records-initializebinding-n-v,9.1.1.2.4,"InitializeBinding ( N, V )",5,concrete method,,,,,,
sec-object-environment-records-setmutablebinding-n-v-s,9.1.1.2.5,"SetMutableBinding ( N, V, S )",5,concrete method,,,,,,
sec-object-environment-records-getbindingvalue-n-s,9.1.1.2.6,"GetBindingValue ( N, S )",5,concrete method,,,,,,
sec-object-environment-records-deletebinding-n,9.1.1.2.7,DeleteBinding ( N ),5,concrete method,,,,,,
sec-object-environment-records-hasthisbinding,9.1.1.2.8,HasThisBinding ( ),5,concrete method,,,,,,
sec-object-environment-records-getthisbinding,9.1.1.2.9,GetThisBinding ( ),5,,,,,,,
sec-object-environment-records-hassuperbinding,9.1.1.2.10,HasSuperBinding ( ),5,concrete method,,,,,,
sec-object-environment-records-withbaseobject,9.1.1.2.11,WithBaseObject ( ),5,concrete method,,,,,,
sec-function-environment-records,9.1.1.3,Function Environment Records,4,,,,,,,
sec-bindthisvalue,9.1.1.3.1,"BindThisValue ( envRec, V )",5,abstract operation,,,,,,
sec-function-environment-records-hasthisbinding,9.1.1.3.2,HasThisBinding ( ),5,concrete method,,,,,,
sec-function-environment-records-getthisbinding,9.1.1.3.3,GetThisBinding ( ),5,concrete method,,,,,,
sec-function-environment-records-hassuperbinding,9.1.1.3.4,HasSuperBinding ( ),5,concrete method,,,,,,
sec-getsuperbase,9.1.1.3.5,GetSuperBase ( envRec ),5,abstract operation,,,,,,
sec-global-environment-records,9.1.1.4,Global Environment Records,4,,,,,,,
sec-global-environment-records-hasbinding-n,9.1.1.4.1,HasBinding ( N ),5,concrete method,,,,,,
sec-global-environment-records-createmutablebinding-n-d,9.1.1.4.2,"CreateMutableBinding ( N, D )",5,concrete method,,,,,,
sec-global-environment-records-createimmutablebinding-n-s,9.1.1.4.3,"CreateImmutableBinding ( N, S )",5,concrete method,,,,,,
sec-global-environment-records-initializebinding-n-v,9.1.1.4.4,"InitializeBinding ( N, V )",5,concrete method,,,,,,
sec-global-environment-records-setmutablebinding-n-v-s,9.1.1.4.5,"SetMutableBinding ( N, V, S )",5,concrete method,,,,,,
sec-global-environment-records-getbindingvalue-n-s,9.1.1.4.6,"GetBindingValue ( N, S )",5,concrete method,,,,,,
sec-global-environment-records-deletebinding-n,9.1.1.4.7,DeleteBinding ( N ),5,concrete method,,,,,,
sec-global-environment-records-hasthisbinding,9.1.1.4.8,HasThisBinding ( ),5,concrete method,,,,,,
sec-global-environment-records-getthisbinding,9.1.1.4.9,GetThisBinding ( ),5,concrete method,,,,,,
sec-global-environment-records-hassuperbinding,9.1.1.4.10,HasSuperBinding ( ),5,concrete method,,,,,,
sec-global-environment-records-withbaseobject,9.1.1.4.11,WithBaseObject ( ),5,concrete method,,,,,,
sec-haslexicaldeclaration,9.1.1.4.12,"HasLexicalDeclaration ( envRec, N )",5,abstract operation,,,,,,
sec-hasrestrictedglobalproperty,9.1.1.4.13,"HasRestrictedGlobalProperty ( envRec, N )",5,abstract operation,,,,,,
sec-candeclareglobalvar,9.1.1.4.14,"CanDeclareGlobalVar ( envRec, N )",5,abstract operation,,,,,,
sec-candeclareglobalfunction,9.1.1.4.15,"CanDeclareGlobalFunction ( envRec, N )",5,abstract operation,,,,,,
sec-createglobalvarbinding,9.1.1.4.16,"CreateGlobalVarBinding ( envRec, N, D )",5,abstract operation,,,,,,
sec-createglobalfunctionbinding,9.1.1.4.17,"CreateGlobalFunctionBinding ( envRec, N, V, D )",5,abstract operation,,,,,,
sec-module-environment-records,9.1.1.5,Module Environment Records,4,,,,,,,
sec-module-environment-records-getbindingvalue-n-s,9.1.1.5.1,"GetBindingValue ( N, S )",5,concrete method,,,,,,
sec-module-environment-records-deletebinding-n,9.1.1.5.2,DeleteBinding ( N ),5,,,,,,,
sec-module-environment-records-hasthisbinding,9.1.1.5.3,HasThisBinding ( ),5,concrete method,,,,,,
sec-module-environment-records-getthisbinding,9.1.1.5.4,GetThisBinding ( ),5,concrete method,,,,,,
sec-createimportbinding,9.1.1.5.5,"CreateImportBinding ( envRec, N, M, N2 )",5,abstract operation,,,,,,
sec-environment-record-operations,9.1.2,Environment Record Operations,3,,,,,,,
sec-getidentifierreference,9.1.2.1,"GetIdentifierReference ( env, name, strict )",4,abstract operation,,,,,,
sec-newdeclarativeenvironment,9.1.2.2,NewDeclarativeEnvironment ( E ),4,abstract operation,,,,,,
sec-newobjectenvironment,9.1.2.3,"NewObjectEnvironment ( O, W, E )",4,abstract operation,,,,,,
sec-newfunctionenvironment,9.1.2.4,"NewFunctionEnvironment ( F, newTarget )",4,abstract operation,,,,,,
sec-newglobalenvironment,9.1.2.5,"NewGlobalEnvironment ( G, thisValue )",4,abstract operation,,,,,,
sec-newmoduleenvironment,9.1.2.6,NewModuleEnvironment ( E ),4,abstract operation,,,,,,
sec-privateenvironment-records,9.2,PrivateEnvironment Records,2,,,,,,,
sec-privateenvironment-record-operations,9.2.1,PrivateEnvironment Record Operations,3,,,,,,,
sec-newprivateenvironment,9.2.1.1,NewPrivateEnvironment ( outerPrivateEnv ),4,abstract operation,,,,,,
sec-resolve-private-identifier,9.2.1.2,"ResolvePrivateIdentifier ( privateEnv, identifier )",4,abstract operation,,,,,,
sec-code-realms,9.3,Realms,2,,,,,,,
sec-initializehostdefinedrealm,9.3.1,InitializeHostDefinedRealm ( ),3,abstract operation,,,,,,
sec-createintrinsics,9.3.2,CreateIntrinsics ( realmRec ),3,abstract operation,,,,,,
sec-setdefaultglobalbindings,9.3.3,SetDefaultGlobalBindings ( realmRec ),3,abstract operation,,,,,,
sec-execution-contexts,9.4,Execution Contexts,2,,,,,,,
sec-getactivescriptormodule,9.4.1,GetActiveScriptOrModule ( ),3,abstract operation,,,,,,
sec-resolvebinding,9.4.2,"ResolveBinding ( name [ , env ] )",3,abstract operation,,,,,,
sec-getthisenvironment,9.4.3,GetThisEnvironment ( ),3,abstract operation,,,,,,
sec-resolvethisbinding,9.4.4,ResolveThisBinding ( ),3,abstract operation,,,,,,
sec-getnewtarget,9.4.5,GetNewTarget ( ),3,abstract operation,,,,,,
sec-getglobalobject,9.4.6,GetGlobalObject ( ),3,abstract operation,,,,,,
sec-jobs,9.5,Jobs and Host Operations to Enqueue Jobs,2,,,,,,,
sec-jobcallback-records,9.5.1,JobCallback Records,3,,,,,,,
sec-hostmakejobcallback,9.5.2,HostMakeJobCallback ( callback ),3,host-defined abstract operation,,,,,,
sec-hostcalljobcallback,9.5.3,"HostCallJobCallback ( jobCallback, V, argumentsList )",3,host-defined abstract operation,,,,,,
sec-hostenqueuegenericjob,9.5.4,"HostEnqueueGenericJob ( job, realm )",3,host-defined abstract operation,,,,,,
sec-hostenqueuepromisejob,9.5.5,"HostEnqueuePromiseJob ( job, realm )",3,host-defined abstract operation,,,,,,
sec-hostenqueuetimeoutjob,9.5.6,"HostEnqueueTimeoutJob ( timeoutJob, realm, milliseconds )",3,host-defined abstract operation,,,,,,
sec-agents,9.6,Agents,2,,,,,,,
sec-agentsignifier,9.6.1,AgentSignifier ( ),3,abstract operation,,,,,,
sec-agentcansuspend,9.6.2,AgentCanSuspend ( ),3,abstract operation,,,,,,
sec-IncrementModuleAsyncEvaluationCount,9.6.3,IncrementModuleAsyncEvaluationCount ( ),3,abstract operation,,,,,,
sec-agent-clusters,9.7,Agent Clusters,2,,,,,,,
sec-forward-progress,9.8,Forward Progress,2,,,,,,,
sec-weakref-processing-model,9.9,Processing Model of WeakRef and FinalizationRegistry Targets,2,,,,,,,
sec-weakref-invariants,9.9.1,Objectives,3,,,,,,,
sec-liveness,9.9.2,Liveness,3,,,,,,,
sec-weakref-execution,9.9.3,Execution,3,,,,,,,
sec-weakref-host-hooks,9.9.4,Host Hooks,3,,,,,,,
sec-host-cleanup-finalization-registry,9.9.4.1,HostEnqueueFinalizationRegistryCleanupJob ( finalizationRegistry ),4,host-defined abstract operation,,,,,,
sec-clear-kept-objects,9.10,ClearKeptObjects ( ),2,abstract operation,,,,,,
sec-addtokeptobjects,9.11,AddToKeptObjects ( value ),2,abstract operation,,,,,,
sec-cleanup-finalization-registry,9.12,CleanupFinalizationRegistry ( finalizationRegistry ),2,abstract operation,,,,,,
sec-canbeheldweakly,9.13,CanBeHeldWeakly ( v ),2,abstract operation,,,,,,
sec-ordinary-and-exotic-objects-behaviours,10,Ordinary and Exotic Objects Behaviours,1,,,,,,,
sec-ordinary-object-internal-methods-and-internal-slots,10.1,Ordinary Object Internal Methods and Internal Slots,2,,,,,,,
sec-ordinary-object-internal-methods-and-internal-slots-getprototypeof,10.1.1,[[GetPrototypeOf]] ( ),3,internal method,,,,,,
sec-ordinarygetprototypeof,10.1.1.1,OrdinaryGetPrototypeOf ( O ),4,abstract operation,,,,,,
sec-ordinary-object-internal-methods-and-internal-slots-setprototypeof-v,10.1.2,[[SetPrototypeOf]] ( V ),3,internal method,,,,,,
sec-ordinarysetprototypeof,10.1.2.1,"OrdinarySetPrototypeOf ( O, V )",4,abstract operation,,,,,,
sec-ordinary-object-internal-methods-and-internal-slots-isextensible,10.1.3,[[IsExtensible]] ( ),3,internal method,,,,,,
sec-ordinaryisextensible,10.1.3.1,OrdinaryIsExtensible ( O ),4,abstract operation,,,,,,
sec-ordinary-object-internal-methods-and-internal-slots-preventextensions,10.1.4,[[PreventExtensions]] ( ),3,internal method,,,,,,
sec-ordinarypreventextensions,10.1.4.1,OrdinaryPreventExtensions ( O ),4,abstract operation,,,,,,
sec-ordinary-object-internal-methods-and-internal-slots-getownproperty-p,10.1.5,[[GetOwnProperty]] ( P ),3,internal method,,,,,,
sec-ordinarygetownproperty,10.1.5.1,"OrdinaryGetOwnProperty ( O, P )",4,abstract operation,,,,,,
sec-ordinary-object-internal-methods-and-internal-slots-defineownproperty-p-desc,10.1.6,"[[DefineOwnProperty]] ( P, Desc )",3,internal method,,,,,,
sec-ordinarydefineownproperty,10.1.6.1,"OrdinaryDefineOwnProperty ( O, P, Desc )",4,abstract operation,,,,,,
sec-iscompatiblepropertydescriptor,10.1.6.2,"IsCompatiblePropertyDescriptor ( Extensible, Desc, Current )",4,abstract operation,,,,,,
sec-validateandapplypropertydescriptor,10.1.6.3,"ValidateAndApplyPropertyDescriptor ( O, P, extensible, Desc, current )",4,abstract operation,,,,,,
sec-ordinary-object-internal-methods-and-internal-slots-hasproperty-p,10.1.7,[[HasProperty]] ( P ),3,internal method,,,,,,
sec-ordinaryhasproperty,10.1.7.1,"OrdinaryHasProperty ( O, P )",4,abstract operation,,,,,,
sec-ordinary-object-internal-methods-and-internal-slots-get-p-receiver,10.1.8,"[[Get]] ( P, Receiver )",3,internal method,,,,,,
sec-ordinaryget,10.1.8.1,"OrdinaryGet ( O, P, Receiver )",4,abstract operation,,,,,,
sec-ordinary-object-internal-methods-and-internal-slots-set-p-v-receiver,10.1.9,"[[Set]] ( P, V, Receiver )",3,internal method,,,,,,
sec-ordinaryset,10.1.9.1,"OrdinarySet ( O, P, V, Receiver )",4,abstract operation,,,,,,
sec-ordinarysetwithowndescriptor,10.1.9.2,"OrdinarySetWithOwnDescriptor ( O, P, V, Receiver, ownDesc )",4,abstract operation,,,,,,
sec-ordinary-object-internal-methods-and-internal-slots-delete-p,10.1.10,[[Delete]] ( P ),3,internal method,,,,,,
sec-ordinarydelete,10.1.10.1,"OrdinaryDelete ( O, P )",4,abstract operation,,,,,,
sec-ordinary-object-internal-methods-and-internal-slots-ownpropertykeys,10.1.11,[[OwnPropertyKeys]] ( ),3,internal method,,,,,,
sec-ordinaryownpropertykeys,10.1.11.1,OrdinaryOwnPropertyKeys ( O ),4,abstract operation,,,,,,
sec-ordinaryobjectcreate,10.1.12,"OrdinaryObjectCreate ( proto [ , additionalInternalSlotsList ] )",3,abstract operation,,,,,,
sec-ordinarycreatefromconstructor,10.1.13,"OrdinaryCreateFromConstructor ( constructor, intrinsicDefaultProto [ , internalSlotsList ] )",3,abstract operation,,,,,,
sec-getprototypefromconstructor,10.1.14,"GetPrototypeFromConstructor ( constructor, intrinsicDefaultProto )",3,abstract operation,,,,,,
sec-requireinternalslot,10.1.15,"RequireInternalSlot ( O, internalSlot )",3,abstract operation,,,,,,
sec-ecmascript-function-objects,10.2,ECMAScript Function Objects,2,,,,,,,
sec-ecmascript-function-objects-call-thisargument-argumentslist,10.2.1,"[[Call]] ( thisArgument, argumentsList )",3,internal method,,,,,,
sec-prepareforordinarycall,10.2.1.1,"PrepareForOrdinaryCall ( F, newTarget )",4,abstract operation,,,,,,
sec-ordinarycallbindthis,10.2.1.2,"OrdinaryCallBindThis ( F, calleeContext, thisArgument )",4,abstract operation,,,,,,
sec-runtime-semantics-evaluatebody,10.2.1.3,Runtime Semantics: EvaluateBody,4,sdo,,,,,,
sec-ordinarycallevaluatebody,10.2.1.4,"OrdinaryCallEvaluateBody ( F, argumentsList )",4,abstract operation,,,,,,
sec-ecmascript-function-objects-construct-argumentslist-newtarget,10.2.2,"[[Construct]] ( argumentsList, newTarget )",3,internal method,,,,,,
sec-ordinaryfunctioncreate,10.2.3,"OrdinaryFunctionCreate ( functionPrototype, sourceText, ParameterList, Body, thisMode, env, privateEnv )",3,abstract operation,,,,,,
sec-addrestrictedfunctionproperties,10.2.4,"AddRestrictedFunctionProperties ( F, realm )",3,abstract operation,,,,,,
sec-%throwtypeerror%,10.2.4.1,%ThrowTypeError% ( ),4,built-in function,,,,,,
sec-makeconstructor,10.2.5,"MakeConstructor ( F [ , writablePrototype [ , prototype ] ] )",3,abstract operation,,,,,,
sec-makeclassconstructor,10.2.6,MakeClassConstructor ( F ),3,abstract operation,,,,,,
sec-makemethod,10.2.7,"MakeMethod ( F, homeObject )",3,abstract operation,,,,,,
sec-definemethodproperty,10.2.8,"DefineMethodProperty ( homeObject, key, closure, enumerable )",3,abstract operation,,,,,,
sec-setfunctionname,10.2.9,"SetFunctionName ( F, name [ , prefix ] )",3,abstract operation,,,,,,
sec-setfunctionlength,10.2.10,"SetFunctionLength ( F, length )",3,abstract operation,,,,,,
sec-functiondeclarationinstantiation,10.2.11,"FunctionDeclarationInstantiation ( func, argumentsList )",3,abstract operation,,,,,,
sec-built-in-function-objects,10.3,Built-in Function Objects,2,,,,,,,
sec-built-in-function-objects-call-thisargument-argumentslist,10.3.1,"[[Call]] ( thisArgument, argumentsList )",3,internal method,,,,,,
sec-built-in-function-objects-construct-argumentslist-newtarget,10.3.2,"[[Construct]] ( argumentsList, newTarget )",3,internal method,,,,,,
sec-builtincallorconstruct,10.3.3,"BuiltinCallOrConstruct ( F, thisArgument, argumentsList, newTarget )",3,abstract operation,,,,,,
sec-createbuiltinfunction,10.3.4,"CreateBuiltinFunction ( behaviour, length, name, additionalInternalSlotsList [ , realm [ , prototype [ , prefix [ , async ] ] ] ] )",3,abstract operation,,,,,,
sec-built-in-exotic-object-internal-methods-and-slots,10.4,Built-in Exotic Object Internal Methods and Slots,2,,,,,,,
sec-bound-function-exotic-objects,10.4.1,Bound Function Exotic Objects,3,,,,,,,
sec-bound-function-exotic-objects-call-thisargument-argumentslist,10.4.1.1,"[[Call]] ( thisArgument, argumentsList )",4,internal method,,,,,,
sec-bound-function-exotic-objects-construct-argumentslist-newtarget,10.4.1.2,"[[Construct]] ( argumentsList, newTarget )",4,internal method,,,,,,
sec-boundfunctioncreate,10.4.1.3,"BoundFunctionCreate ( targetFunction, boundThis, boundArgs )",4,abstract operation,,,,,,
sec-array-exotic-objects,10.4.2,Array Exotic Objects,3,,,,,,,
sec-array-exotic-objects-defineownproperty-p-desc,10.4.2.1,"[[DefineOwnProperty]] ( P, Desc )",4,internal method,,,,,,
sec-arraycreate,10.4.2.2,"ArrayCreate ( length [ , proto ] )",4,abstract operation,,,,,,
sec-arrayspeciescreate,10.4.2.3,"ArraySpeciesCreate ( originalArray, length )",4,abstract operation,,,,,,
sec-arraysetlength,10.4.2.4,"ArraySetLength ( A, Desc )",4,abstract operation,,,,,,
sec-string-exotic-objects,10.4.3,String Exotic Objects,3,,,,,,,
sec-string-exotic-objects-getownproperty-p,10.4.3.1,[[GetOwnProperty]] ( P ),4,internal method,,,,,,
sec-string-exotic-objects-defineownproperty-p-desc,10.4.3.2,"[[DefineOwnProperty]] ( P, Desc )",4,internal method,,,,,,
sec-string-exotic-objects-ownpropertykeys,10.4.3.3,[[OwnPropertyKeys]] ( ),4,internal method,,,,,,
sec-stringcreate,10.4.3.4,"StringCreate ( value, prototype )",4,abstract operation,,,,,,
sec-stringgetownproperty,10.4.3.5,"StringGetOwnProperty ( S, P )",4,abstract operation,,,,,,
sec-arguments-exotic-objects,10.4.4,Arguments Exotic Objects,3,,,,,,,
sec-arguments-exotic-objects-getownproperty-p,10.4.4.1,[[GetOwnProperty]] ( P ),4,internal method,,,,,,
sec-arguments-exotic-objects-defineownproperty-p-desc,10.4.4.2,"[[DefineOwnProperty]] ( P, Desc )",4,internal method,,,,,,
sec-arguments-exotic-objects-get-p-receiver,10.4.4.3,"[[Get]] ( P, Receiver )",4,internal method,,,,,,
sec-arguments-exotic-objects-set-p-v-receiver,10.4.4.4,"[[Set]] ( P, V, Receiver )",4,internal method,,,,,,
sec-arguments-exotic-objects-delete-p,10.4.4.5,[[Delete]] ( P ),4,internal method,,,,,,
sec-createunmappedargumentsobject,10.4.4.6,CreateUnmappedArgumentsObject ( argumentsList ),4,abstract operation,,,,,,
sec-createmappedargumentsobject,10.4.4.7,"CreateMappedArgumentsObject ( func, formals, argumentsList, env )",4,abstract operation,,,,,,
sec-makearggetter,10.4.4.7.1,"MakeArgGetter ( name, env )",5,abstract operation,,,,,,
sec-makeargsetter,10.4.4.7.2,"MakeArgSetter ( name, env )",5,abstract operation,,,,,,
sec-typedarray-exotic-objects,10.4.5,TypedArray Exotic Objects,3,,,,,,,
sec-typedarray-preventextensions,10.4.5.1,[[PreventExtensions]] ( ),4,internal method,,,,,,
sec-typedarray-getownproperty,10.4.5.2,[[GetOwnProperty]] ( P ),4,internal method,,,,,,
sec-typedarray-hasproperty,10.4.5.3,[[HasProperty]] ( P ),4,internal method,,,,,,
sec-typedarray-defineownproperty,10.4.5.4,"[[DefineOwnProperty]] ( P, Desc )",4,internal method,,,,,,
sec-typedarray-get,10.4.5.5,"[[Get]] ( P, Receiver )",4,internal method,,,,,,
sec-typedarray-set,10.4.5.6,"[[Set]] ( P, V, Receiver )",4,internal method,,,,,,
sec-typedarray-delete,10.4.5.7,[[Delete]] ( P ),4,internal method,,,,,,
sec-typedarray-ownpropertykeys,10.4.5.8,[[OwnPropertyKeys]] ( ),4,internal method,,,,,,
sec-typedarray-with-buffer-witness-records,10.4.5.9,TypedArray With Buffer Witness Records,4,,,,,,,
sec-maketypedarraywithbufferwitnessrecord,10.4.5.10,"MakeTypedArrayWithBufferWitnessRecord ( obj, order )",4,abstract operation,,,,,,
sec-typedarraycreate,10.4.5.11,TypedArrayCreate ( prototype ),4,abstract operation,,,,,,
sec-typedarraybytelength,10.4.5.12,TypedArrayByteLength ( taRecord ),4,abstract operation,,,,,,
sec-typedarraylength,10.4.5.13,TypedArrayLength ( taRecord ),4,abstract operation,,,,,,
sec-istypedarrayoutofbounds,10.4.5.14,IsTypedArrayOutOfBounds ( taRecord ),4,abstract operation,,,,,,
sec-istypedarrayfixedlength,10.4.5.15,IsTypedArrayFixedLength ( O ),4,abstract operation,,,,,,
sec-isvalidintegerindex,10.4.5.16,"IsValidIntegerIndex ( O, index )",4,abstract operation,,,,,,
sec-typedarraygetelement,10.4.5.17,"TypedArrayGetElement ( O, index )",4,abstract operation,,,,,,
sec-typedarraysetelement,10.4.5.18,"TypedArraySetElement ( O, index, value )",4,abstract operation,,,,,,
sec-isarraybufferviewoutofbounds,10.4.5.19,IsArrayBufferViewOutOfBounds ( O ),4,abstract operation,,,,,,
sec-module-namespace-exotic-objects,10.4.6,Module Namespace Exotic Objects,3,,,,,,,
sec-module-namespace-exotic-objects-getprototypeof,10.4.6.1,[[GetPrototypeOf]] ( ),4,internal method,,,,,,
sec-module-namespace-exotic-objects-setprototypeof-v,10.4.6.2,[[SetPrototypeOf]] ( V ),4,internal method,,,,,,
sec-module-namespace-exotic-objects-isextensible,10.4.6.3,[[IsExtensible]] ( ),4,internal method,,,,,,
sec-module-namespace-exotic-objects-preventextensions,10.4.6.4,[[PreventExtensions]] ( ),4,internal method,,,,,,
sec-module-namespace-exotic-objects-getownproperty-p,10.4.6.5,[[GetOwnProperty]] ( P ),4,internal method,,,,,,
sec-module-namespace-exotic-objects-defineownproperty-p-desc,10.4.6.6,"[[DefineOwnProperty]] ( P, Desc )",4,internal method,,,,,,
sec-module-namespace-exotic-objects-hasproperty-p,10.4.6.7,[[HasProperty]] ( P ),4,internal method,,,,,,
sec-module-namespace-exotic-objects-get-p-receiver,10.4.6.8,"[[Get]] ( P, Receiver )",4,internal method,,,,,,
sec-module-namespace-exotic-objects-set-p-v-receiver,10.4.6.9,"[[Set]] ( P, V, Receiver )",4,internal method,,,,,,
sec-module-namespace-exotic-objects-delete-p,10.4.6.10,[[Delete]] ( P ),4,internal method,,,,,,
sec-module-namespace-exotic-objects-ownpropertykeys,10.4.6.11,[[OwnPropertyKeys]] ( ),4,internal method,,,,,,
sec-modulenamespacecreate,10.4.6.12,"ModuleNamespaceCreate ( module, exports )",4,abstract operation,,,,,,
sec-immutable-prototype-exotic-objects,10.4.7,Immutable Prototype Exotic Objects,3,,,,,,,
sec-immutable-prototype-exotic-objects-setprototypeof-v,10.4.7.1,[[SetPrototypeOf]] ( V ),4,internal method,,,,,,
sec-set-immutable-prototype,10.4.7.2,"SetImmutablePrototype ( O, V )",4,abstract operation,,,,,,
sec-proxy-object-internal-methods-and-internal-slots,10.5,Proxy Object Internal Methods and Internal Slots,2,,,,,,,
sec-proxy-object-internal-methods-and-internal-slots-getprototypeof,10.5.1,[[GetPrototypeOf]] ( ),3,internal method,,,,,,
sec-proxy-object-internal-methods-and-internal-slots-setprototypeof-v,10.5.2,[[SetPrototypeOf]] ( V ),3,internal method,,,,,,
sec-proxy-object-internal-methods-and-internal-slots-isextensible,10.5.3,[[IsExtensible]] ( ),3,internal method,,,,,,
sec-proxy-object-internal-methods-and-internal-slots-preventextensions,10.5.4,[[PreventExtensions]] ( ),3,internal method,,,,,,
sec-proxy-object-internal-methods-and-internal-slots-getownproperty-p,10.5.5,[[GetOwnProperty]] ( P ),3,internal method,,,,,,
sec-proxy-object-internal-methods-and-internal-slots-defineownproperty-p-desc,10.5.6,"[[DefineOwnProperty]] ( P, Desc )",3,internal method,,,,,,
sec-proxy-object-internal-methods-and-internal-slots-hasproperty-p,10.5.7,[[HasProperty]] ( P ),3,internal method,,,,,,
sec-proxy-object-internal-methods-and-internal-slots-get-p-receiver,10.5.8,"[[Get]] ( P, Receiver )",3,internal method,,,,,,
sec-proxy-object-internal-methods-and-internal-slots-set-p-v-receiver,10.5.9,"[[Set]] ( P, V, Receiver )",3,internal method,,,,,,
sec-proxy-object-internal-methods-and-internal-slots-delete-p,10.5.10,[[Delete]] ( P ),3,internal method,,,,,,
sec-proxy-object-internal-methods-and-internal-slots-ownpropertykeys,10.5.11,[[OwnPropertyKeys]] ( ),3,internal method,,,,,,
sec-proxy-object-internal-methods-and-internal-slots-call-thisargument-argumentslist,10.5.12,"[[Call]] ( thisArgument, argumentsList )",3,internal method,,,,,,
sec-proxy-object-internal-methods-and-internal-slots-construct-argumentslist-newtarget,10.5.13,"[[Construct]] ( argumentsList, newTarget )",3,internal method,,,,,,
sec-validatenonrevokedproxy,10.5.14,ValidateNonRevokedProxy ( proxy ),3,abstract operation,,,,,,
sec-proxycreate,10.5.15,"ProxyCreate ( target, handler )",3,abstract operation,,,,,,
sec-ecmascript-language-source-code,11,ECMAScript Language: Source Text,1,,,,,,,
sec-source-text,11.1,Source Text,2,,,,,,,
sec-utf16encodecodepoint,11.1.1,Static Semantics: UTF16EncodeCodePoint ( cp ),3,abstract operation,,,,,,
sec-codepointstostring,11.1.2,Static Semantics: CodePointsToString ( text ),3,abstract operation,,,,,,
sec-utf16decodesurrogatepair,11.1.3,"Static Semantics: UTF16SurrogatePairToCodePoint ( lead, trail )",3,abstract operation,,,,,,
sec-codepointat,11.1.4,"Static Semantics: CodePointAt ( string, position )",3,abstract operation,,,,,,
sec-stringtocodepoints,11.1.5,Static Semantics: StringToCodePoints ( string ),3,abstract operation,,,,,,
sec-parsetext,11.1.6,"Static Semantics: ParseText ( sourceText, goalSymbol )",3,abstract operation,,,,,,
sec-types-of-source-code,11.2,Types of Source Code,2,,,,,,,
sec-directive-prologues-and-the-use-strict-directive,11.2.1,Directive Prologues and the Use Strict Directive,3,,,,,,,
sec-strict-mode-code,11.2.2,Strict Mode Code,3,,,,,,,
sec-isstrict,11.2.2.1,Static Semantics: IsStrict ( node ),4,abstract operation,,,,,,
sec-non-ecmascript-functions,11.2.3,Non-ECMAScript Functions,3,,,,,,,
sec-ecmascript-language-lexical-grammar,12,ECMAScript Language: Lexical Grammar,1,,,,,,,
sec-unicode-format-control-characters,12.1,Unicode Format-Control Characters,2,,,,,,,
sec-white-space,12.2,White Space,2,,,,,,,
sec-line-terminators,12.3,Line Terminators,2,,,,,,,
sec-comments,12.4,Comments,2,,,,,,,
sec-hashbang,12.5,Hashbang Comments,2,,,,,,,
sec-tokens,12.6,Tokens,2,,,,,,,
sec-names-and-keywords,12.7,Names and Keywords,2,,,,,,,
sec-identifier-names,12.7.1,Identifier Names,3,,,,,,,
sec-identifier-names-static-semantics-early-errors,12.7.1.1,Static Semantics: Early Errors,4,,,,,,,
sec-identifiercodepoints,12.7.1.2,Static Semantics: IdentifierCodePoints,4,sdo,,,,,,
sec-identifiercodepoint,12.7.1.3,Static Semantics: IdentifierCodePoint,4,sdo,,,,,,
sec-keywords-and-reserved-words,12.7.2,Keywords and Reserved Words,3,,,,,,,
sec-punctuators,12.8,Punctuators,2,,,,,,,
sec-ecmascript-language-lexical-grammar-literals,12.9,Literals,2,,,,,,,
sec-null-literals,12.9.1,Null Literals,3,,,,,,,
sec-boolean-literals,12.9.2,Boolean Literals,3,,,,,,,
sec-literals-numeric-literals,12.9.3,Numeric Literals,3,,,,,,,
sec-numeric-literals-early-errors,12.9.3.1,Static Semantics: Early Errors,4,,,,,,,
sec-static-semantics-mv,12.9.3.2,Static Semantics: MV,4,,,,,,,
sec-numericvalue,12.9.3.3,Static Semantics: NumericValue,4,sdo,,,,,,
sec-literals-string-literals,12.9.4,String Literals,3,,,,,,,
sec-string-literals-early-errors,12.9.4.1,Static Semantics: Early Errors,4,,,,,,,
sec-static-semantics-sv,12.9.4.2,Static Semantics: SV,4,sdo,,,,,,
sec-string-literals-static-semantics-mv,12.9.4.3,Static Semantics: MV,4,,,,,,,
sec-literals-regular-expression-literals,12.9.5,Regular Expression Literals,3,,,,,,,
sec-static-semantics-bodytext,12.9.5.1,Static Semantics: BodyText,4,sdo,,,,,,
sec-static-semantics-flagtext,12.9.5.2,Static Semantics: FlagText,4,sdo,,,,,,
sec-template-literal-lexical-components,12.9.6,Template Literal Lexical Components,3,,,,,,,
sec-static-semantics-tv,12.9.6.1,Static Semantics: TV,4,sdo,,,,,,
sec-static-semantics-trv,12.9.6.2,Static Semantics: TRV,4,sdo,,,,,,
sec-automatic-semicolon-insertion,12.10,Automatic Semicolon Insertion,2,,,,,,,
sec-rules-of-automatic-semicolon-insertion,12.10.1,Rules of Automatic Semicolon Insertion,3,,,,,,,
sec-examples-of-automatic-semicolon-insertion,12.10.2,Examples of Automatic Semicolon Insertion,3,,,,,,,
sec-interesting-cases-of-automatic-semicolon-insertion,12.10.3,Interesting Cases of Automatic Semicolon Insertion,3,,,,,,,
sec-asi-interesting-cases-in-statement-lists,12.10.3.1,Interesting Cases of Automatic Semicolon Insertion in Statement Lists,4,,,,,,,
sec-asi-cases-with-no-lineterminator-here,12.10.3.2,Cases of Automatic Semicolon Insertion and “[no LineTerminator here]”,4,,,,,,,
sec-no-lineterminator-here-automatic-semicolon-insertion-list,12.10.3.2.1,List of Grammar Productions with Optional Operands and “[no LineTerminator here]”,5,,,,,,,
sec-ecmascript-language-expressions,13,ECMAScript Language: Expressions,1,,,,,,,
sec-identifiers,13.1,Identifiers,2,,,,,,,
sec-identifiers-static-semantics-early-errors,13.1.1,Static Semantics: Early Errors,3,,,,,,,
sec-static-semantics-stringvalue,13.1.2,Static Semantics: StringValue,3,sdo,,,,,,
sec-identifiers-runtime-semantics-evaluation,13.1.3,Runtime Semantics: Evaluation,3,sdo,,,,,,
sec-primary-expression,13.2,Primary Expression,2,,,,,,,
sec-this-keyword,13.2.1,The this Keyword,3,,,,,,,
sec-this-keyword-runtime-semantics-evaluation,13.2.1.1,Runtime Semantics: Evaluation,4,sdo,,,,,,
sec-identifier-reference,13.2.2,Identifier Reference,3,,,,,,,
sec-primary-expression-literals,13.2.3,Literals,3,,,,,,,
sec-literals-runtime-semantics-evaluation,13.2.3.1,Runtime Semantics: Evaluation,4,sdo,,,,,,
sec-array-initializer,13.2.4,Array Initializer,3,,,,,,,
sec-runtime-semantics-arrayaccumulation,13.2.4.1,Runtime Semantics: ArrayAccumulation,4,sdo,,,,,,
sec-array-initializer-runtime-semantics-evaluation,13.2.4.2,Runtime Semantics: Evaluation,4,sdo,,,,,,
sec-object-initializer,13.2.5,Object Initializer,3,,,,,,,
sec-object-initializer-static-semantics-early-errors,13.2.5.1,Static Semantics: Early Errors,4,,,,,,,
sec-static-semantics-iscomputedpropertykey,13.2.5.2,Static Semantics: IsComputedPropertyKey,4,sdo,,,,,,
sec-static-semantics-propertydefinitionnodes,13.2.5.3,Static Semantics: PropertyDefinitionNodes,4,sdo,,,,,,
sec-static-semantics-propertynamelist,13.2.5.4,Static Semantics: PropertyNameList,4,sdo,,,,,,
sec-object-initializer-runtime-semantics-evaluation,13.2.5.5,Runtime Semantics: Evaluation,4,sdo,,,,,,
sec-runtime-semantics-propertydefinitionevaluation,13.2.5.6,Runtime Semantics: PropertyDefinitionEvaluation,4,sdo,,,,,,
sec-function-defining-expressions,13.2.6,Function Defining Expressions,3,,,,,,,
sec-primary-expression-regular-expression-literals,13.2.7,Regular Expression Literals,3,,,,,,,
sec-primary-expression-regular-expression-literals-static-semantics-early-errors,13.2.7.1,Static Semantics: Early Errors,4,,,,,,,
sec-isvalidregularexpressionliteral,13.2.7.2,Static Semantics: IsValidRegularExpressionLiteral ( literal ),4,abstract operation,,,,,,
sec-regular-expression-literals-runtime-semantics-evaluation,13.2.7.3,Runtime Semantics: Evaluation,4,sdo,,,,,,
sec-template-literals,13.2.8,Template Literals,3,,,,,,,
sec-static-semantics-template-early-errors,13.2.8.1,Static Semantics: Early Errors,4,,,,,,,
sec-static-semantics-templatestrings,13.2.8.2,Static Semantics: TemplateStrings,4,sdo,,,,,,
sec-templatestring,13.2.8.3,"Static Semantics: TemplateString ( templateToken, raw )",4,abstract operation,,,,,,
sec-gettemplateobject,13.2.8.4,GetTemplateObject ( templateLiteral ),4,abstract operation,,,,,,
sec-runtime-semantics-substitutionevaluation,13.2.8.5,Runtime Semantics: SubstitutionEvaluation,4,sdo,,,,,,
sec-template-literals-runtime-semantics-evaluation,13.2.8.6,Runtime Semantics: Evaluation,4,sdo,,,,,,
sec-grouping-operator,13.2.9,The Grouping Operator,3,,,,,,,
sec-grouping-operator-static-semantics-early-errors,13.2.9.1,Static Semantics: Early Errors,4,,,,,,,
sec-grouping-operator-runtime-semantics-evaluation,13.2.9.2,Runtime Semantics: Evaluation,4,sdo,,,,,,
sec-left-hand-side-expressions,13.3,Left-Hand-Side Expressions,2,,,,,,,
sec-static-semantics,13.3.1,Static Semantics,3,,,,,,,
sec-left-hand-side-expressions-static-semantics-early-errors,13.3.1.1,Static Semantics: Early Errors,4,,,,,,,
sec-property-accessors,13.3.2,Property Accessors,3,,,,,,,
sec-property-accessors-runtime-semantics-evaluation,13.3.2.1,Runtime Semantics: Evaluation,4,sdo,,,,,,
sec-evaluate-property-access-with-expression-key,13.3.3,"EvaluatePropertyAccessWithExpressionKey ( baseValue, expression, strict )",3,abstract operation,,,,,,
sec-evaluate-property-access-with-identifier-key,13.3.4,"EvaluatePropertyAccessWithIdentifierKey ( baseValue, identifierName, strict )",3,abstract operation,,,,,,
sec-new-operator,13.3.5,The new Operator,3,,,,,,,
sec-new-operator-runtime-semantics-evaluation,13.3.5.1,Runtime Semantics: Evaluation,4,sdo,,,,,,
sec-evaluatenew,13.3.5.1.1,"EvaluateNew ( constructExpr, arguments )",5,abstract operation,,,,,,
sec-function-calls,13.3.6,Function Calls,3,,,,,,,
sec-function-calls-runtime-semantics-evaluation,13.3.6.1,Runtime Semantics: Evaluation,4,sdo,,,,,,
sec-evaluatecall,13.3.6.2,"EvaluateCall ( func, ref, arguments, tailPosition )",4,abstract operation,,,,,,
sec-super-keyword,13.3.7,The super Keyword,3,,,,,,,
sec-super-keyword-runtime-semantics-evaluation,13.3.7.1,Runtime Semantics: Evaluation,4,sdo,,,,,,
sec-getsuperconstructor,13.3.7.2,GetSuperConstructor ( ),4,abstract operation,,,,,,
sec-makesuperpropertyreference,13.3.7.3,"MakeSuperPropertyReference ( actualThis, propertyKey, strict )",4,abstract operation,,,,,,
sec-argument-lists,13.3.8,Argument Lists,3,,,,,,,
sec-runtime-semantics-argumentlistevaluation,13.3.8.1,Runtime Semantics: ArgumentListEvaluation,4,sdo,,,,,,
sec-optional-chains,13.3.9,Optional Chains,3,,,,,,,
sec-optional-chaining-evaluation,13.3.9.1,Runtime Semantics: Evaluation,4,sdo,,,,,,
sec-optional-chaining-chain-evaluation,13.3.9.2,Runtime Semantics: ChainEvaluation,4,sdo,,,,,,
sec-import-calls,13.3.10,Import Calls,3,,,,,,,
sec-import-call-runtime-semantics-evaluation,13.3.10.1,Runtime Semantics: Evaluation,4,sdo,,,,,,
sec-evaluate-import-call,13.3.10.2,"EvaluateImportCall ( specifierExpression [ , optionsExpression ] )",4,abstract operation,,,,,,
sec-ContinueDynamicImport,13.3.10.3,"ContinueDynamicImport ( promiseCapability, moduleCompletion )",4,abstract operation,,,,,,
sec-tagged-templates,13.3.11,Tagged Templates,3,,,,,,,
sec-tagged-templates-runtime-semantics-evaluation,13.3.11.1,Runtime Semantics: Evaluation,4,sdo,,,,,,
sec-meta-properties,13.3.12,Meta Properties,3,,,,,,,
sec-meta-properties-runtime-semantics-evaluation,13.3.12.1,Runtime Semantics: Evaluation,4,sdo,,,,,,
sec-hostgetimportmetaproperties,13.3.12.1.1,HostGetImportMetaProperties ( moduleRecord ),5,host-defined abstract operation,,,,,,
sec-hostfinalizeimportmeta,13.3.12.1.2,"HostFinalizeImportMeta ( importMeta, moduleRecord )",5,host-defined abstract operation,,,,,,
sec-update-expressions,13.4,Update Expressions,2,,,,,,,
sec-update-expressions-static-semantics-early-errors,13.4.1,Static Semantics: Early Errors,3,,,,,,,
sec-postfix-increment-operator,13.4.2,Postfix Increment Operator,3,,,,,,,
sec-postfix-increment-operator-runtime-semantics-evaluation,13.4.2.1,Runtime Semantics: Evaluation,4,sdo,,,,,,
sec-postfix-decrement-operator,13.4.3,Postfix Decrement Operator,3,,,,,,,
sec-postfix-decrement-operator-runtime-semantics-evaluation,13.4.3.1,Runtime Semantics: Evaluation,4,sdo,,,,,,
sec-prefix-increment-operator,13.4.4,Prefix Increment Operator,3,,,,,,,
sec-prefix-increment-operator-runtime-semantics-evaluation,13.4.4.1,Runtime Semantics: Evaluation,4,sdo,,,,,,
sec-prefix-decrement-operator,13.4.5,Prefix Decrement Operator,3,,,,,,,
sec-prefix-decrement-operator-runtime-semantics-evaluation,13.4.5.1,Runtime Semantics: Evaluation,4,sdo,,,,,,
sec-unary-operators,13.5,Unary Operators,2,,,,,,,
sec-delete-operator,13.5.1,The delete Operator,3,,,,,,,
sec-delete-operator-static-semantics-early-errors,13.5.1.1,Static Semantics: Early Errors,4,,,,,,,
sec-delete-operator-runtime-semantics-evaluation,13.5.1.2,Runtime Semantics: Evaluation,4,sdo,,,,,,
sec-void-operator,13.5.2,The void Operator,3,,,,,,,
sec-void-operator-runtime-semantics-evaluation,13.5.2.1,Runtime Semantics: Evaluation,4,sdo,,,,,,
sec-typeof-operator,13.5.3,The typeof Operator,3,,,,,,,
sec-typeof-operator-runtime-semantics-evaluation,13.5.3.1,Runtime Semantics: Evaluation,4,sdo,,,,,,
sec-unary-plus-operator,13.5.4,Unary + Operator,3,,,,,,,
sec-unary-plus-operator-runtime-semantics-evaluation,13.5.4.1,Runtime Semantics: Evaluation,4,sdo,,,,,,
sec-unary-minus-operator,13.5.5,Unary - Operator,3,,,,,,,
sec-unary-minus-operator-runtime-semantics-evaluation,13.5.5.1,Runtime Semantics: Evaluation,4,sdo,,,,,,
sec-bitwise-not-operator,13.5.6,Bitwise NOT Operator ( ~ ),3,,,,,,,
sec-bitwise-not-operator-runtime-semantics-evaluation,13.5.6.1,Runtime Semantics: Evaluation,4,sdo,,,,,,
sec-logical-not-operator,13.5.7,Logical NOT Operator ( ! ),3,,,,,,,
sec-logical-not-operator-runtime-semantics-evaluation,13.5.7.1,Runtime Semantics: Evaluation,4,sdo,,,,,,
sec-exp-operator,13.6,Exponentiation Operator,2,,,,,,,
sec-exp-operator-runtime-semantics-evaluation,13.6.1,Runtime Semantics: Evaluation,3,sdo,,,,,,
sec-multiplicative-operators,13.7,Multiplicative Operators,2,,,,,,,
sec-multiplicative-operators-runtime-semantics-evaluation,13.7.1,Runtime Semantics: Evaluation,3,sdo,,,,,,
sec-additive-operators,13.8,Additive Operators,2,,,,,,,
sec-addition-operator-plus,13.8.1,The Addition Operator ( + ),3,,,,,,,
sec-addition-operator-plus-runtime-semantics-evaluation,13.8.1.1,Runtime Semantics: Evaluation,4,sdo,,,,,,
sec-subtraction-operator-minus,13.8.2,The Subtraction Operator ( - ),3,,,,,,,
sec-subtraction-operator-minus-runtime-semantics-evaluation,13.8.2.1,Runtime Semantics: Evaluation,4,sdo,,,,,,
sec-bitwise-shift-operators,13.9,Bitwise Shift Operators,2,,,,,,,
sec-left-shift-operator,13.9.1,The Left Shift Operator ( << ),3,,,,,,,
sec-left-shift-operator-runtime-semantics-evaluation,13.9.1.1,Runtime Semantics: Evaluation,4,sdo,,,,,,
sec-signed-right-shift-operator,13.9.2,The Signed Right Shift Operator ( >> ),3,,,,,,,
sec-signed-right-shift-operator-runtime-semantics-evaluation,13.9.2.1,Runtime Semantics: Evaluation,4,sdo,,,,,,
sec-unsigned-right-shift-operator,13.9.3,The Unsigned Right Shift Operator ( >>> ),3,,,,,,,
sec-unsigned-right-shift-operator-runtime-semantics-evaluation,13.9.3.1,Runtime Semantics: Evaluation,4,sdo,,,,,,
sec-relational-operators,13.10,Relational Operators,2,,,,,,,
sec-relational-operators-runtime-semantics-evaluation,13.10.1,Runtime Semantics: Evaluation,3,sdo,,,,,,
sec-instanceofoperator,13.10.2,"InstanceofOperator ( V, target )",3,abstract operation,,,,,,
sec-equality-operators,13.11,Equality Operators,2,,,,,,,
sec-equality-operators-runtime-semantics-evaluation,13.11.1,Runtime Semantics: Evaluation,3,sdo,,,,,,
sec-binary-bitwise-operators,13.12,Binary Bitwise Operators,2,,,,,,,
sec-binary-bitwise-operators-runtime-semantics-evaluation,13.12.1,Runtime Semantics: Evaluation,3,sdo,,,,,,
sec-binary-logical-operators,13.13,Binary Logical Operators,2,,,,,,,
sec-binary-logical-operators-runtime-semantics-evaluation,13.13.1,Runtime Semantics: Evaluation,3,sdo,,,,,,
sec-conditional-operator,13.14,Conditional Operator ( ? : ),2,,,,,,,
sec-conditional-operator-runtime-semantics-evaluation,13.14.1,Runtime Semantics: Evaluation,3,sdo,,,,,,
sec-assignment-operators,13.15,Assignment Operators,2,,,,,,,
sec-assignment-operators-static-semantics-early-errors,13.15.1,Static Semantics: Early Errors,3,,,,,,,
sec-assignment-operators-runtime-semantics-evaluation,13.15.2,Runtime Semantics: Evaluation,3,sdo,,,,,,
sec-applystringornumericbinaryoperator,13.15.3,"ApplyStringOrNumericBinaryOperator ( lVal, opText, rVal )",3,abstract operation,,,,,,
sec-evaluatestringornumericbinaryexpression,13.15.4,"EvaluateStringOrNumericBinaryExpression ( leftOperand, opText, rightOperand )",3,abstract operation,,,,,,
sec-destructuring-assignment,13.15.5,Destructuring Assignment,3,,,,,,,
sec-destructuring-assignment-static-semantics-early-errors,13.15.5.1,Static Semantics: Early Errors,4,,,,,,,
sec-runtime-semantics-destructuringassignmentevaluation,13.15.5.2,Runtime Semantics: DestructuringAssignmentEvaluation,4,sdo,,,,,,
sec-runtime-semantics-propertydestructuringassignmentevaluation,13.15.5.3,Runtime Semantics: PropertyDestructuringAssignmentEvaluation,4,sdo,,,,,,
sec-runtime-semantics-restdestructuringassignmentevaluation,13.15.5.4,Runtime Semantics: RestDestructuringAssignmentEvaluation,4,sdo,,,,,,
sec-runtime-semantics-iteratordestructuringassignmentevaluation,13.15.5.5,Runtime Semantics: IteratorDestructuringAssignmentEvaluation,4,sdo,,,,,,
sec-runtime-semantics-keyeddestructuringassignmentevaluation,13.15.5.6,Runtime Semantics: KeyedDestructuringAssignmentEvaluation,4,sdo,,,,,,
sec-comma-operator,13.16,"Comma Operator ( , )",2,,,,,,,
sec-comma-operator-runtime-semantics-evaluation,13.16.1,Runtime Semantics: Evaluation,3,sdo,,,,,,
sec-ecmascript-language-statements-and-declarations,14,ECMAScript Language: Statements and Declarations,1,,,,,,,
sec-statement-semantics,14.1,Statement Semantics,2,,,,,,,
sec-statement-semantics-runtime-semantics-evaluation,14.1.1,Runtime Semantics: Evaluation,3,sdo,,,,,,
sec-block,14.2,Block,2,,,,,,,
sec-block-static-semantics-early-errors,14.2.1,Static Semantics: Early Errors,3,,,,,,,
sec-block-runtime-semantics-evaluation,14.2.2,Runtime Semantics: Evaluation,3,sdo,,,,,,
sec-blockdeclarationinstantiation,14.2.3,"BlockDeclarationInstantiation ( code, env )",3,abstract operation,,,,,,
sec-declarations-and-the-variable-statement,14.3,Declarations and the Variable Statement,2,,,,,,,
sec-let-and-const-declarations,14.3.1,Let and Const Declarations,3,,,,,,,
sec-let-and-const-declarations-static-semantics-early-errors,14.3.1.1,Static Semantics: Early Errors,4,,,,,,,
sec-let-and-const-declarations-runtime-semantics-evaluation,14.3.1.2,Runtime Semantics: Evaluation,4,sdo,,,,,,
sec-variable-statement,14.3.2,Variable Statement,3,,,,,,,
sec-variable-statement-runtime-semantics-evaluation,14.3.2.1,Runtime Semantics: Evaluation,4,sdo,,,,,,
sec-destructuring-binding-patterns,14.3.3,Destructuring Binding Patterns,3,,,,,,,
sec-destructuring-binding-patterns-runtime-semantics-propertybindinginitialization,14.3.3.1,Runtime Semantics: PropertyBindingInitialization,4,sdo,,,,,,
sec-destructuring-binding-patterns-runtime-semantics-restbindinginitialization,14.3.3.2,Runtime Semantics: RestBindingInitialization,4,sdo,,,,,,
sec-runtime-semantics-keyedbindinginitialization,14.3.3.3,Runtime Semantics: KeyedBindingInitialization,4,sdo,,,,,,
sec-empty-statement,14.4,Empty Statement,2,,,,,,,
sec-empty-statement-runtime-semantics-evaluation,14.4.1,Runtime Semantics: Evaluation,3,sdo,,,,,,
sec-expression-statement,14.5,Expression Statement,2,,,,,,,
sec-expression-statement-runtime-semantics-evaluation,14.5.1,Runtime Semantics: Evaluation,3,sdo,,,,,,
sec-if-statement,14.6,The if Statement,2,,,,,,,
sec-if-statement-static-semantics-early-errors,14.6.1,Static Semantics: Early Errors,3,,,,,,,
sec-if-statement-runtime-semantics-evaluation,14.6.2,Runtime Semantics: Evaluation,3,sdo,,,,,,
sec-iteration-statements,14.7,Iteration Statements,2,,,,,,,
sec-iteration-statements-semantics,14.7.1,Semantics,3,,,,,,,
sec-loopcontinues,14.7.1.1,"LoopContinues ( completion, labelSet )",4,abstract operation,,,,,,
sec-runtime-semantics-loopevaluation,14.7.1.2,Runtime Semantics: LoopEvaluation,4,sdo,,,,,,
sec-do-while-statement,14.7.2,The do-while Statement,3,,,,,,,
sec-do-while-statement-static-semantics-early-errors,14.7.2.1,Static Semantics: Early Errors,4,,,,,,,
sec-runtime-semantics-dowhileloopevaluation,14.7.2.2,Runtime Semantics: DoWhileLoopEvaluation,4,sdo,,,,,,
sec-while-statement,14.7.3,The while Statement,3,,,,,,,
sec-while-statement-static-semantics-early-errors,14.7.3.1,Static Semantics: Early Errors,4,,,,,,,
sec-runtime-semantics-whileloopevaluation,14.7.3.2,Runtime Semantics: WhileLoopEvaluation,4,sdo,,,,,,
sec-for-statement,14.7.4,The for Statement,3,,,,,,,
sec-for-statement-static-semantics-early-errors,14.7.4.1,Static Semantics: Early Errors,4,,,,,,,
sec-runtime-semantics-forloopevaluation,14.7.4.2,Runtime Semantics: ForLoopEvaluation,4,sdo,,,,,,
sec-forbodyevaluation,14.7.4.3,"ForBodyEvaluation ( test, increment, stmt, perIterationBindings, labelSet )",4,abstract operation,,,,,,
sec-createperiterationenvironment,14.7.4.4,CreatePerIterationEnvironment ( perIterationBindings ),4,abstract operation,,,,,,
sec-for-in-and-for-of-statements,14.7.5,"The for-in, for-of, and for-await-of Statements",3,,,,,,,
sec-for-in-and-for-of-statements-static-semantics-early-errors,14.7.5.1,Static Semantics: Early Errors,4,,,,,,,
sec-static-semantics-isdestructuring,14.7.5.2,Static Semantics: IsDestructuring,4,sdo,,,,,,
sec-runtime-semantics-fordeclarationbindinginitialization,14.7.5.3,Runtime Semantics: ForDeclarationBindingInitialization,4,sdo,,,,,,
sec-runtime-semantics-fordeclarationbindinginstantiation,14.7.5.4,Runtime Semantics: ForDeclarationBindingInstantiation,4,sdo,,,,,,
sec-runtime-semantics-forinofloopevaluation,14.7.5.5,Runtime Semantics: ForInOfLoopEvaluation,4,sdo,,,,,,
sec-runtime-semantics-forinofheadevaluation,14.7.5.6,"ForIn/OfHeadEvaluation ( uninitializedBoundNames, expr, iterationKind )",4,abstract operation,,,,,,
sec-runtime-semantics-forin-div-ofbodyevaluation-lhs-stmt-iterator-lhskind-labelset,14.7.5.7,"ForIn/OfBodyEvaluation ( lhs, stmt, iteratorRecord, iterationKind, lhsKind, labelSet [ , iteratorKind ] )",4,abstract operation,,,,,,
sec-for-in-and-for-of-statements-runtime-semantics-evaluation,14.7.5.8,Runtime Semantics: Evaluation,4,sdo,,,,,,
sec-enumerate-object-properties,14.7.5.9,EnumerateObjectProperties ( O ),4,abstract operation,,,,,,
sec-for-in-iterator-objects,14.7.5.10,For-In Iterator Objects,4,,,,,,,
sec-createforiniterator,14.7.5.10.1,CreateForInIterator ( object ),5,abstract operation,,,,,,
sec-%foriniteratorprototype%-object,14.7.5.10.2,The %ForInIteratorPrototype% Object,5,,,,,,,
sec-%foriniteratorprototype%.next,14.7.5.10.2.1,%ForInIteratorPrototype%.next ( ),6,built-in function,,,,,,
sec-properties-of-for-in-iterator-instances,14.7.5.10.3,Properties of For-In Iterator Instances,5,,,,,,,
sec-continue-statement,14.8,The continue Statement,2,,,,,,,
sec-continue-statement-static-semantics-early-errors,14.8.1,Static Semantics: Early Errors,3,,,,,,,
sec-continue-statement-runtime-semantics-evaluation,14.8.2,Runtime Semantics: Evaluation,3,sdo,,,,,,
sec-break-statement,14.9,The break Statement,2,,,,,,,
sec-break-statement-static-semantics-early-errors,14.9.1,Static Semantics: Early Errors,3,,,,,,,
sec-break-statement-runtime-semantics-evaluation,14.9.2,Runtime Semantics: Evaluation,3,sdo,,,,,,
sec-return-statement,14.10,The return Statement,2,,,,,,,
sec-return-statement-runtime-semantics-evaluation,14.10.1,Runtime Semantics: Evaluation,3,sdo,,,,,,
sec-with-statement,14.11,The with Statement,2,,legacy,,,,,
sec-with-statement-static-semantics-early-errors,14.11.1,Static Semantics: Early Errors,3,,,,,,,
sec-with-statement-runtime-semantics-evaluation,14.11.2,Runtime Semantics: Evaluation,3,sdo,,,,,,
sec-switch-statement,14.12,The switch Statement,2,,,,,,,
sec-switch-statement-static-semantics-early-errors,14.12.1,Static Semantics: Early Errors,3,,,,,,,
sec-runtime-semantics-caseblockevaluation,14.12.2,Runtime Semantics: CaseBlockEvaluation,3,sdo,,,,,,
sec-runtime-semantics-caseclauseisselected,14.12.3,"CaseClauseIsSelected ( C, input )",3,abstract operation,,,,,,
sec-switch-statement-runtime-semantics-evaluation,14.12.4,Runtime Semantics: Evaluation,3,sdo,,,,,,
sec-labelled-statements,14.13,Labelled Statements,2,,,,,,,
sec-labelled-statements-static-semantics-early-errors,14.13.1,Static Semantics: Early Errors,3,,,,,,,
sec-islabelledfunction,14.13.2,Static Semantics: IsLabelledFunction ( stmt ),3,abstract operation,,,,,,
sec-labelled-statements-runtime-semantics-evaluation,14.13.3,Runtime Semantics: Evaluation,3,sdo,,,,,,
sec-runtime-semantics-labelledevaluation,14.13.4,Runtime Semantics: LabelledEvaluation,3,sdo,,,,,,
sec-throw-statement,14.14,The throw Statement,2,,,,,,,
sec-throw-statement-runtime-semantics-evaluation,14.14.1,Runtime Semantics: Evaluation,3,sdo,,,,,,
sec-try-statement,14.15,The try Statement,2,,,,,,,
sec-try-statement-static-semantics-early-errors,14.15.1,Static Semantics: Early Errors,3,,,,,,,
sec-runtime-semantics-catchclauseevaluation,14.15.2,Runtime Semantics: CatchClauseEvaluation,3,sdo,,,,,,
sec-try-statement-runtime-semantics-evaluation,14.15.3,Runtime Semantics: Evaluation,3,sdo,,,,,,
sec-debugger-statement,14.16,The debugger Statement,2,,,,,,,
sec-debugger-statement-runtime-semantics-evaluation,14.16.1,Runtime Semantics: Evaluation,3,sdo,,,,,,
sec-ecmascript-language-functions-and-classes,15,ECMAScript Language: Functions and Classes,1,,,,,,,
sec-parameter-lists,15.1,Parameter Lists,2,,,,,,,
sec-parameter-lists-static-semantics-early-errors,15.1.1,Static Semantics: Early Errors,3,,,,,,,
sec-static-semantics-containsexpression,15.1.2,Static Semantics: ContainsExpression,3,sdo,,,,,,
sec-static-semantics-issimpleparameterlist,15.1.3,Static Semantics: IsSimpleParameterList,3,sdo,,,,,,
sec-static-semantics-hasinitializer,15.1.4,Static Semantics: HasInitializer,3,sdo,,,,,,
sec-static-semantics-expectedargumentcount,15.1.5,Static Semantics: ExpectedArgumentCount,3,sdo,,,,,,
sec-function-definitions,15.2,Function Definitions,2,,,,,,,
sec-function-definitions-static-semantics-early-errors,15.2.1,Static Semantics: Early Errors,3,,,,,,,
sec-static-semantics-functionbodycontainsusestrict,15.2.2,Static Semantics: FunctionBodyContainsUseStrict,3,sdo,,,,,,
sec-runtime-semantics-evaluatefunctionbody,15.2.3,Runtime Semantics: EvaluateFunctionBody,3,sdo,,,,,,
sec-runtime-semantics-instantiateordinaryfunctionobject,15.2.4,Runtime Semantics: InstantiateOrdinaryFunctionObject,3,sdo,,,,,,
sec-runtime-semantics-instantiateordinaryfunctionexpression,15.2.5,Runtime Semantics: InstantiateOrdinaryFunctionExpression,3,sdo,,,,,,
sec-function-definitions-runtime-semantics-evaluation,15.2.6,Runtime Semantics: Evaluation,3,sdo,,,,,,
sec-arrow-function-definitions,15.3,Arrow Function Definitions,2,,,,,,,
sec-arrow-function-definitions-static-semantics-early-errors,15.3.1,Static Semantics: Early Errors,3,,,,,,,
sec-static-semantics-concisebodycontainsusestrict,15.3.2,Static Semantics: ConciseBodyContainsUseStrict,3,sdo,,,,,,
sec-runtime-semantics-evaluateconcisebody,15.3.3,Runtime Semantics: EvaluateConciseBody,3,sdo,,,,,,
sec-runtime-semantics-instantiatearrowfunctionexpression,15.3.4,Runtime Semantics: InstantiateArrowFunctionExpression,3,sdo,,,,,,
sec-arrow-function-definitions-runtime-semantics-evaluation,15.3.5,Runtime Semantics: Evaluation,3,sdo,,,,,,
sec-method-definitions,15.4,Method Definitions,2,,,,,,,
sec-method-definitions-static-semantics-early-errors,15.4.1,Static Semantics: Early Errors,3,,,,,,,
sec-static-semantics-hasdirectsuper,15.4.2,Static Semantics: HasDirectSuper,3,sdo,,,,,,
sec-static-semantics-specialmethod,15.4.3,Static Semantics: SpecialMethod,3,sdo,,,,,,
sec-runtime-semantics-definemethod,15.4.4,Runtime Semantics: DefineMethod,3,sdo,,,,,,
sec-runtime-semantics-methoddefinitionevaluation,15.4.5,Runtime Semantics: MethodDefinitionEvaluation,3,sdo,,,,,,
sec-generator-function-definitions,15.5,Generator Function Definitions,2,,,,,,,
sec-generator-function-definitions-static-semantics-early-errors,15.5.1,Static Semantics: Early Errors,3,,,,,,,
sec-runtime-semantics-evaluategeneratorbody,15.5.2,Runtime Semantics: EvaluateGeneratorBody,3,sdo,,,,,,
sec-runtime-semantics-instantiategeneratorfunctionobject,15.5.3,Runtime Semantics: InstantiateGeneratorFunctionObject,3,sdo,,,,,,
sec-runtime-semantics-instantiategeneratorfunctionexpression,15.5.4,Runtime Semantics: InstantiateGeneratorFunctionExpression,3,sdo,,,,,,
sec-generator-function-definitions-runtime-semantics-evaluation,15.5.5,Runtime Semantics: Evaluation,3,sdo,,,,,,
sec-async-generator-function-definitions,15.6,Async Generator Function Definitions,2,,,,,,,
sec-async-generator-function-definitions-static-semantics-early-errors,15.6.1,Static Semantics: Early Errors,3,,,,,,,
sec-runtime-semantics-evaluateasyncgeneratorbody,15.6.2,Runtime Semantics: EvaluateAsyncGeneratorBody,3,sdo,,,,,,
sec-runtime-semantics-instantiateasyncgeneratorfunctionobject,15.6.3,Runtime Semantics: InstantiateAsyncGeneratorFunctionObject,3,sdo,,,,,,
sec-runtime-semantics-instantiateasyncgeneratorfunctionexpression,15.6.4,Runtime Semantics: InstantiateAsyncGeneratorFunctionExpression,3,sdo,,,,,,
sec-asyncgenerator-definitions-evaluation,15.6.5,Runtime Semantics: Evaluation,3,sdo,,,,,,
sec-class-definitions,15.7,Class Definitions,2,,,,,,,
sec-class-definitions-static-semantics-early-errors,15.7.1,Static Semantics: Early Errors,3,,,,,,,
sec-static-semantics-classelementkind,15.7.2,Static Semantics: ClassElementKind,3,sdo,,,,,,
sec-static-semantics-constructormethod,15.7.3,Static Semantics: ConstructorMethod,3,sdo,,,,,,
sec-static-semantics-isstatic,15.7.4,Static Semantics: IsStatic,3,sdo,,,,,,
sec-static-semantics-nonconstructorelements,15.7.5,Static Semantics: NonConstructorElements,3,sdo,,,,,,
sec-static-semantics-prototypepropertynamelist,15.7.6,Static Semantics: PrototypePropertyNameList,3,sdo,,,,,,
sec-static-semantics-allprivateidentifiersvalid,15.7.7,Static Semantics: AllPrivateIdentifiersValid,3,sdo,,,,,,
sec-static-semantics-privateboundidentifiers,15.7.8,Static Semantics: PrivateBoundIdentifiers,3,sdo,,,,,,
sec-static-semantics-containsarguments,15.7.9,Static Semantics: ContainsArguments,3,sdo,,,,,,
sec-runtime-semantics-classfielddefinitionevaluation,15.7.10,Runtime Semantics: ClassFieldDefinitionEvaluation,3,sdo,,,,,,
sec-runtime-semantics-classstaticblockdefinitionevaluation,15.7.11,Runtime Semantics: ClassStaticBlockDefinitionEvaluation,3,sdo,,,,,,
sec-runtime-semantics-evaluateclassstaticblockbody,15.7.12,Runtime Semantics: EvaluateClassStaticBlockBody,3,sdo,,,,,,
sec-static-semantics-classelementevaluation,15.7.13,Runtime Semantics: ClassElementEvaluation,3,sdo,,,,,,
sec-runtime-semantics-classdefinitionevaluation,15.7.14,Runtime Semantics: ClassDefinitionEvaluation,3,sdo,,,,,,
sec-runtime-semantics-bindingclassdeclarationevaluation,15.7.15,Runtime Semantics: BindingClassDeclarationEvaluation,3,sdo,,,,,,
sec-class-definitions-runtime-semantics-evaluation,15.7.16,Runtime Semantics: Evaluation,3,sdo,,,,,,
sec-async-function-definitions,15.8,Async Function Definitions,2,,,,,,,
sec-async-function-definitions-static-semantics-early-errors,15.8.1,Static Semantics: Early Errors,3,,,,,,,
sec-runtime-semantics-instantiateasyncfunctionobject,15.8.2,Runtime Semantics: InstantiateAsyncFunctionObject,3,sdo,,,,,,
sec-runtime-semantics-instantiateasyncfunctionexpression,15.8.3,Runtime Semantics: InstantiateAsyncFunctionExpression,3,sdo,,,,,,
sec-runtime-semantics-evaluateasyncfunctionbody,15.8.4,Runtime Semantics: EvaluateAsyncFunctionBody,3,sdo,,,,,,
sec-async-function-definitions-runtime-semantics-evaluation,15.8.5,Runtime Semantics: Evaluation,3,sdo,,,,,,
sec-async-arrow-function-definitions,15.9,Async Arrow Function Definitions,2,,,,,,,
sec-async-arrow-function-definitions-static-semantics-early-errors,15.9.1,Static Semantics: Early Errors,3,,,,,,,
sec-static-semantics-asyncconcisebodycontainsusestrict,15.9.2,Static Semantics: AsyncConciseBodyContainsUseStrict,3,sdo,,,,,,
sec-runtime-semantics-evaluateasyncconcisebody,15.9.3,Runtime Semantics: EvaluateAsyncConciseBody,3,sdo,,,,,,
sec-runtime-semantics-instantiateasyncarrowfunctionexpression,15.9.4,Runtime Semantics: InstantiateAsyncArrowFunctionExpression,3,sdo,,,,,,
sec-async-arrow-function-definitions-runtime-semantics-evaluation,15.9.5,Runtime Semantics: Evaluation,3,sdo,,,,,,
sec-tail-position-calls,15.10,Tail Position Calls,2,,,,,,,
sec-isintailposition,15.10.1,Static Semantics: IsInTailPosition ( call ),3,abstract operation,,,,,,
sec-static-semantics-hascallintailposition,15.10.2,Static Semantics: HasCallInTailPosition,3,sdo,,,,,,
sec-preparefortailcall,15.10.3,PrepareForTailCall ( ),3,abstract operation,,,,,,
sec-ecmascript-language-scripts-and-modules,16,ECMAScript Language: Scripts and Modules,1,,,,,,,
sec-scripts,16.1,Scripts,2,,,,,,,
sec-scripts-static-semantics-early-errors,16.1.1,Static Semantics: Early Errors,3,,,,,,,
sec-scriptisstrict,16.1.2,Static Semantics: ScriptIsStrict,3,sdo,,,,,,
sec-script-semantics-runtime-semantics-evaluation,16.1.3,Runtime Semantics: Evaluation,3,sdo,,,,,,
sec-script-records,16.1.4,Script Records,3,,,,,,,
sec-parse-script,16.1.5,"ParseScript ( sourceText, realm, hostDefined )",3,abstract operation,,,,,,
sec-runtime-semantics-scriptevaluation,16.1.6,ScriptEvaluation ( scriptRecord ),3,abstract operation,,,,,,
sec-globaldeclarationinstantiation,16.1.7,"GlobalDeclarationInstantiation ( script, env )",3,abstract operation,,,,,,
sec-modules,16.2,Modules,2,,,,,,,
sec-module-semantics,16.2.1,Module Semantics,3,,,,,,,
sec-module-semantics-static-semantics-early-errors,16.2.1.1,Static Semantics: Early Errors,4,,,,,,,
sec-importedlocalnames,16.2.1.2,Static Semantics: ImportedLocalNames ( importEntries ),4,abstract operation,,,,,,
sec-modulerequest-record,16.2.1.3,ModuleRequest Records,4,,,,,,,
sec-ModuleRequestsEqual,16.2.1.3.1,"ModuleRequestsEqual ( left, right )",5,abstract operation,,,,,,
sec-static-semantics-modulerequests,16.2.1.4,Static Semantics: ModuleRequests,4,sdo,,,,,,
sec-abstract-module-records,16.2.1.5,Abstract Module Records,4,,,,,,,
sec-EvaluateModuleSync,16.2.1.5.1,EvaluateModuleSync ( module ),5,abstract operation,,,,,,
sec-cyclic-module-records,16.2.1.6,Cyclic Module Records,4,,,,,,,
sec-cyclic-module-record-module-record-methods,16.2.1.6.1,Implementation of Module Record Abstract Methods,5,,,,,,,
sec-LoadRequestedModules,16.2.1.6.1.1,LoadRequestedModules ( [ hostDefined ] ),6,concrete method,,,,,,
sec-InnerModuleLoading,16.2.1.6.1.1.1,"InnerModuleLoading ( state, module )",7,abstract operation,,,,,,
sec-ContinueModuleLoading,16.2.1.6.1.1.2,"ContinueModuleLoading ( state, moduleCompletion )",7,abstract operation,,,,,,
sec-moduledeclarationlinking,16.2.1.6.1.2,Link ( ),6,concrete method,,,,,,
sec-InnerModuleLinking,16.2.1.6.1.2.1,"InnerModuleLinking ( module, stack, index )",7,abstract operation,,,,,,
sec-moduleevaluation,16.2.1.6.1.3,Evaluate ( ),6,concrete method,,,,,,
sec-innermoduleevaluation,16.2.1.6.1.3.1,"InnerModuleEvaluation ( module, stack, index )",7,abstract operation,,,,,,
sec-execute-async-module,16.2.1.6.1.3.2,ExecuteAsyncModule ( module ),7,abstract operation,,,,,,
sec-gather-available-ancestors,16.2.1.6.1.3.3,"GatherAvailableAncestors ( module, execList )",7,abstract operation,,,,,,
sec-async-module-execution-fulfilled,16.2.1.6.1.3.4,AsyncModuleExecutionFulfilled ( module ),7,abstract operation,,,,,,
sec-async-module-execution-rejected,16.2.1.6.1.3.5,"AsyncModuleExecutionRejected ( module, error )",7,abstract operation,,,,,,
sec-example-cyclic-module-record-graphs,16.2.1.6.2,Example Cyclic Module Record Graphs,5,,,,,,,
sec-source-text-module-records,16.2.1.7,Source Text Module Records,4,,,,,,,
sec-parsemodule,16.2.1.7.1,"ParseModule ( sourceText, realm, hostDefined )",5,abstract operation,,,,,,
sec-source-text-module-record-module-record-methods,16.2.1.7.2,Implementation of Module Record Abstract Methods,5,,,,,,,
sec-getexportednames,16.2.1.7.2.1,GetExportedNames ( [ exportStarSet ] ),6,concrete method,,,,,,
sec-resolveexport,16.2.1.7.2.2,"ResolveExport ( exportName [ , resolveSet ] )",6,concrete method,,,,,,
sec-source-text-module-record-cyclic-module-record-methods,16.2.1.7.3,Implementation of Cyclic Module Record Abstract Methods,5,,,,,,,
sec-source-text-module-record-initialize-environment,16.2.1.7.3.1,InitializeEnvironment ( ),6,concrete method,,,,,,
sec-source-text-module-record-execute-module,16.2.1.7.3.2,ExecuteModule ( [ capability ] ),6,concrete method,,,,,,
sec-synthetic-module-records,16.2.1.8,Synthetic Module Records,4,,,,,,,
sec-create-default-export-synthetic-module,16.2.1.8.1,CreateDefaultExportSyntheticModule ( defaultExport ),5,abstract operation,,,,,,
sec-parse-json-module,16.2.1.8.2,ParseJSONModule ( source ),5,abstract operation,,,,,,
sec-setsyntheticmoduleexport,16.2.1.8.3,"SetSyntheticModuleExport ( module, exportName, exportValue )",5,abstract operation,,,,,,
sec-smr-module-record-methods,16.2.1.8.4,Implementation of Module Record Abstract Methods,5,,,,,,,
sec-smr-LoadRequestedModules,16.2.1.8.4.1,LoadRequestedModules ( [ hostDefined ] ),6,concrete method,,,,,,
sec-smr-getexportednames,16.2.1.8.4.2,GetExportedNames ( [ exportStarSet ] ),6,concrete method,,,,,,
sec-smr-resolveexport,16.2.1.8.4.3,"ResolveExport ( exportName [ , resolveSet ] )",6,concrete method,,,,,,
sec-smr-Link,16.2.1.8.4.4,Link ( ),6,concrete method,,,,,,
sec-smr-Evaluate,16.2.1.8.4.5,Evaluate ( ),6,concrete method,,,,,,
sec-GetImportedModule,16.2.1.9,"GetImportedModule ( referrer, request )",4,abstract operation,,,,,,
sec-HostLoadImportedModule,16.2.1.10,"HostLoadImportedModule ( referrer, moduleRequest, hostDefined, payload )",4,host-defined abstract operation,,,,,,
sec-FinishLoadingImportedModule,16.2.1.11,"FinishLoadingImportedModule ( referrer, moduleRequest, payload, result )",4,abstract operation,,,,,,
sec-AllImportAttributesSupported,16.2.1.12,AllImportAttributesSupported ( attributes ),4,abstract operation,,,,,,
sec-hostgetsupportedimportattributes,16.2.1.12.1,HostGetSupportedImportAttributes ( ),5,host-defined abstract operation,,,,,,
sec-getmodulenamespace,16.2.1.13,GetModuleNamespace ( module ),4,abstract operation,,,,,,
sec-module-semantics-runtime-semantics-evaluation,16.2.1.14,Runtime Semantics: Evaluation,4,sdo,,,,,,
sec-imports,16.2.2,Imports,3,,,,,,,
sec-imports-static-semantics-early-errors,16.2.2.1,Static Semantics: Early Errors,4,,,,,,,
sec-static-semantics-importentries,16.2.2.2,Static Semantics: ImportEntries,4,sdo,,,,,,
sec-static-semantics-importentriesformodule,16.2.2.3,Static Semantics: ImportEntriesForModule,4,sdo,,,,,,
sec-withclausetoattributes,16.2.2.4,Static Semantics: WithClauseToAttributes,4,sdo,,,,,,
sec-exports,16.2.3,Exports,3,,,,,,,
sec-exports-static-semantics-early-errors,16.2.3.1,Static Semantics: Early Errors,4,,,,,,,
sec-static-semantics-exportedbindings,16.2.3.2,Static Semantics: ExportedBindings,4,sdo,,,,,,
sec-static-semantics-exportednames,16.2.3.3,Static Semantics: ExportedNames,4,sdo,,,,,,
sec-static-semantics-exportentries,16.2.3.4,Static Semantics: ExportEntries,4,sdo,,,,,,
sec-static-semantics-exportentriesformodule,16.2.3.5,Static Semantics: ExportEntriesForModule,4,sdo,,,,,,
sec-static-semantics-referencedbindings,16.2.3.6,Static Semantics: ReferencedBindings,4,sdo,,,,,,
sec-exports-runtime-semantics-evaluation,16.2.3.7,Runtime Semantics: Evaluation,4,sdo,,,,,,
sec-error-handling-and-language-extensions,17,Error Handling and Language Extensions,1,,,,,,,
sec-forbidden-extensions,17.1,Forbidden Extensions,2,,,,,,,
sec-ecmascript-standard-built-in-objects,18,ECMAScript Standard Built-in Objects,1,,,,,,,
sec-global-object,19,The Global Object,1,,,,,,,
sec-value-properties-of-the-global-object,19.1,Value Properties of the Global Object,2,,,,,,,
sec-globalthis,19.1.1,globalThis,3,,,,,,,
sec-value-properties-of-the-global-object-infinity,19.1.2,Infinity,3,,,,,,,
sec-value-properties-of-the-global-object-nan,19.1.3,NaN,3,,,,,,,
sec-undefined,19.1.4,undefined,3,,,,,,,
sec-function-properties-of-the-global-object,19.2,Function Properties of the Global Object,2,,,,,,,
sec-eval-x,19.2.1,eval ( x ),3,built-in function,,,,,,
sec-performeval,19.2.1.1,"PerformEval ( x, strictCaller, direct )",4,abstract operation,,,,,,
sec-hostensurecancompilestrings,19.2.1.2,"HostEnsureCanCompileStrings ( calleeRealm, parameterStrings, bodyString, direct )",4,host-defined abstract operation,,,,,,
sec-evaldeclarationinstantiation,19.2.1.3,"EvalDeclarationInstantiation ( body, varEnv, lexEnv, privateEnv, strict )",4,abstract operation,,,,,,
sec-isfinite-number,19.2.2,isFinite ( number ),3,built-in function,,,,,,
sec-isnan-number,19.2.3,isNaN ( number ),3,built-in function,,,,,,
sec-parsefloat-string,19.2.4,parseFloat ( string ),3,built-in function,,,,,,
sec-parseint-string-radix,19.2.5,"parseInt ( string, radix )",3,built-in function,,,,,,
sec-uri-handling-functions,19.2.6,URI Handling Functions,3,,,,,,,
sec-decodeuri-encodeduri,19.2.6.1,decodeURI ( encodedURI ),4,built-in function,,,,,,
sec-decodeuricomponent-encodeduricomponent,19.2.6.2,decodeURIComponent ( encodedURIComponent ),4,built-in function,,,,,,
sec-encodeuri-uri,19.2.6.3,encodeURI ( uri ),4,built-in function,,,,,,
sec-encodeuricomponent-uricomponent,19.2.6.4,encodeURIComponent ( uriComponent ),4,built-in function,,,,,,
sec-encode,19.2.6.5,"Encode ( string, extraUnescaped )",4,abstract operation,,,,,,
sec-decode,19.2.6.6,"Decode ( string, preserveEscapeSet )",4,abstract operation,,,,,,
sec-parsehexoctet,19.2.6.7,"ParseHexOctet ( string, position )",4,abstract operation,,,,,,
sec-constructor-properties-of-the-global-object,19.3,Constructor Properties of the Global Object,2,,,,,,,
sec-constructor-properties-of-the-global-object-aggregate-error,19.3.1,AggregateError ( . . . ),3,,,,,,,
sec-constructor-properties-of-the-global-object-array,19.3.2,Array ( . . . ),3,,,,,,,
sec-constructor-properties-of-the-global-object-arraybuffer,19.3.3,ArrayBuffer ( . . . ),3,,,,,,,
sec-constructor-properties-of-the-global-object-bigint,19.3.4,BigInt ( . . . ),3,,,,,,,
sec-constructor-properties-of-the-global-object-bigint64array,19.3.5,BigInt64Array ( . . . ),3,,,,,,,
sec-constructor-properties-of-the-global-object-biguint64array,19.3.6,BigUint64Array ( . . . ),3,,,,,,,
sec-constructor-properties-of-the-global-object-boolean,19.3.7,Boolean ( . . . ),3,,,,,,,
sec-constructor-properties-of-the-global-object-dataview,19.3.8,DataView ( . . . ),3,,,,,,,
sec-constructor-properties-of-the-global-object-date,19.3.9,Date ( . . . ),3,,,,,,,
sec-constructor-properties-of-the-global-object-error,19.3.10,Error ( . . . ),3,,,,,,,
sec-constructor-properties-of-the-global-object-evalerror,19.3.11,EvalError ( . . . ),3,,,,,,,
sec-constructor-properties-of-the-global-object-finalization-registry,19.3.12,FinalizationRegistry ( . . . ),3,,,,,,,
sec-float16array,19.3.13,Float16Array ( . . . ),3,,,,,,,
sec-float32array,19.3.14,Float32Array ( . . . ),3,,,,,,,
sec-float64array,19.3.15,Float64Array ( . . . ),3,,,,,,,
sec-constructor-properties-of-the-global-object-function,19.3.16,Function ( . . . ),3,,,,,,,
sec-int8array,19.3.17,Int8Array ( . . . ),3,,,,,,,
sec-int16array,19.3.18,Int16Array ( . . . ),3,,,,,,,
sec-int32array,19.3.19,Int32Array ( . . . ),3,,,,,,,
sec-constructor-properties-of-the-global-object-iterator,19.3.20,Iterator ( . . . ),3,,,,,,,
sec-map,19.3.21,Map ( . . . ),3,,,,,,,
sec-constructor-properties-of-the-global-object-number,19.3.22,Number ( . . . ),3,,,,,,,
sec-constructor-properties-of-the-global-object-object,19.3.23,Object ( . . . ),3,,,,,,,
sec-constructor-properties-of-the-global-object-promise,19.3.24,Promise ( . . . ),3,,,,,,,
sec-constructor-properties-of-the-global-object-proxy,19.3.25,Proxy ( . . . ),3,,,,,,,
sec-constructor-properties-of-the-global-object-rangeerror,19.3.26,RangeError ( . . . ),3,,,,,,,
sec-constructor-properties-of-the-global-object-referenceerror,19.3.27,ReferenceError ( . . . ),3,,,,,,,
sec-constructor-properties-of-the-global-object-regexp,19.3.28,RegExp ( . . . ),3,,,,,,,
sec-set,19.3.29,Set ( . . . ),3,,,,,,,
sec-constructor-properties-of-the-global-object-sharedarraybuffer,19.3.30,SharedArrayBuffer ( . . . ),3,,,,,,,
sec-constructor-properties-of-the-global-object-string,19.3.31,String ( . . . ),3,,,,,,,
sec-constructor-properties-of-the-global-object-symbol,19.3.32,Symbol ( . . . ),3,,,,,,,
sec-constructor-properties-of-the-global-object-syntaxerror,19.3.33,SyntaxError ( . . . ),3,,,,,,,
sec-constructor-properties-of-the-global-object-typeerror,19.3.34,TypeError ( . . . ),3,,,,,,,
sec-constructor-properties-of-the-global-object-uint8array,19.3.35,Uint8Array ( . . . ),3,,,,,,,
sec-uint8clampedarray,19.3.36,Uint8ClampedArray ( . . . ),3,,,,,,,
sec-uint16array,19.3.37,Uint16Array ( . . . ),3,,,,,,,
sec-uint32array,19.3.38,Uint32Array ( . . . ),3,,,,,,,
sec-constructor-properties-of-the-global-object-urierror,19.3.39,URIError ( . . . ),3,,,,,,,
sec-constructor-properties-of-the-global-object-weakmap,19.3.40,WeakMap ( . . . ),3,,,,,,,
sec-constructor-properties-of-the-global-object-weakref,19.3.41,WeakRef ( . . . ),3,,,,,,,
sec-constructor-properties-of-the-global-object-weakset,19.3.42,WeakSet ( . . . ),3,,,,,,,
sec-other-properties-of-the-global-object,19.4,Other Properties of the Global Object,2,,,,,,,
sec-atomics,19.4.1,Atomics,3,,,,,,,
sec-json,19.4.2,JSON,3,,,,,,,
sec-math,19.4.3,Math,3,,,,,,,
sec-reflect,19.4.4,Reflect,3,,,,,,,
sec-fundamental-objects,20,Fundamental Objects,1,,,,,,,
sec-object-objects,20.1,Object Objects,2,,,,,,,
sec-object-constructor,20.1.1,The Object Constructor,3,,,,,,,
sec-object-value,20.1.1.1,Object ( value ),4,built-in function,,,,,,
sec-properties-of-the-object-constructor,20.1.2,Properties of the Object Constructor,3,,,,,,,
sec-object.assign,20.1.2.1,"Object.assign ( target, ...sources )",4,built-in function,,,,,,
sec-object.create,20.1.2.2,"Object.create ( O, Properties )",4,built-in function,,,,,,
sec-object.defineproperties,20.1.2.3,"Object.defineProperties ( O, Properties )",4,built-in function,,,,,,
sec-objectdefineproperties,20.1.2.3.1,"ObjectDefineProperties ( O, Properties )",5,abstract operation,,,,,,
sec-object.defineproperty,20.1.2.4,"Object.defineProperty ( O, P, Attributes )",4,built-in function,,,,,,
sec-object.entries,20.1.2.5,Object.entries ( O ),4,built-in function,,,,,,
sec-object.freeze,20.1.2.6,Object.freeze ( O ),4,built-in function,,,,,,
sec-object.fromentries,20.1.2.7,Object.fromEntries ( iterable ),4,built-in function,,,,,,
sec-object.getownpropertydescriptor,20.1.2.8,"Object.getOwnPropertyDescriptor ( O, P )",4,built-in function,,,,,,
sec-object.getownpropertydescriptors,20.1.2.9,Object.getOwnPropertyDescriptors ( O ),4,built-in function,,,,,,
sec-object.getownpropertynames,20.1.2.10,Object.getOwnPropertyNames ( O ),4,built-in function,,,,,,
sec-object.getownpropertysymbols,20.1.2.11,Object.getOwnPropertySymbols ( O ),4,built-in function,,,,,,
sec-getownpropertykeys,20.1.2.11.1,"GetOwnPropertyKeys ( O, type )",5,abstract operation,,,,,,
sec-object.getprototypeof,20.1.2.12,Object.getPrototypeOf ( O ),4,built-in function,,,,,,
sec-object.groupby,20.1.2.13,"Object.groupBy ( items, callback )",4,built-in function,,,,,,
sec-object.hasown,20.1.2.14,"Object.hasOwn ( O, P )",4,built-in function,,,,,,
sec-object.is,20.1.2.15,"Object.is ( value1, value2 )",4,built-in function,,,,,,
sec-object.isextensible,20.1.2.16,Object.isExtensible ( O ),4,built-in function,,,,,,
sec-object.isfrozen,20.1.2.17,Object.isFrozen ( O ),4,built-in function,,,,,,
sec-object.issealed,20.1.2.18,Object.isSealed ( O ),4,built-in function,,,,,,
sec-object.keys,20.1.2.19,Object.keys ( O ),4,built-in function,,,,,,
sec-object.preventextensions,20.1.2.20,Object.preventExtensions ( O ),4,built-in function,,,,,,
sec-object.prototype,20.1.2.21,Object.prototype,4,,,,,,,
sec-object.seal,20.1.2.22,Object.seal ( O ),4,built-in function,,,,,,
sec-object.setprototypeof,20.1.2.23,"Object.setPrototypeOf ( O, proto )",4,built-in function,,,,,,
sec-object.values,20.1.2.24,Object.values ( O ),4,built-in function,,,,,,
sec-properties-of-the-object-prototype-object,20.1.3,Properties of the Object Prototype Object,3,,,,,,,
sec-object.prototype.constructor,20.1.3.1,Object.prototype.constructor,4,,,,,,,
sec-object.prototype.hasownproperty,20.1.3.2,Object.prototype.hasOwnProperty ( V ),4,built-in function,,,,,,
sec-object.prototype.isprototypeof,20.1.3.3,Object.prototype.isPrototypeOf ( V ),4,built-in function,,,,,,
sec-object.prototype.propertyisenumerable,20.1.3.4,Object.prototype.propertyIsEnumerable ( V ),4,built-in function,,,,,,
sec-object.prototype.tolocalestring,20.1.3.5,"Object.prototype.toLocaleString ( [ reserved1 [ , reserved2 ] ] )",4,built-in function,,,,,,
sec-object.prototype.tostring,20.1.3.6,Object.prototype.toString ( ),4,built-in function,,,,,,
sec-object.prototype.valueof,20.1.3.7,Object.prototype.valueOf ( ),4,built-in function,,,,,,
sec-object.prototype.__proto__,20.1.3.8,Object.prototype.__proto__,4,,legacy normative-optional,,,,,
sec-get-object.prototype.__proto__,20.1.3.8.1,get Object.prototype.__proto__,5,built-in function,,,,,,
sec-set-object.prototype.__proto__,20.1.3.8.2,set Object.prototype.__proto__,5,built-in function,,,,,,
sec-object.prototype-legacy-accessor-methods,20.1.3.9,Legacy Object.prototype Accessor Methods,4,,legacy normative-optional,,,,,
sec-object.prototype.__defineGetter__,20.1.3.9.1,"Object.prototype.__defineGetter__ ( P, getter )",5,built-in function,,,,,,
sec-object.prototype.__defineSetter__,20.1.3.9.2,"Object.prototype.__defineSetter__ ( P, setter )",5,built-in function,,,,,,
sec-object.prototype.__lookupGetter__,20.1.3.9.3,Object.prototype.__lookupGetter__ ( P ),5,built-in function,,,,,,
sec-object.prototype.__lookupSetter__,20.1.3.9.4,Object.prototype.__lookupSetter__ ( P ),5,built-in function,,,,,,
sec-properties-of-object-instances,20.1.4,Properties of Object Instances,3,,,,,,,
sec-function-objects,20.2,Function Objects,2,,,,,,,
sec-function-constructor,20.2.1,The Function Constructor,3,,,,,,,
sec-function-p1-p2-pn-body,20.2.1.1,"Function ( ...parameterArgs, bodyArg )",4,built-in function,,,,,,
sec-createdynamicfunction,20.2.1.1.1,"CreateDynamicFunction ( constructor, newTarget, kind, parameterArgs, bodyArg )",5,abstract operation,,,,,,
sec-properties-of-the-function-constructor,20.2.2,Properties of the Function Constructor,3,,,,,,,
sec-function.prototype,20.2.2.1,Function.prototype,4,,,,,,,
sec-properties-of-the-function-prototype-object,20.2.3,Properties of the Function Prototype Object,3,,,,,,,
sec-function.prototype.apply,20.2.3.1,"Function.prototype.apply ( thisArg, argArray )",4,built-in function,,,,,,
sec-function.prototype.bind,20.2.3.2,"Function.prototype.bind ( thisArg, ...args )",4,built-in function,,,,,,
sec-function.prototype.call,20.2.3.3,"Function.prototype.call ( thisArg, ...args )",4,built-in function,,,,,,
sec-function.prototype.constructor,20.2.3.4,Function.prototype.constructor,4,,,,,,,
sec-function.prototype.tostring,20.2.3.5,Function.prototype.toString ( ),4,built-in function,,,,,,
sec-function.prototype-%symbol.hasinstance%,20.2.3.6,Function.prototype [ %Symbol.hasInstance% ] ( V ),4,built-in function,,,,,,
sec-function-instances,20.2.4,Function Instances,3,,,,,,,
sec-function-instances-length,20.2.4.1,length,4,,,,,,,
sec-function-instances-name,20.2.4.2,name,4,,,,,,,
sec-function-instances-prototype,20.2.4.3,prototype,4,,,,,,,
sec-hosthassourcetextavailable,20.2.5,HostHasSourceTextAvailable ( func ),3,host-defined abstract operation,,,,,,
sec-boolean-objects,20.3,Boolean Objects,2,,,,,,,
sec-boolean-constructor,20.3.1,The Boolean Constructor,3,,,,,,,
sec-boolean-constructor-boolean-value,20.3.1.1,Boolean ( value ),4,built-in function,,,,,,
sec-properties-of-the-boolean-constructor,20.3.2,Properties of the Boolean Constructor,3,,,,,,,
sec-boolean.prototype,20.3.2.1,Boolean.prototype,4,,,,,,,
sec-properties-of-the-boolean-prototype-object,20.3.3,Properties of the Boolean Prototype Object,3,,,,,,,
sec-boolean.prototype.constructor,20.3.3.1,Boolean.prototype.constructor,4,,,,,,,
sec-boolean.prototype.tostring,20.3.3.2,Boolean.prototype.toString ( ),4,built-in function,,,,,,
sec-boolean.prototype.valueof,20.3.3.3,Boolean.prototype.valueOf ( ),4,built-in function,,,,,,
sec-thisbooleanvalue,20.3.3.3.1,ThisBooleanValue ( value ),5,abstract operation,,,,,,
sec-properties-of-boolean-instances,20.3.4,Properties of Boolean Instances,3,,,,,,,
sec-symbol-objects,20.4,Symbol Objects,2,,,,,,,
sec-symbol-constructor,20.4.1,The Symbol Constructor,3,,,,,,,
sec-symbol-description,20.4.1.1,Symbol ( [ description ] ),4,built-in function,,,,,,
sec-properties-of-the-symbol-constructor,20.4.2,Properties of the Symbol Constructor,3,,,,,,,
sec-symbol.asynciterator,20.4.2.1,Symbol.asyncIterator,4,,,,,,,
sec-symbol.for,20.4.2.2,Symbol.for ( key ),4,built-in function,,,,,,
sec-symbol.hasinstance,20.4.2.3,Symbol.hasInstance,4,,,,,,,
sec-symbol.isconcatspreadable,20.4.2.4,Symbol.isConcatSpreadable,4,,,,,,,
sec-symbol.iterator,20.4.2.5,Symbol.iterator,4,,,,,,,
sec-symbol.keyfor,20.4.2.6,Symbol.keyFor ( sym ),4,built-in function,,,,,,
sec-symbol.match,20.4.2.7,Symbol.match,4,,,,,,,
sec-symbol.matchall,20.4.2.8,Symbol.matchAll,4,,,,,,,
sec-symbol.prototype,20.4.2.9,Symbol.prototype,4,,,,,,,
sec-symbol.replace,20.4.2.10,Symbol.replace,4,,,,,,,
sec-symbol.search,20.4.2.11,Symbol.search,4,,,,,,,
sec-symbol.species,20.4.2.12,Symbol.species,4,,,,,,,
sec-symbol.split,20.4.2.13,Symbol.split,4,,,,,,,
sec-symbol.toprimitive,20.4.2.14,Symbol.toPrimitive,4,,,,,,,
sec-symbol.tostringtag,20.4.2.15,Symbol.toStringTag,4,,,,,,,
sec-symbol.unscopables,20.4.2.16,Symbol.unscopables,4,,,,,,,
sec-properties-of-the-symbol-prototype-object,20.4.3,Properties of the Symbol Prototype Object,3,,,,,,,
sec-symbol.prototype.constructor,20.4.3.1,Symbol.prototype.constructor,4,,,,,,,
sec-symbol.prototype.description,20.4.3.2,get Symbol.prototype.description,4,built-in function,,,,,,
sec-symbol.prototype.tostring,20.4.3.3,Symbol.prototype.toString ( ),4,built-in function,,,,,,
sec-symboldescriptivestring,20.4.3.3.1,SymbolDescriptiveString ( sym ),5,abstract operation,,,,,,
sec-symbol.prototype.valueof,20.4.3.4,Symbol.prototype.valueOf ( ),4,built-in function,,,,,,
sec-thissymbolvalue,20.4.3.4.1,ThisSymbolValue ( value ),5,abstract operation,,,,,,
sec-symbol.prototype-%symbol.toprimitive%,20.4.3.5,Symbol.prototype [ %Symbol.toPrimitive% ] ( hint ),4,built-in function,,,,,,
sec-symbol.prototype-%symbol.tostringtag%,20.4.3.6,Symbol.prototype [ %Symbol.toStringTag% ],4,,,,,,,
sec-properties-of-symbol-instances,20.4.4,Properties of Symbol Instances,3,,,,,,,
sec-abstract-operations-for-symbols,20.4.5,Abstract Operations for Symbols,3,,,,,,,
sec-keyforsymbol,20.4.5.1,KeyForSymbol ( sym ),4,abstract operation,,,,,,
sec-error-objects,20.5,Error Objects,2,,,,,,,
sec-error-constructor,20.5.1,The Error Constructor,3,,,,,,,
sec-error-message,20.5.1.1,"Error ( message [ , options ] )",4,built-in function,,,,,,
sec-properties-of-the-error-constructor,20.5.2,Properties of the Error Constructor,3,,,,,,,
sec-error.iserror,20.5.2.1,Error.isError ( arg ),4,built-in function,,,,,,
sec-error.prototype,20.5.2.2,Error.prototype,4,,,,,,,
sec-properties-of-the-error-prototype-object,20.5.3,Properties of the Error Prototype Object,3,,,,,,,
sec-error.prototype.constructor,20.5.3.1,Error.prototype.constructor,4,,,,,,,
sec-error.prototype.message,20.5.3.2,Error.prototype.message,4,,,,,,,
sec-error.prototype.name,20.5.3.3,Error.prototype.name,4,,,,,,,
sec-error.prototype.tostring,20.5.3.4,Error.prototype.toString ( ),4,built-in function,,,,,,
sec-properties-of-error-instances,20.5.4,Properties of Error Instances,3,,,,,,,
sec-native-error-types-used-in-this-standard,20.5.5,Native Error Types Used in This Standard,3,,,,,,,
sec-native-error-types-used-in-this-standard-evalerror,20.5.5.1,EvalError,4,,,,,,,
sec-native-error-types-used-in-this-standard-rangeerror,20.5.5.2,RangeError,4,,,,,,,
sec-native-error-types-used-in-this-standard-referenceerror,20.5.5.3,ReferenceError,4,,,,,,,
sec-native-error-types-used-in-this-standard-syntaxerror,20.5.5.4,SyntaxError,4,,,,,,,
sec-native-error-types-used-in-this-standard-typeerror,20.5.5.5,TypeError,4,,,,,,,
sec-native-error-types-used-in-this-standard-urierror,20.5.5.6,URIError,4,,,,,,,
sec-nativeerror-object-structure,20.5.6,NativeError Object Structure,3,,,,,,,
sec-nativeerror-constructors,20.5.6.1,The NativeError Constructors,4,,,,,,,
sec-nativeerror,20.5.6.1.1,"NativeError ( message [ , options ] )",5,built-in function,,,,,,
sec-properties-of-the-nativeerror-constructors,20.5.6.2,Properties of the NativeError Constructors,4,,,,,,,
sec-nativeerror.prototype,20.5.6.2.1,NativeError.prototype,5,,,,,,,
sec-properties-of-the-nativeerror-prototype-objects,20.5.6.3,Properties of the NativeError Prototype Objects,4,,,,,,,
sec-nativeerror.prototype.constructor,20.5.6.3.1,NativeError.prototype.constructor,5,,,,,,,
sec-nativeerror.prototype.message,20.5.6.3.2,NativeError.prototype.message,5,,,,,,,
sec-nativeerror.prototype.name,20.5.6.3.3,NativeError.prototype.name,5,,,,,,,
sec-properties-of-nativeerror-instances,20.5.6.4,Properties of NativeError Instances,4,,,,,,,
sec-aggregate-error-objects,20.5.7,AggregateError Objects,3,,,,,,,
sec-aggregate-error-constructor,20.5.7.1,The AggregateError Constructor,4,,,,,,,
sec-aggregate-error,20.5.7.1.1,"AggregateError ( errors, message [ , options ] )",5,built-in function,,,,,,
sec-properties-of-the-aggregate-error-constructors,20.5.7.2,Properties of the AggregateError Constructor,4,,,,,,,
sec-aggregate-error.prototype,20.5.7.2.1,AggregateError.prototype,5,,,,,,,
sec-properties-of-the-aggregate-error-prototype-objects,20.5.7.3,Properties of the AggregateError Prototype Object,4,,,,,,,
sec-aggregate-error.prototype.constructor,20.5.7.3.1,AggregateError.prototype.constructor,5,,,,,,,
sec-aggregate-error.prototype.message,20.5.7.3.2,AggregateError.prototype.message,5,,,,,,,
sec-aggregate-error.prototype.name,20.5.7.3.3,AggregateError.prototype.name,5,,,,,,,
sec-properties-of-aggregate-error-instances,20.5.7.4,Properties of AggregateError Instances,4,,,,,,,
sec-abstract-operations-for-error-objects,20.5.8,Abstract Operations for Error Objects,3,,,,,,,
sec-installerrorcause,20.5.8.1,"InstallErrorCause ( O, options )",4,abstract operation,,,,,,
sec-numbers-and-dates,21,Numbers and Dates,1,,,,,,,
sec-number-objects,21.1,Number Objects,2,,,,,,,
sec-number-constructor,21.1.1,The Number Constructor,3,,,,,,,
sec-number-constructor-number-value,21.1.1.1,Number ( value ),4,built-in function,,,,,,
sec-properties-of-the-number-constructor,21.1.2,Properties of the Number Constructor,3,,,,,,,
sec-number.epsilon,21.1.2.1,Number.EPSILON,4,,,,,,,
sec-number.isfinite,21.1.2.2,Number.isFinite ( number ),4,built-in function,,,,,,
sec-number.isinteger,21.1.2.3,Number.isInteger ( number ),4,built-in function,,,,,,
sec-number.isnan,21.1.2.4,Number.isNaN ( number ),4,built-in function,,,,,,
sec-number.issafeinteger,21.1.2.5,Number.isSafeInteger ( number ),4,built-in function,,,,,,
sec-number.max_safe_integer,21.1.2.6,Number.MAX_SAFE_INTEGER,4,,,,,,,
sec-number.max_value,21.1.2.7,Number.MAX_VALUE,4,,,,,,,
sec-number.min_safe_integer,21.1.2.8,Number.MIN_SAFE_INTEGER,4,,,,,,,
sec-number.min_value,21.1.2.9,Number.MIN_VALUE,4,,,,,,,
sec-number.nan,21.1.2.10,Number.NaN,4,,,,,,,
sec-number.negative_infinity,21.1.2.11,Number.NEGATIVE_INFINITY,4,,,,,,,
sec-number.parsefloat,21.1.2.12,Number.parseFloat ( string ),4,built-in function,,,,,,
sec-number.parseint,21.1.2.13,"Number.parseInt ( string, radix )",4,built-in function,,,,,,
sec-number.positive_infinity,21.1.2.14,Number.POSITIVE_INFINITY,4,,,,,,,
sec-number.prototype,21.1.2.15,Number.prototype,4,,,,,,,
sec-properties-of-the-number-prototype-object,21.1.3,Properties of the Number Prototype Object,3,,,,,,,
sec-number.prototype.constructor,21.1.3.1,Number.prototype.constructor,4,,,,,,,
sec-number.prototype.toexponential,21.1.3.2,Number.prototype.toExponential ( fractionDigits ),4,built-in function,,,,,,
sec-number.prototype.tofixed,21.1.3.3,Number.prototype.toFixed ( fractionDigits ),4,built-in function,,,,,,
sec-number.prototype.tolocalestring,21.1.3.4,"Number.prototype.toLocaleString ( [ reserved1 [ , reserved2 ] ] )",4,built-in function,,,,,,
sec-number.prototype.toprecision,21.1.3.5,Number.prototype.toPrecision ( precision ),4,built-in function,,,,,,
sec-number.prototype.tostring,21.1.3.6,Number.prototype.toString ( [ radix ] ),4,built-in function,,,,,,
sec-number.prototype.valueof,21.1.3.7,Number.prototype.valueOf ( ),4,built-in function,,,,,,
sec-thisnumbervalue,21.1.3.7.1,ThisNumberValue ( value ),5,abstract operation,,,,,,
sec-properties-of-number-instances,21.1.4,Properties of Number Instances,3,,,,,,,
sec-bigint-objects,21.2,BigInt Objects,2,,,,,,,
sec-bigint-constructor,21.2.1,The BigInt Constructor,3,,,,,,,
sec-bigint-constructor-number-value,21.2.1.1,BigInt ( value ),4,built-in function,,,,,,
sec-numbertobigint,21.2.1.1.1,NumberToBigInt ( number ),5,abstract operation,,,,,,
sec-properties-of-the-bigint-constructor,21.2.2,Properties of the BigInt Constructor,3,,,,,,,
sec-bigint.asintn,21.2.2.1,"BigInt.asIntN ( bits, bigint )",4,built-in function,,,,,,
sec-bigint.asuintn,21.2.2.2,"BigInt.asUintN ( bits, bigint )",4,built-in function,,,,,,
sec-bigint.prototype,21.2.2.3,BigInt.prototype,4,,,,,,,
sec-properties-of-the-bigint-prototype-object,21.2.3,Properties of the BigInt Prototype Object,3,,,,,,,
sec-bigint.prototype.constructor,21.2.3.1,BigInt.prototype.constructor,4,,,,,,,
sec-bigint.prototype.tolocalestring,21.2.3.2,"BigInt.prototype.toLocaleString ( [ reserved1 [ , reserved2 ] ] )",4,built-in function,,,,,,
sec-bigint.prototype.tostring,21.2.3.3,BigInt.prototype.toString ( [ radix ] ),4,built-in function,,,,,,
sec-bigint.prototype.valueof,21.2.3.4,BigInt.prototype.valueOf ( ),4,built-in function,,,,,,
sec-thisbigintvalue,21.2.3.4.1,ThisBigIntValue ( value ),5,abstract operation,,,,,,
sec-bigint.prototype-%symbol.tostringtag%,21.2.3.5,BigInt.prototype [ %Symbol.toStringTag% ],4,,,,,,,
sec-properties-of-bigint-instances,21.2.4,Properties of BigInt Instances,3,,,,,,,
sec-math-object,21.3,The Math Object,2,,,,,,,
sec-value-properties-of-the-math-object,21.3.1,Value Properties of the Math Object,3,,,,,,,
sec-math.e,21.3.1.1,Math.E,4,,,,,,,
sec-math.ln10,21.3.1.2,Math.LN10,4,,,,,,,
sec-math.ln2,21.3.1.3,Math.LN2,4,,,,,,,
sec-math.log10e,21.3.1.4,Math.LOG10E,4,,,,,,,
sec-math.log2e,21.3.1.5,Math.LOG2E,4,,,,,,,
sec-math.pi,21.3.1.6,Math.PI,4,,,,,,,
sec-math.sqrt1_2,21.3.1.7,Math.SQRT1_2,4,,,,,,,
sec-math.sqrt2,21.3.1.8,Math.SQRT2,4,,,,,,,
sec-math-%symbol.tostringtag%,21.3.1.9,Math [ %Symbol.toStringTag% ],4,,,,,,,
sec-function-properties-of-the-math-object,21.3.2,Function Properties of the Math Object,3,,,,,,,
sec-math.abs,21.3.2.1,Math.abs ( x ),4,built-in function,,,,,,
sec-math.acos,21.3.2.2,Math.acos ( x ),4,built-in function,,,,,,
sec-math.acosh,21.3.2.3,Math.acosh ( x ),4,built-in function,,,,,,
sec-math.asin,21.3.2.4,Math.asin ( x ),4,built-in function,,,,,,
sec-math.asinh,21.3.2.5,Math.asinh ( x ),4,built-in function,,,,,,
sec-math.atan,21.3.2.6,Math.atan ( x ),4,built-in function,,,,,,
sec-math.atanh,21.3.2.7,Math.atanh ( x ),4,built-in function,,,,,,
sec-math.atan2,21.3.2.8,"Math.atan2 ( y, x )",4,built-in function,,,,,,
sec-math.cbrt,21.3.2.9,Math.cbrt ( x ),4,built-in function,,,,,,
sec-math.ceil,21.3.2.10,Math.ceil ( x ),4,built-in function,,,,,,
sec-math.clz32,21.3.2.11,Math.clz32 ( x ),4,built-in function,,,,,,
sec-math.cos,21.3.2.12,Math.cos ( x ),4,built-in function,,,,,,
sec-math.cosh,21.3.2.13,Math.cosh ( x ),4,built-in function,,,,,,
sec-math.exp,21.3.2.14,Math.exp ( x ),4,built-in function,,,,,,
sec-math.expm1,21.3.2.15,Math.expm1 ( x ),4,built-in function,,,,,,
sec-math.floor,21.3.2.16,Math.floor ( x ),4,built-in function,,,,,,
sec-math.fround,21.3.2.17,Math.fround ( x ),4,built-in function,,,,,,
sec-math.f16round,21.3.2.18,Math.f16round ( x ),4,built-in function,,,,,,
sec-math.hypot,21.3.2.19,Math.hypot ( ...args ),4,built-in function,,,,,,
sec-math.imul,21.3.2.20,"Math.imul ( x, y )",4,built-in function,,,,,,
sec-math.log,21.3.2.21,Math.log ( x ),4,built-in function,,,,,,
sec-math.log1p,21.3.2.22,Math.log1p ( x ),4,built-in function,,,,,,
sec-math.log10,21.3.2.23,Math.log10 ( x ),4,built-in function,,,,,,
sec-math.log2,21.3.2.24,Math.log2 ( x ),4,built-in function,,,,,,
sec-math.max,21.3.2.25,Math.max ( ...args ),4,built-in function,,,,,,
sec-math.min,21.3.2.26,Math.min ( ...args ),4,built-in function,,,,,,
sec-math.pow,21.3.2.27,"Math.pow ( base, exponent )",4,built-in function,,,,,,
sec-math.random,21.3.2.28,Math.random ( ),4,built-in function,,,,,,
sec-math.round,21.3.2.29,Math.round ( x ),4,built-in function,,,,,,
sec-math.sign,21.3.2.30,Math.sign ( x ),4,built-in function,,,,,,
sec-math.sin,21.3.2.31,Math.sin ( x ),4,built-in function,,,,,,
sec-math.sinh,21.3.2.32,Math.sinh ( x ),4,built-in function,,,,,,
sec-math.sqrt,21.3.2.33,Math.sqrt ( x ),4,built-in function,,,,,,
sec-math.sumprecise,21.3.2.34,Math.sumPrecise ( items ),4,built-in function,,,,,,
sec-math.tan,21.3.2.35,Math.tan ( x ),4,built-in function,,,,,,
sec-math.tanh,21.3.2.36,Math.tanh ( x ),4,built-in function,,,,,,
sec-math.trunc,21.3.2.37,Math.trunc ( x ),4,built-in function,,,,,,
sec-date-objects,21.4,Date Objects,2,,,,,,,
sec-overview-of-date-objects-and-definitions-of-abstract-operations,21.4.1,Overview of Date Objects and Definitions of Abstract Operations,3,,,,,,,
sec-time-values-and-time-range,21.4.1.1,Time Values and Time Range,4,,,,,,,
sec-time-related-constants,21.4.1.2,Time-related Constants,4,,,,,,,
sec-day,21.4.1.3,Day ( t ),4,abstract operation,,,,,,
sec-timewithinday,21.4.1.4,TimeWithinDay ( t ),4,abstract operation,,,,,,
sec-daysinyear,21.4.1.5,DaysInYear ( y ),4,abstract operation,,,,,,
sec-dayfromyear,21.4.1.6,DayFromYear ( y ),4,abstract operation,,,,,,
sec-timefromyear,21.4.1.7,TimeFromYear ( y ),4,abstract operation,,,,,,
sec-yearfromtime,21.4.1.8,YearFromTime ( t ),4,abstract operation,,,,,,
sec-daywithinyear,21.4.1.9,DayWithinYear ( t ),4,abstract operation,,,,,,
sec-inleapyear,21.4.1.10,InLeapYear ( t ),4,abstract operation,,,,,,
sec-monthfromtime,21.4.1.11,MonthFromTime ( t ),4,abstract operation,,,,,,
sec-datefromtime,21.4.1.12,DateFromTime ( t ),4,abstract operation,,,,,,
sec-weekday,21.4.1.13,WeekDay ( t ),4,abstract operation,,,,,,
sec-hourfromtime,21.4.1.14,HourFromTime ( t ),4,abstract operation,,,,,,
sec-minfromtime,21.4.1.15,MinFromTime ( t ),4,abstract operation,,,,,,
sec-secfromtime,21.4.1.16,SecFromTime ( t ),4,abstract operation,,,,,,
sec-msfromtime,21.4.1.17,msFromTime ( t ),4,abstract operation,,,,,,
sec-getutcepochnanoseconds,21.4.1.18,"GetUTCEpochNanoseconds ( year, month, day, hour, minute, second, millisecond, microsecond, nanosecond )",4,abstract operation,,,,,,
sec-time-zone-identifiers,21.4.1.19,Time Zone Identifiers,4,,,,,,,
sec-getnamedtimezoneepochnanoseconds,21.4.1.20,"GetNamedTimeZoneEpochNanoseconds ( timeZoneIdentifier, year, month, day, hour, minute, second, millisecond, microsecond, nanosecond )",4,implementation-defined abstract operation,,,,,,
sec-getnamedtimezoneoffsetnanoseconds,21.4.1.21,"GetNamedTimeZoneOffsetNanoseconds ( timeZoneIdentifier, epochNanoseconds )",4,implementation-defined abstract operation,,,,,,
sec-time-zone-identifier-record,21.4.1.22,Time Zone Identifier Record,4,,,,,,,
sec-availablenamedtimezoneidentifiers,21.4.1.23,AvailableNamedTimeZoneIdentifiers ( ),4,implementation-defined abstract operation,,,,,,
sec-systemtimezoneidentifier,21.4.1.24,SystemTimeZoneIdentifier ( ),4,implementation-defined abstract operation,,,,,,
sec-localtime,21.4.1.25,LocalTime ( t ),4,abstract operation,,,,,,
sec-utc-t,21.4.1.26,UTC ( t ),4,abstract operation,,,,,,
sec-maketime,21.4.1.27,"MakeTime ( hour, min, sec, ms )",4,abstract operation,,,,,,
sec-makeday,21.4.1.28,"MakeDay ( year, month, date )",4,abstract operation,,,,,,
sec-makedate,21.4.1.29,"MakeDate ( day, time )",4,abstract operation,,,,,,
sec-makefullyear,21.4.1.30,MakeFullYear ( year ),4,abstract operation,,,,,,
sec-timeclip,21.4.1.31,TimeClip ( time ),4,abstract operation,,,,,,
sec-date-time-string-format,21.4.1.32,Date Time String Format,4,,,,,,,
sec-expanded-years,21.4.1.32.1,Expanded Years,5,,,,,,,
sec-time-zone-offset-strings,21.4.1.33,Time Zone Offset String Format,4,,,,,,,
sec-istimezoneoffsetstring,21.4.1.33.1,IsTimeZoneOffsetString ( offsetString ),5,abstract operation,,,,,,
sec-parsetimezoneoffsetstring,21.4.1.33.2,ParseTimeZoneOffsetString ( offsetString ),5,abstract operation,,,,,,
sec-date-constructor,21.4.2,The Date Constructor,3,,,,,,,
sec-date,21.4.2.1,Date ( ...values ),4,built-in function,,,,,,
sec-properties-of-the-date-constructor,21.4.3,Properties of the Date Constructor,3,,,,,,,
sec-date.now,21.4.3.1,Date.now ( ),4,built-in function,,,,,,
sec-date.parse,21.4.3.2,Date.parse ( string ),4,built-in function,,,,,,
sec-date.prototype,21.4.3.3,Date.prototype,4,,,,,,,
sec-date.utc,21.4.3.4,"Date.UTC ( year [ , month [ , date [ , hours [ , minutes [ , seconds [ , ms ] ] ] ] ] ] )",4,built-in function,,,,,,
sec-properties-of-the-date-prototype-object,21.4.4,Properties of the Date Prototype Object,3,,,,,,,
sec-date.prototype.constructor,21.4.4.1,Date.prototype.constructor,4,,,,,,,
sec-date.prototype.getdate,21.4.4.2,Date.prototype.getDate ( ),4,built-in function,,,,,,
sec-date.prototype.getday,21.4.4.3,Date.prototype.getDay ( ),4,built-in function,,,,,,
sec-date.prototype.getfullyear,21.4.4.4,Date.prototype.getFullYear ( ),4,built-in function,,,,,,
sec-date.prototype.gethours,21.4.4.5,Date.prototype.getHours ( ),4,built-in function,,,,,,
sec-date.prototype.getmilliseconds,21.4.4.6,Date.prototype.getMilliseconds ( ),4,built-in function,,,,,,
sec-date.prototype.getminutes,21.4.4.7,Date.prototype.getMinutes ( ),4,built-in function,,,,,,
sec-date.prototype.getmonth,21.4.4.8,Date.prototype.getMonth ( ),4,built-in function,,,,,,
sec-date.prototype.getseconds,21.4.4.9,Date.prototype.getSeconds ( ),4,built-in function,,,,,,
sec-date.prototype.gettime,21.4.4.10,Date.prototype.getTime ( ),4,built-in function,,,,,,
sec-date.prototype.gettimezoneoffset,21.4.4.11,Date.prototype.getTimezoneOffset ( ),4,built-in function,,,,,,
sec-date.prototype.getutcdate,21.4.4.12,Date.prototype.getUTCDate ( ),4,built-in function,,,,,,
sec-date.prototype.getutcday,21.4.4.13,Date.prototype.getUTCDay ( ),4,built-in function,,,,,,
sec-date.prototype.getutcfullyear,21.4.4.14,Date.prototype.getUTCFullYear ( ),4,built-in function,,,,,,
sec-date.prototype.getutchours,21.4.4.15,Date.prototype.getUTCHours ( ),4,built-in function,,,,,,
sec-date.prototype.getutcmilliseconds,21.4.4.16,Date.prototype.getUTCMilliseconds ( ),4,built-in function,,,,,,
sec-date.prototype.getutcminutes,21.4.4.17,Date.prototype.getUTCMinutes ( ),4,built-in function,,,,,,
sec-date.prototype.getutcmonth,21.4.4.18,Date.prototype.getUTCMonth ( ),4,built-in function,,,,,,
sec-date.prototype.getutcseconds,21.4.4.19,Date.prototype.getUTCSeconds ( ),4,built-in function,,,,,,
sec-date.prototype.setdate,21.4.4.20,Date.prototype.setDate ( date ),4,built-in function,,,,,,
sec-date.prototype.setfullyear,21.4.4.21,"Date.prototype.setFullYear ( year [ , month [ , date ] ] )",4,built-in function,,,,,,
sec-date.prototype.sethours,21.4.4.22,"Date.prototype.setHours ( hour [ , min [ , sec [ , ms ] ] ] )",4,built-in function,,,,,,
sec-date.prototype.setmilliseconds,21.4.4.23,Date.prototype.setMilliseconds ( ms ),4,built-in function,,,,,,
sec-date.prototype.setminutes,21.4.4.24,"Date.prototype.setMinutes ( min [ , sec [ , ms ] ] )",4,built-in function,,,,,,
sec-date.prototype.setmonth,21.4.4.25,"Date.prototype.setMonth ( month [ , date ] )",4,built-in function,,,,,,
sec-date.prototype.setseconds,21.4.4.26,"Date.prototype.setSeconds ( sec [ , ms ] )",4,built-in function,,,,,,
sec-date.prototype.settime,21.4.4.27,Date.prototype.setTime ( time ),4,built-in function,,,,,,
sec-date.prototype.setutcdate,21.4.4.28,Date.prototype.setUTCDate ( date ),4,built-in function,,,,,,
sec-date.prototype.setutcfullyear,21.4.4.29,"Date.prototype.setUTCFullYear ( year [ , month [ , date ] ] )",4,built-in function,,,,,,
sec-date.prototype.setutchours,21.4.4.30,"Date.prototype.setUTCHours ( hour [ , min [ , sec [ , ms ] ] ] )",4,built-in function,,,,,,
sec-date.prototype.setutcmilliseconds,21.4.4.31,Date.prototype.setUTCMilliseconds ( ms ),4,built-in function,,,,,,
sec-date.prototype.setutcminutes,21.4.4.32,"Date.prototype.setUTCMinutes ( min [ , sec [ , ms ] ] )",4,built-in function,,,,,,
sec-date.prototype.setutcmonth,21.4.4.33,"Date.prototype.setUTCMonth ( month [ , date ] )",4,built-in function,,,,,,
sec-date.prototype.setutcseconds,21.4.4.34,"Date.prototype.setUTCSeconds ( sec [ , ms ] )",4,built-in function,,,,,,
sec-date.prototype.todatestring,21.4.4.35,Date.prototype.toDateString ( ),4,built-in function,,,,,,
sec-date.prototype.toisostring,21.4.4.36,Date.prototype.toISOString ( ),4,built-in function,,,,,,
sec-date.prototype.tojson,21.4.4.37,Date.prototype.toJSON ( key ),4,built-in function,,,,,,
sec-date.prototype.tolocaledatestring,21.4.4.38,"Date.prototype.toLocaleDateString ( [ reserved1 [ , reserved2 ] ] )",4,built-in function,,,,,,
sec-date.prototype.tolocalestring,21.4.4.39,"Date.prototype.toLocaleString ( [ reserved1 [ , reserved2 ] ] )",4,built-in function,,,,,,
sec-date.prototype.tolocaletimestring,21.4.4.40,"Date.prototype.toLocaleTimeString ( [ reserved1 [ , reserved2 ] ] )",4,built-in function,,,,,,
sec-date.prototype.tostring,21.4.4.41,Date.prototype.toString ( ),4,built-in function,,,,,,
sec-timestring,21.4.4.41.1,TimeString ( tv ),5,abstract operation,,,,,,
sec-datestring,21.4.4.41.2,DateString ( tv ),5,abstract operation,,,,,,
sec-timezoneestring,21.4.4.41.3,TimeZoneString ( tv ),5,abstract operation,,,,,,
sec-todatestring,21.4.4.41.4,ToDateString ( tv ),5,abstract operation,,,,,,
sec-date.prototype.totimestring,21.4.4.42,Date.prototype.toTimeString ( ),4,built-in function,,,,,,
sec-date.prototype.toutcstring,21.4.4.43,Date.prototype.toUTCString ( ),4,built-in function,,,,,,
sec-date.prototype.valueof,21.4.4.44,Date.prototype.valueOf ( ),4,built-in function,,,,,,
sec-date.prototype-%symbol.toprimitive%,21.4.4.45,Date.prototype [ %Symbol.toPrimitive% ] ( hint ),4,built-in function,,,,,,
sec-properties-of-date-instances,21.4.5,Properties of Date Instances,3,,,,,,,
sec-text-processing,22,Text Processing,1,,,,,,,
sec-string-objects,22.1,String Objects,2,,,,,,,
sec-string-constructor,22.1.1,The String Constructor,3,,,,,,,
sec-string-constructor-string-value,22.1.1.1,String ( value ),4,built-in function,,,,,,
sec-properties-of-the-string-constructor,22.1.2,Properties of the String Constructor,3,,,,,,,
sec-string.fromcharcode,22.1.2.1,String.fromCharCode ( ...codeUnits ),4,built-in function,,,,,,
sec-string.fromcodepoint,22.1.2.2,String.fromCodePoint ( ...codePoints ),4,built-in function,,,,,,
sec-string.prototype,22.1.2.3,String.prototype,4,,,,,,,
sec-string.raw,22.1.2.4,"String.raw ( template, ...substitutions )",4,built-in function,,,,,,
sec-properties-of-the-string-prototype-object,22.1.3,Properties of the String Prototype Object,3,,,,,,,
sec-string.prototype.at,22.1.3.1,String.prototype.at ( index ),4,built-in function,,,,,,
sec-string.prototype.charat,22.1.3.2,String.prototype.charAt ( pos ),4,built-in function,,,,,,
sec-string.prototype.charcodeat,22.1.3.3,String.prototype.charCodeAt ( pos ),4,built-in function,,,,,,
sec-string.prototype.codepointat,22.1.3.4,String.prototype.codePointAt ( pos ),4,built-in function,,,,,,
sec-string.prototype.concat,22.1.3.5,String.prototype.concat ( ...args ),4,built-in function,,,,,,
sec-string.prototype.constructor,22.1.3.6,String.prototype.constructor,4,,,,,,,
sec-string.prototype.endswith,22.1.3.7,"String.prototype.endsWith ( searchString [ , endPosition ] )",4,built-in function,,,,,,
sec-string.prototype.includes,22.1.3.8,"String.prototype.includes ( searchString [ , position ] )",4,built-in function,,,,,,
sec-string.prototype.indexof,22.1.3.9,"String.prototype.indexOf ( searchString [ , position ] )",4,built-in function,,,,,,
sec-string.prototype.iswellformed,22.1.3.10,String.prototype.isWellFormed ( ),4,built-in function,,,,,,
sec-string.prototype.lastindexof,22.1.3.11,"String.prototype.lastIndexOf ( searchString [ , position ] )",4,built-in function,,,,,,
sec-string.prototype.localecompare,22.1.3.12,"String.prototype.localeCompare ( that [ , reserved1 [ , reserved2 ] ] )",4,built-in function,,,,,,
sec-string.prototype.match,22.1.3.13,String.prototype.match ( regexp ),4,built-in function,,,,,,
sec-string.prototype.matchall,22.1.3.14,String.prototype.matchAll ( regexp ),4,built-in function,,,,,,
sec-string.prototype.normalize,22.1.3.15,String.prototype.normalize ( [ form ] ),4,built-in function,,,,,,
sec-string.prototype.padend,22.1.3.16,"String.prototype.padEnd ( maxLength [ , fillString ] )",4,built-in function,,,,,,
sec-string.prototype.padstart,22.1.3.17,"String.prototype.padStart ( maxLength [ , fillString ] )",4,built-in function,,,,,,
sec-stringpaddingbuiltinsimpl,22.1.3.17.1,"StringPaddingBuiltinsImpl ( O, maxLength, fillString, placement )",5,abstract operation,,,,,,
sec-stringpad,22.1.3.17.2,"StringPad ( S, maxLength, fillString, placement )",5,abstract operation,,,,,,
sec-tozeropaddeddecimalstring,22.1.3.17.3,"ToZeroPaddedDecimalString ( n, minLength )",5,abstract operation,,,,,,
sec-string.prototype.repeat,22.1.3.18,String.prototype.repeat ( count ),4,built-in function,,,,,,
sec-string.prototype.replace,22.1.3.19,"String.prototype.replace ( searchValue, replaceValue )",4,built-in function,,,,,,
sec-getsubstitution,22.1.3.19.1,"GetSubstitution ( matched, str, position, captures, namedCaptures, replacementTemplate )",5,abstract operation,,,,,,
sec-string.prototype.replaceall,22.1.3.20,"String.prototype.replaceAll ( searchValue, replaceValue )",4,built-in function,,,,,,
sec-string.prototype.search,22.1.3.21,String.prototype.search ( regexp ),4,built-in function,,,,,,
sec-string.prototype.slice,22.1.3.22,"String.prototype.slice ( start, end )",4,built-in function,,,,,,
sec-string.prototype.split,22.1.3.23,"String.prototype.split ( separator, limit )",4,built-in function,,,,,,
sec-string.prototype.startswith,22.1.3.24,"String.prototype.startsWith ( searchString [ , position ] )",4,built-in function,,,,,,
sec-string.prototype.substring,22.1.3.25,"String.prototype.substring ( start, end )",4,built-in function,,,,,,
sec-string.prototype.tolocalelowercase,22.1.3.26,"String.prototype.toLocaleLowerCase ( [ reserved1 [ , reserved2 ] ] )",4,built-in function,,,,,,
sec-string.prototype.tolocaleuppercase,22.1.3.27,"String.prototype.toLocaleUpperCase ( [ reserved1 [ , reserved2 ] ] )",4,built-in function,,,,,,
sec-string.prototype.tolowercase,22.1.3.28,String.prototype.toLowerCase ( ),4,built-in function,,,,,,
sec-string.prototype.tostring,22.1.3.29,String.prototype.toString ( ),4,built-in function,,,,,,
sec-string.prototype.touppercase,22.1.3.30,String.prototype.toUpperCase ( ),4,built-in function,,,,,,
sec-string.prototype.towellformed,22.1.3.31,String.prototype.toWellFormed ( ),4,built-in function,,,,,,
sec-string.prototype.trim,22.1.3.32,String.prototype.trim ( ),4,built-in function,,,,,,
sec-trimstring,22.1.3.32.1,"TrimString ( string, where )",5,abstract operation,,,,,,
sec-string.prototype.trimend,22.1.3.33,String.prototype.trimEnd ( ),4,built-in function,,,,,,
sec-string.prototype.trimstart,22.1.3.34,String.prototype.trimStart ( ),4,built-in function,,,,,,
sec-string.prototype.valueof,22.1.3.35,String.prototype.valueOf ( ),4,built-in function,,,,,,
sec-thisstringvalue,22.1.3.35.1,ThisStringValue ( value ),5,abstract operation,,,,,,
sec-string.prototype-%symbol.iterator%,22.1.3.36,String.prototype [ %Symbol.iterator% ] ( ),4,built-in function,,,,,,
sec-properties-of-string-instances,22.1.4,Properties of String Instances,3,,,,,,,
sec-properties-of-string-instances-length,22.1.4.1,length,4,,,,,,,
sec-string-iterator-objects,22.1.5,String Iterator Objects,3,,,,,,,
sec-%stringiteratorprototype%-object,22.1.5.1,The %StringIteratorPrototype% Object,4,,,,,,,
sec-%stringiteratorprototype%.next,22.1.5.1.1,%StringIteratorPrototype%.next ( ),5,built-in function,,,,,,
sec-%stringiteratorprototype%-%symbol.tostringtag%,22.1.5.1.2,%StringIteratorPrototype% [ %Symbol.toStringTag% ],5,,,,,,,
sec-regexp-regular-expression-objects,22.2,RegExp (Regular Expression) Objects,2,,,,,,,
sec-patterns,22.2.1,Patterns,3,,,,,,,
sec-patterns-static-semantics-early-errors,22.2.1.1,Static Semantics: Early Errors,4,,,,,,,
sec-countleftcapturingparenswithin,22.2.1.2,Static Semantics: CountLeftCapturingParensWithin ( node ),4,abstract operation,,,,,,
sec-countleftcapturingparensbefore,22.2.1.3,Static Semantics: CountLeftCapturingParensBefore ( node ),4,abstract operation,,,,,,
sec-mightbothparticipate,22.2.1.4,"Static Semantics: MightBothParticipate ( x, y )",4,abstract operation,,,,,,
sec-patterns-static-semantics-capturing-group-number,22.2.1.5,Static Semantics: CapturingGroupNumber,4,sdo,,,,,,
sec-patterns-static-semantics-is-character-class,22.2.1.6,Static Semantics: IsCharacterClass,4,sdo,,,,,,
sec-patterns-static-semantics-character-value,22.2.1.7,Static Semantics: CharacterValue,4,sdo,,,,,,
sec-static-semantics-maycontainstrings,22.2.1.8,Static Semantics: MayContainStrings,4,sdo,,,,,,
sec-groupspecifiersthatmatch,22.2.1.9,Static Semantics: GroupSpecifiersThatMatch ( thisGroupName ),4,abstract operation,,,,,,
sec-static-semantics-capturinggroupname,22.2.1.10,Static Semantics: CapturingGroupName,4,sdo,,,,,,
sec-regexpidentifiercodepoints,22.2.1.11,Static Semantics: RegExpIdentifierCodePoints,4,sdo,,,,,,
sec-regexpidentifiercodepoint,22.2.1.12,Static Semantics: RegExpIdentifierCodePoint,4,sdo,,,,,,
sec-pattern-semantics,22.2.2,Pattern Semantics,3,,,,,,,
sec-pattern-notation,22.2.2.1,Notation,4,,,,,,,
sec-regexp-records,22.2.2.1.1,RegExp Records,5,,,,,,,
sec-compilepattern,22.2.2.2,Runtime Semantics: CompilePattern,4,sdo,,,,,,
sec-compilesubpattern,22.2.2.3,Runtime Semantics: CompileSubpattern,4,sdo,,,,,,
sec-runtime-semantics-repeatmatcher-abstract-operation,22.2.2.3.1,"RepeatMatcher ( m, min, max, greedy, x, c, parenIndex, parenCount )",5,abstract operation,,,,,,
sec-emptymatcher,22.2.2.3.2,EmptyMatcher ( ),5,abstract operation,,,,,,
sec-matchtwoalternatives,22.2.2.3.3,"MatchTwoAlternatives ( m1, m2 )",5,abstract operation,,,,,,
sec-matchsequence,22.2.2.3.4,"MatchSequence ( m1, m2, direction )",5,abstract operation,,,,,,
sec-compileassertion,22.2.2.4,Runtime Semantics: CompileAssertion,4,sdo,,,,,,
sec-runtime-semantics-iswordchar-abstract-operation,22.2.2.4.1,"IsWordChar ( rer, Input, e )",5,abstract operation,,,,,,
sec-compilequantifier,22.2.2.5,Runtime Semantics: CompileQuantifier,4,sdo,,,,,,
sec-compilequantifierprefix,22.2.2.6,Runtime Semantics: CompileQuantifierPrefix,4,sdo,,,,,,
sec-compileatom,22.2.2.7,Runtime Semantics: CompileAtom,4,sdo,,,,,,
sec-runtime-semantics-charactersetmatcher-abstract-operation,22.2.2.7.1,"CharacterSetMatcher ( rer, A, invert, direction )",5,abstract operation,,,,,,
sec-backreference-matcher,22.2.2.7.2,"BackreferenceMatcher ( rer, ns, direction )",5,abstract operation,,,,,,
sec-runtime-semantics-canonicalize-ch,22.2.2.7.3,"Canonicalize ( rer, ch )",5,abstract operation,,,,,,
sec-updatemodifiers,22.2.2.7.4,"UpdateModifiers ( rer, add, remove )",5,abstract operation,,,,,,
sec-compilecharacterclass,22.2.2.8,Runtime Semantics: CompileCharacterClass,4,sdo,,,,,,
sec-compiletocharset,22.2.2.9,Runtime Semantics: CompileToCharSet,4,sdo,,,,,,
sec-runtime-semantics-characterrange-abstract-operation,22.2.2.9.1,"CharacterRange ( A, B )",5,abstract operation,,,,,,
sec-runtime-semantics-haseitherunicodeflag-abstract-operation,22.2.2.9.2,HasEitherUnicodeFlag ( rer ),5,abstract operation,,,,,,
sec-wordcharacters,22.2.2.9.3,WordCharacters ( rer ),5,abstract operation,,,,,,
sec-allcharacters,22.2.2.9.4,AllCharacters ( rer ),5,abstract operation,,,,,,
sec-maybesimplecasefolding,22.2.2.9.5,"MaybeSimpleCaseFolding ( rer, A )",5,abstract operation,,,,,,
sec-charactercomplement,22.2.2.9.6,"CharacterComplement ( rer, S )",5,abstract operation,,,,,,
sec-runtime-semantics-unicodematchproperty-p,22.2.2.9.7,"UnicodeMatchProperty ( rer, p )",5,abstract operation,,,,,,
sec-runtime-semantics-unicodematchpropertyvalue-p-v,22.2.2.9.8,"UnicodeMatchPropertyValue ( p, v )",5,abstract operation,,,,,,
sec-compileclasssetstring,22.2.2.10,Runtime Semantics: CompileClassSetString,4,sdo,,,,,,
sec-abstract-operations-for-regexp-creation,22.2.3,Abstract Operations for RegExp Creation,3,,,,,,,
sec-regexpcreate,22.2.3.1,"RegExpCreate ( P, F )",4,abstract operation,,,,,,
sec-regexpalloc,22.2.3.2,RegExpAlloc ( newTarget ),4,abstract operation,,,,,,
sec-regexpinitialize,22.2.3.3,"RegExpInitialize ( obj, pattern, flags )",4,abstract operation,,,,,,
sec-parsepattern,22.2.3.4,"Static Semantics: ParsePattern ( patternText, u, v )",4,abstract operation,,,,,,
sec-regexp-constructor,22.2.4,The RegExp Constructor,3,,,,,,,
sec-regexp-pattern-flags,22.2.4.1,"RegExp ( pattern, flags )",4,built-in function,,,,,,
sec-properties-of-the-regexp-constructor,22.2.5,Properties of the RegExp Constructor,3,,,,,,,
sec-regexp.escape,22.2.5.1,RegExp.escape ( S ),4,built-in function,,,,,,
sec-encodeforregexpescape,22.2.5.1.1,EncodeForRegExpEscape ( cp ),5,abstract operation,,,,,,
sec-regexp.prototype,22.2.5.2,RegExp.prototype,4,,,,,,,
sec-get-regexp-%symbol.species%,22.2.5.3,get RegExp [ %Symbol.species% ],4,built-in function,,,,,,
sec-properties-of-the-regexp-prototype-object,22.2.6,Properties of the RegExp Prototype Object,3,,,,,,,
sec-regexp.prototype.constructor,22.2.6.1,RegExp.prototype.constructor,4,,,,,,,
sec-regexp.prototype.exec,22.2.6.2,RegExp.prototype.exec ( string ),4,built-in function,,,,,,
sec-get-regexp.prototype.dotAll,22.2.6.3,get RegExp.prototype.dotAll,4,built-in function,,,,,,
sec-get-regexp.prototype.flags,22.2.6.4,get RegExp.prototype.flags,4,built-in function,,,,,,
sec-regexphasflag,22.2.6.4.1,"RegExpHasFlag ( R, codeUnit )",5,abstract operation,,,,,,
sec-get-regexp.prototype.global,22.2.6.5,get RegExp.prototype.global,4,built-in function,,,,,,
sec-get-regexp.prototype.hasIndices,22.2.6.6,get RegExp.prototype.hasIndices,4,built-in function,,,,,,
sec-get-regexp.prototype.ignorecase,22.2.6.7,get RegExp.prototype.ignoreCase,4,built-in function,,,,,,
sec-regexp.prototype-%symbol.match%,22.2.6.8,RegExp.prototype [ %Symbol.match% ] ( string ),4,built-in function,,,,,,
sec-regexp-prototype-%symbol.matchall%,22.2.6.9,RegExp.prototype [ %Symbol.matchAll% ] ( string ),4,built-in function,,,,,,
sec-get-regexp.prototype.multiline,22.2.6.10,get RegExp.prototype.multiline,4,built-in function,,,,,,
sec-regexp.prototype-%symbol.replace%,22.2.6.11,"RegExp.prototype [ %Symbol.replace% ] ( string, replaceValue )",4,built-in function,,,,,,
sec-regexp.prototype-%symbol.search%,22.2.6.12,RegExp.prototype [ %Symbol.search% ] ( string ),4,built-in function,,,,,,
sec-get-regexp.prototype.source,22.2.6.13,get RegExp.prototype.source,4,built-in function,,,,,,
sec-escaperegexppattern,22.2.6.13.1,"EscapeRegExpPattern ( P, F )",5,abstract operation,,,,,,
sec-regexp.prototype-%symbol.split%,22.2.6.14,"RegExp.prototype [ %Symbol.split% ] ( string, limit )",4,built-in function,,,,,,
sec-get-regexp.prototype.sticky,22.2.6.15,get RegExp.prototype.sticky,4,built-in function,,,,,,
sec-regexp.prototype.test,22.2.6.16,RegExp.prototype.test ( S ),4,built-in function,,,,,,
sec-regexp.prototype.tostring,22.2.6.17,RegExp.prototype.toString ( ),4,built-in function,,,,,,
sec-get-regexp.prototype.unicode,22.2.6.18,get RegExp.prototype.unicode,4,built-in function,,,,,,
sec-get-regexp.prototype.unicodesets,22.2.6.19,get RegExp.prototype.unicodeSets,4,built-in function,,,,,,
sec-abstract-operations-for-regexp-matching,22.2.7,Abstract Operations for RegExp Matching,3,,,,,,,
sec-regexpexec,22.2.7.1,"RegExpExec ( R, S )",4,abstract operation,,,,,,
sec-regexpbuiltinexec,22.2.7.2,"RegExpBuiltinExec ( R, S )",4,abstract operation,,,,,,
sec-advancestringindex,22.2.7.3,"AdvanceStringIndex ( S, index, unicode )",4,abstract operation,,,,,,
sec-getstringindex,22.2.7.4,"GetStringIndex ( S, codePointIndex )",4,abstract operation,,,,,,
sec-match-records,22.2.7.5,Match Records,4,,,,,,,
sec-getmatchstring,22.2.7.6,"GetMatchString ( S, match )",4,abstract operation,,,,,,
sec-getmatchindexpair,22.2.7.7,"GetMatchIndexPair ( S, match )",4,abstract operation,,,,,,
sec-makematchindicesindexpairarray,22.2.7.8,"MakeMatchIndicesIndexPairArray ( S, indices, groupNames, hasGroups )",4,abstract operation,,,,,,
sec-properties-of-regexp-instances,22.2.8,Properties of RegExp Instances,3,,,,,,,
sec-lastindex,22.2.8.1,lastIndex,4,,,,,,,
sec-regexp-string-iterator-objects,22.2.9,RegExp String Iterator Objects,3,,,,,,,
sec-createregexpstringiterator,22.2.9.1,"CreateRegExpStringIterator ( R, S, global, fullUnicode )",4,abstract operation,,,,,,
sec-%regexpstringiteratorprototype%-object,22.2.9.2,The %RegExpStringIteratorPrototype% Object,4,,,,,,,
sec-%regexpstringiteratorprototype%.next,22.2.9.2.1,%RegExpStringIteratorPrototype%.next ( ),5,built-in function,,,,,,
sec-%regexpstringiteratorprototype%-%symbol.tostringtag%,22.2.9.2.2,%RegExpStringIteratorPrototype% [ %Symbol.toStringTag% ],5,,,,,,,
sec-properties-of-regexp-string-iterator-instances,22.2.9.3,Properties of RegExp String Iterator Instances,4,,,,,,,
sec-indexed-collections,23,Indexed Collections,1,,,,,,,
sec-array-objects,23.1,Array Objects,2,,,,,,,
sec-array-constructor,23.1.1,The Array Constructor,3,,,,,,,
sec-array,23.1.1.1,Array ( ...values ),4,built-in function,,,,,,
sec-properties-of-the-array-constructor,23.1.2,Properties of the Array Constructor,3,,,,,,,
sec-array.from,23.1.2.1,"Array.from ( items [ , mapper [ , thisArg ] ] )",4,built-in function,,,,,,
sec-array.fromasync,23.1.2.2,"Array.fromAsync ( items [ , mapper [ , thisArg ] ] )",4,built-in function,,,,,,
sec-array.isarray,23.1.2.3,Array.isArray ( arg ),4,built-in function,,,,,,
sec-array.of,23.1.2.4,Array.of ( ...items ),4,built-in function,,,,,,
sec-array.prototype,23.1.2.5,Array.prototype,4,,,,,,,
sec-get-array-%symbol.species%,23.1.2.6,get Array [ %Symbol.species% ],4,built-in function,,,,,,
sec-properties-of-the-array-prototype-object,23.1.3,Properties of the Array Prototype Object,3,,,,,,,
sec-array.prototype.at,23.1.3.1,Array.prototype.at ( index ),4,built-in function,,,,,,
sec-array.prototype.concat,23.1.3.2,Array.prototype.concat ( ...items ),4,built-in function,,,,,,
sec-isconcatspreadable,23.1.3.2.1,IsConcatSpreadable ( O ),5,abstract operation,,,,,,
sec-array.prototype.constructor,23.1.3.3,Array.prototype.constructor,4,,,,,,,
sec-array.prototype.copywithin,23.1.3.4,"Array.prototype.copyWithin ( target, start [ , end ] )",4,built-in function,,,,,,
sec-array.prototype.entries,23.1.3.5,Array.prototype.entries ( ),4,built-in function,,,,,,
sec-array.prototype.every,23.1.3.6,"Array.prototype.every ( callback [ , thisArg ] )",4,built-in function,,,,,,
sec-array.prototype.fill,23.1.3.7,"Array.prototype.fill ( value [ , start [ , end ] ] )",4,built-in function,,,,,,
sec-array.prototype.filter,23.1.3.8,"Array.prototype.filter ( callback [ , thisArg ] )",4,built-in function,,,,,,
sec-array.prototype.find,23.1.3.9,"Array.prototype.find ( predicate [ , thisArg ] )",4,built-in function,,,,,,
sec-array.prototype.findindex,23.1.3.10,"Array.prototype.findIndex ( predicate [ , thisArg ] )",4,built-in function,,,,,,
sec-array.prototype.findlast,23.1.3.11,"Array.prototype.findLast ( predicate [ , thisArg ] )",4,built-in function,,,,,,
sec-array.prototype.findlastindex,23.1.3.12,"Array.prototype.findLastIndex ( predicate [ , thisArg ] )",4,built-in function,,,,,,
sec-findviapredicate,23.1.3.12.1,"FindViaPredicate ( O, len, direction, predicate, thisArg )",5,abstract operation,,,,,,
sec-array.prototype.flat,23.1.3.13,Array.prototype.flat ( [ depth ] ),4,built-in function,,,,,,
sec-flattenintoarray,23.1.3.13.1,"FlattenIntoArray ( target, source, sourceLen, start, depth [ , mapperFunction [ , thisArg ] ] )",5,abstract operation,,,,,,
sec-array.prototype.flatmap,23.1.3.14,"Array.prototype.flatMap ( mapperFunction [ , thisArg ] )",4,built-in function,,,,,,
sec-array.prototype.foreach,23.1.3.15,"Array.prototype.forEach ( callback [ , thisArg ] )",4,built-in function,,,,,,
sec-array.prototype.includes,23.1.3.16,"Array.prototype.includes ( searchElement [ , fromIndex ] )",4,built-in function,,,,,,
sec-array.prototype.indexof,23.1.3.17,"Array.prototype.indexOf ( searchElement [ , fromIndex ] )",4,built-in function,,,,,,
sec-array.prototype.join,23.1.3.18,Array.prototype.join ( separator ),4,built-in function,,,,,,
sec-array.prototype.keys,23.1.3.19,Array.prototype.keys ( ),4,built-in function,,,,,,
sec-array.prototype.lastindexof,23.1.3.20,"Array.prototype.lastIndexOf ( searchElement [ , fromIndex ] )",4,built-in function,,,,,,
sec-array.prototype.map,23.1.3.21,"Array.prototype.map ( callback [ , thisArg ] )",4,built-in function,,,,,,
sec-array.prototype.pop,23.1.3.22,Array.prototype.pop ( ),4,built-in function,,,,,,
sec-array.prototype.push,23.1.3.23,Array.prototype.push ( ...items ),4,built-in function,,,,,,
sec-array.prototype.reduce,23.1.3.24,"Array.prototype.reduce ( callback [ , initialValue ] )",4,built-in function,,,,,,
sec-array.prototype.reduceright,23.1.3.25,"Array.prototype.reduceRight ( callback [ , initialValue ] )",4,built-in function,,,,,,
sec-array.prototype.reverse,23.1.3.26,Array.prototype.reverse ( ),4,built-in function,,,,,,
sec-array.prototype.shift,23.1.3.27,Array.prototype.shift ( ),4,built-in function,,,,,,
sec-array.prototype.slice,23.1.3.28,"Array.prototype.slice ( start, end )",4,built-in function,,,,,,
sec-array.prototype.some,23.1.3.29,"Array.prototype.some ( callback [ , thisArg ] )",4,built-in function,,,,,,
sec-array.prototype.sort,23.1.3.30,Array.prototype.sort ( comparator ),4,built-in function,,,,,,
sec-sortindexedproperties,23.1.3.30.1,"SortIndexedProperties ( obj, len, SortCompare, holes )",5,abstract operation,,,,,,
sec-comparearrayelements,23.1.3.30.2,"CompareArrayElements ( x, y, comparator )",5,abstract operation,,,,,,
sec-array.prototype.splice,23.1.3.31,"Array.prototype.splice ( start, deleteCount, ...items )",4,built-in function,,,,,,
sec-array.prototype.tolocalestring,23.1.3.32,"Array.prototype.toLocaleString ( [ reserved1 [ , reserved2 ] ] )",4,built-in function,,,,,,
sec-array.prototype.toreversed,23.1.3.33,Array.prototype.toReversed ( ),4,built-in function,,,,,,
sec-array.prototype.tosorted,23.1.3.34,Array.prototype.toSorted ( comparator ),4,built-in function,,,,,,
sec-array.prototype.tospliced,23.1.3.35,"Array.prototype.toSpliced ( start, skipCount, ...items )",4,built-in function,,,,,,
sec-array.prototype.tostring,23.1.3.36,Array.prototype.toString ( ),4,built-in function,,,,,,
sec-array.prototype.unshift,23.1.3.37,Array.prototype.unshift ( ...items ),4,built-in function,,,,,,
sec-array.prototype.values,23.1.3.38,Array.prototype.values ( ),4,built-in function,,,,,,
sec-array.prototype.with,23.1.3.39,"Array.prototype.with ( index, value )",4,built-in function,,,,,,
sec-array.prototype-%symbol.iterator%,23.1.3.40,Array.prototype [ %Symbol.iterator% ] ( ),4,built-in function,,,,,,
sec-array.prototype-%symbol.unscopables%,23.1.3.41,Array.prototype [ %Symbol.unscopables% ],4,,,,,,,
sec-properties-of-array-instances,23.1.4,Properties of Array Instances,3,,,,,,,
sec-properties-of-array-instances-length,23.1.4.1,length,4,,,,,,,
sec-array-iterator-objects,23.1.5,Array Iterator Objects,3,,,,,,,
sec-createarrayiterator,23.1.5.1,"CreateArrayIterator ( array, kind )",4,abstract operation,,,,,,
sec-%arrayiteratorprototype%-object,23.1.5.2,The %ArrayIteratorPrototype% Object,4,,,,,,,
sec-%arrayiteratorprototype%.next,23.1.5.2.1,%ArrayIteratorPrototype%.next ( ),5,built-in function,,,,,,
sec-%arrayiteratorprototype%-%symbol.tostringtag%,23.1.5.2.2,%ArrayIteratorPrototype% [ %Symbol.toStringTag% ],5,,,,,,,
sec-properties-of-array-iterator-instances,23.1.5.3,Properties of Array Iterator Instances,4,,,,,,,
sec-typedarray-objects,23.2,TypedArray Objects,2,,,,,,,
sec-%typedarray%-intrinsic-object,23.2.1,The %TypedArray% Intrinsic Object,3,,,,,,,
sec-%typedarray%,23.2.1.1,%TypedArray% ( ),4,built-in function,,,,,,
sec-properties-of-the-%typedarray%-intrinsic-object,23.2.2,Properties of the %TypedArray% Intrinsic Object,3,,,,,,,
sec-%typedarray%.from,23.2.2.1,"%TypedArray%.from ( source [ , mapper [ , thisArg ] ] )",4,built-in function,,,,,,
sec-%typedarray%.of,23.2.2.2,%TypedArray%.of ( ...items ),4,built-in function,,,,,,
sec-%typedarray%.prototype,23.2.2.3,%TypedArray%.prototype,4,,,,,,,
sec-get-%typedarray%-%symbol.species%,23.2.2.4,get %TypedArray% [ %Symbol.species% ],4,built-in function,,,,,,
sec-properties-of-the-%typedarrayprototype%-object,23.2.3,Properties of the %TypedArray% Prototype Object,3,,,,,,,
sec-%typedarray%.prototype.at,23.2.3.1,%TypedArray%.prototype.at ( index ),4,built-in function,,,,,,
sec-get-%typedarray%.prototype.buffer,23.2.3.2,get %TypedArray%.prototype.buffer,4,built-in function,,,,,,
sec-get-%typedarray%.prototype.bytelength,23.2.3.3,get %TypedArray%.prototype.byteLength,4,built-in function,,,,,,
sec-get-%typedarray%.prototype.byteoffset,23.2.3.4,get %TypedArray%.prototype.byteOffset,4,built-in function,,,,,,
sec-%typedarray%.prototype.constructor,23.2.3.5,%TypedArray%.prototype.constructor,4,,,,,,,
sec-%typedarray%.prototype.copywithin,23.2.3.6,"%TypedArray%.prototype.copyWithin ( target, start [ , end ] )",4,built-in function,,,,,,
sec-%typedarray%.prototype.entries,23.2.3.7,%TypedArray%.prototype.entries ( ),4,built-in function,,,,,,
sec-%typedarray%.prototype.every,23.2.3.8,"%TypedArray%.prototype.every ( callback [ , thisArg ] )",4,built-in function,,,,,,
sec-%typedarray%.prototype.fill,23.2.3.9,"%TypedArray%.prototype.fill ( value [ , start [ , end ] ] )",4,built-in function,,,,,,
sec-%typedarray%.prototype.filter,23.2.3.10,"%TypedArray%.prototype.filter ( callback [ , thisArg ] )",4,built-in function,,,,,,
sec-%typedarray%.prototype.find,23.2.3.11,"%TypedArray%.prototype.find ( predicate [ , thisArg ] )",4,built-in function,,,,,,
sec-%typedarray%.prototype.findindex,23.2.3.12,"%TypedArray%.prototype.findIndex ( predicate [ , thisArg ] )",4,built-in function,,,,,,
sec-%typedarray%.prototype.findlast,23.2.3.13,"%TypedArray%.prototype.findLast ( predicate [ , thisArg ] )",4,built-in function,,,,,,
sec-%typedarray%.prototype.findlastindex,23.2.3.14,"%TypedArray%.prototype.findLastIndex ( predicate [ , thisArg ] )",4,built-in function,,,,,,
sec-%typedarray%.prototype.foreach,23.2.3.15,"%TypedArray%.prototype.forEach ( callback [ , thisArg ] )",4,built-in function,,,,,,
sec-%typedarray%.prototype.includes,23.2.3.16,"%TypedArray%.prototype.includes ( searchElement [ , fromIndex ] )",4,built-in function,,,,,,
sec-%typedarray%.prototype.indexof,23.2.3.17,"%TypedArray%.prototype.indexOf ( searchElement [ , fromIndex ] )",4,built-in function,,,,,,
sec-%typedarray%.prototype.join,23.2.3.18,%TypedArray%.prototype.join ( separator ),4,built-in function,,,,,,
sec-%typedarray%.prototype.keys,23.2.3.19,%TypedArray%.prototype.keys ( ),4,built-in function,,,,,,
sec-%typedarray%.prototype.lastindexof,23.2.3.20,"%TypedArray%.prototype.lastIndexOf ( searchElement [ , fromIndex ] )",4,built-in function,,,,,,
sec-get-%typedarray%.prototype.length,23.2.3.21,get %TypedArray%.prototype.length,4,built-in function,,,,,,
sec-%typedarray%.prototype.map,23.2.3.22,"%TypedArray%.prototype.map ( callback [ , thisArg ] )",4,built-in function,,,,,,
sec-%typedarray%.prototype.reduce,23.2.3.23,"%TypedArray%.prototype.reduce ( callback [ , initialValue ] )",4,built-in function,,,,,,
sec-%typedarray%.prototype.reduceright,23.2.3.24,"%TypedArray%.prototype.reduceRight ( callback [ , initialValue ] )",4,built-in function,,,,,,
sec-%typedarray%.prototype.reverse,23.2.3.25,%TypedArray%.prototype.reverse ( ),4,built-in function,,,,,,
sec-%typedarray%.prototype.set,23.2.3.26,"%TypedArray%.prototype.set ( source [ , offset ] )",4,built-in function,,,,,,
sec-settypedarrayfromarraylike,23.2.3.26.1,"SetTypedArrayFromArrayLike ( target, targetOffset, source )",5,abstract operation,,,,,,
sec-settypedarrayfromtypedarray,23.2.3.26.2,"SetTypedArrayFromTypedArray ( target, targetOffset, source )",5,abstract operation,,,,,,
sec-%typedarray%.prototype.slice,23.2.3.27,"%TypedArray%.prototype.slice ( start, end )",4,built-in function,,,,,,
sec-%typedarray%.prototype.some,23.2.3.28,"%TypedArray%.prototype.some ( callback [ , thisArg ] )",4,built-in function,,,,,,
sec-%typedarray%.prototype.sort,23.2.3.29,%TypedArray%.prototype.sort ( comparator ),4,built-in function,,,,,,
sec-%typedarray%.prototype.subarray,23.2.3.30,"%TypedArray%.prototype.subarray ( start, end )",4,built-in function,,,,,,
sec-%typedarray%.prototype.tolocalestring,23.2.3.31,"%TypedArray%.prototype.toLocaleString ( [ reserved1 [ , reserved2 ] ] )",4,built-in function,,,,,,
sec-%typedarray%.prototype.toreversed,23.2.3.32,%TypedArray%.prototype.toReversed ( ),4,built-in function,,,,,,
sec-%typedarray%.prototype.tosorted,23.2.3.33,%TypedArray%.prototype.toSorted ( comparator ),4,built-in function,,,,,,
sec-%typedarray%.prototype.tostring,23.2.3.34,%TypedArray%.prototype.toString ( ),4,built-in function,,,,,,
sec-%typedarray%.prototype.values,23.2.3.35,%TypedArray%.prototype.values ( ),4,built-in function,,,,,,
sec-%typedarray%.prototype.with,23.2.3.36,"%TypedArray%.prototype.with ( index, value )",4,built-in function,,,,,,
sec-%typedarray%.prototype-%symbol.iterator%,23.2.3.37,%TypedArray%.prototype [ %Symbol.iterator% ] ( ),4,built-in function,,,,,,
sec-get-%typedarray%.prototype-%symbol.tostringtag%,23.2.3.38,get %TypedArray%.prototype [ %Symbol.toStringTag% ],4,built-in function,,,,,,
sec-abstract-operations-for-typedarray-objects,23.2.4,Abstract Operations for TypedArray Objects,3,,,,,,,
sec-typedarraycreatefromconstructor,23.2.4.1,"TypedArrayCreateFromConstructor ( constructor, argumentList )",4,abstract operation,,,,,,
sec-typedarray-create-same-type,23.2.4.2,"TypedArrayCreateSameType ( exemplar, length )",4,abstract operation,,,,,,
typedarray-species-create,23.2.4.3,"TypedArraySpeciesCreate ( exemplar, argumentList )",4,abstract operation,,,,,,
sec-validatetypedarray,23.2.4.4,"ValidateTypedArray ( O, order )",4,abstract operation,,,,,,
sec-typedarrayelementsize,23.2.4.5,TypedArrayElementSize ( O ),4,abstract operation,,,,,,
sec-typedarrayelementtype,23.2.4.6,TypedArrayElementType ( O ),4,abstract operation,,,,,,
sec-comparetypedarrayelements,23.2.4.7,"CompareTypedArrayElements ( x, y, comparator )",4,abstract operation,,,,,,
sec-typedarray-constructors,23.2.5,The TypedArray Constructors,3,,,,,,,
sec-typedarray,23.2.5.1,TypedArray ( ...args ),4,built-in function,,,,,,
sec-allocatetypedarray,23.2.5.1.1,"AllocateTypedArray ( constructorName, newTarget, defaultProto [ , length ] )",5,abstract operation,,,,,,
sec-initializetypedarrayfromtypedarray,23.2.5.1.2,"InitializeTypedArrayFromTypedArray ( O, srcArray )",5,abstract operation,,,,,,
sec-initializetypedarrayfromarraybuffer,23.2.5.1.3,"InitializeTypedArrayFromArrayBuffer ( O, buffer, byteOffset, length )",5,abstract operation,,,,,,
sec-initializetypedarrayfromlist,23.2.5.1.4,"InitializeTypedArrayFromList ( O, values )",5,abstract operation,,,,,,
sec-initializetypedarrayfromarraylike,23.2.5.1.5,"InitializeTypedArrayFromArrayLike ( O, arrayLike )",5,abstract operation,,,,,,
sec-allocatetypedarraybuffer,23.2.5.1.6,"AllocateTypedArrayBuffer ( O, length )",5,abstract operation,,,,,,
sec-properties-of-the-typedarray-constructors,23.2.6,Properties of the TypedArray Constructors,3,,,,,,,
sec-typedarray.bytes_per_element,23.2.6.1,TypedArray.BYTES_PER_ELEMENT,4,,,,,,,
sec-typedarray.prototype,23.2.6.2,TypedArray.prototype,4,,,,,,,
sec-properties-of-typedarray-prototype-objects,23.2.7,Properties of the TypedArray Prototype Objects,3,,,,,,,
sec-typedarray.prototype.bytes_per_element,23.2.7.1,TypedArray.prototype.BYTES_PER_ELEMENT,4,,,,,,,
sec-typedarray.prototype.constructor,23.2.7.2,TypedArray.prototype.constructor,4,,,,,,,
sec-properties-of-typedarray-instances,23.2.8,Properties of TypedArray Instances,3,,,,,,,
sec-uint8array,23.3,Uint8Array Objects,2,,,,,,,
sec-additional-properties-of-the-uint8array-constructor,23.3.1,Additional Properties of the Uint8Array Constructor,3,,,,,,,
sec-uint8array.frombase64,23.3.1.1,"Uint8Array.fromBase64 ( string [ , options ] )",4,built-in function,,,,,,
sec-uint8array.fromhex,23.3.1.2,Uint8Array.fromHex ( string ),4,built-in function,,,,,,
sec-additional-properties-of-the-uint8array-prototype-object,23.3.2,Additional Properties of the Uint8Array Prototype Object,3,,,,,,,
sec-uint8array.prototype.setfrombase64,23.3.2.1,"Uint8Array.prototype.setFromBase64 ( string [ , options ] )",4,built-in function,,,,,,
sec-uint8array.prototype.setfromhex,23.3.2.2,Uint8Array.prototype.setFromHex ( string ),4,built-in function,,,,,,
sec-uint8array.prototype.tobase64,23.3.2.3,Uint8Array.prototype.toBase64 ( [ options ] ),4,built-in function,,,,,,
sec-uint8array.prototype.tohex,23.3.2.4,Uint8Array.prototype.toHex ( ),4,built-in function,,,,,,
sec-abstract-operations-for-uint8array-objects,23.3.3,Abstract Operations for Uint8Array Objects,3,,,,,,,
sec-validateuint8array,23.3.3.1,ValidateUint8Array ( ta ),4,abstract operation,,,,,,
sec-getuint8arraybytes,23.3.3.2,GetUint8ArrayBytes ( ta ),4,abstract operation,,,,,,
sec-setuint8arraybytes,23.3.3.3,"SetUint8ArrayBytes ( into, bytes )",4,abstract operation,,,,,,
sec-skipasciiwhitespace,23.3.3.4,"SkipAsciiWhitespace ( string, index )",4,abstract operation,,,,,,
sec-decodefinalbase64chunk,23.3.3.5,"DecodeFinalBase64Chunk ( chunk, throwOnExtraBits )",4,abstract operation,,,,,,
sec-decodefulllengthbase64chunk,23.3.3.6,DecodeFullLengthBase64Chunk ( chunk ),4,abstract operation,,,,,,
sec-frombase64,23.3.3.7,"FromBase64 ( string, alphabet, lastChunkHandling [ , maxLength ] )",4,abstract operation,,,,,,
sec-fromhex,23.3.3.8,"FromHex ( string [ , maxLength ] )",4,abstract operation,,,,,,
sec-keyed-collections,24,Keyed Collections,1,,,,,,,
sec-map-objects,24.1,Map Objects,2,,,,,,,
sec-map-constructor,24.1.1,The Map Constructor,3,,,,,,,
sec-map-iterable,24.1.1.1,Map ( [ iterable ] ),4,built-in function,,,,,,
sec-add-entries-from-iterable,24.1.1.2,"AddEntriesFromIterable ( target, iterable, adder )",4,abstract operation,,,,,,
sec-properties-of-the-map-constructor,24.1.2,Properties of the Map Constructor,3,,,,,,,
sec-map.groupby,24.1.2.1,"Map.groupBy ( items, callback )",4,built-in function,,,,,,
sec-map.prototype,24.1.2.2,Map.prototype,4,,,,,,,
sec-get-map-%symbol.species%,24.1.2.3,get Map [ %Symbol.species% ],4,built-in function,,,,,,
sec-properties-of-the-map-prototype-object,24.1.3,Properties of the Map Prototype Object,3,,,,,,,
sec-map.prototype.clear,24.1.3.1,Map.prototype.clear ( ),4,built-in function,,,,,,
sec-map.prototype.constructor,24.1.3.2,Map.prototype.constructor,4,,,,,,,
sec-map.prototype.delete,24.1.3.3,Map.prototype.delete ( key ),4,built-in function,,,,,,
sec-map.prototype.entries,24.1.3.4,Map.prototype.entries ( ),4,built-in function,,,,,,
sec-map.prototype.foreach,24.1.3.5,"Map.prototype.forEach ( callback [ , thisArg ] )",4,built-in function,,,,,,
sec-map.prototype.get,24.1.3.6,Map.prototype.get ( key ),4,built-in function,,,,,,
sec-map.prototype.getorinsert,24.1.3.7,"Map.prototype.getOrInsert ( key, value )",4,built-in function,,,,,,
sec-map.prototype.getorinsertcomputed,24.1.3.8,"Map.prototype.getOrInsertComputed ( key, callback )",4,built-in function,,,,,,
sec-map.prototype.has,24.1.3.9,Map.prototype.has ( key ),4,built-in function,,,,,,
sec-map.prototype.keys,24.1.3.10,Map.prototype.keys ( ),4,built-in function,,,,,,
sec-map.prototype.set,24.1.3.11,"Map.prototype.set ( key, value )",4,built-in function,,,,,,
sec-get-map.prototype.size,24.1.3.12,get Map.prototype.size,4,built-in function,,,,,,
sec-map.prototype.values,24.1.3.13,Map.prototype.values ( ),4,built-in function,,,,,,
sec-map.prototype-%symbol.iterator%,24.1.3.14,Map.prototype [ %Symbol.iterator% ] ( ),4,built-in function,,,,,,
sec-map.prototype-%symbol.tostringtag%,24.1.3.15,Map.prototype [ %Symbol.toStringTag% ],4,,,,,,,
sec-properties-of-map-instances,24.1.4,Properties of Map Instances,3,,,,,,,
sec-map-iterator-objects,24.1.5,Map Iterator Objects,3,,,,,,,
sec-createmapiterator,24.1.5.1,"CreateMapIterator ( map, kind )",4,abstract operation,,,,,,
sec-%mapiteratorprototype%-object,24.1.5.2,The %MapIteratorPrototype% Object,4,,,,,,,
sec-%mapiteratorprototype%.next,24.1.5.2.1,%MapIteratorPrototype%.next ( ),5,built-in function,,,,,,
sec-%mapiteratorprototype%-%symbol.tostringtag%,24.1.5.2.2,%MapIteratorPrototype% [ %Symbol.toStringTag% ],5,,,,,,,
sec-set-objects,24.2,Set Objects,2,,,,,,,
sec-abstract-operations-for-set-objects,24.2.1,Abstract Operations For Set Objects,3,,,,,,,
sec-set-records,24.2.1.1,Set Records,4,,,,,,,
sec-getsetrecord,24.2.1.2,GetSetRecord ( obj ),4,abstract operation,,,,,,
sec-setdatahas,24.2.1.3,"SetDataHas ( setData, value )",4,abstract operation,,,,,,
sec-setdataindex,24.2.1.4,"SetDataIndex ( setData, value )",4,abstract operation,,,,,,
sec-setdatasize,24.2.1.5,SetDataSize ( setData ),4,abstract operation,,,,,,
sec-set-constructor,24.2.2,The Set Constructor,3,,,,,,,
sec-set-iterable,24.2.2.1,Set ( [ iterable ] ),4,built-in function,,,,,,
sec-properties-of-the-set-constructor,24.2.3,Properties of the Set Constructor,3,,,,,,,
sec-set.prototype,24.2.3.1,Set.prototype,4,,,,,,,
sec-get-set-%symbol.species%,24.2.3.2,get Set [ %Symbol.species% ],4,built-in function,,,,,,
sec-properties-of-the-set-prototype-object,24.2.4,Properties of the Set Prototype Object,3,,,,,,,
sec-set.prototype.add,24.2.4.1,Set.prototype.add ( value ),4,built-in function,,,,,,
sec-set.prototype.clear,24.2.4.2,Set.prototype.clear ( ),4,built-in function,,,,,,
sec-set.prototype.constructor,24.2.4.3,Set.prototype.constructor,4,,,,,,,
sec-set.prototype.delete,24.2.4.4,Set.prototype.delete ( value ),4,built-in function,,,,,,
sec-set.prototype.difference,24.2.4.5,Set.prototype.difference ( other ),4,built-in function,,,,,,
sec-set.prototype.entries,24.2.4.6,Set.prototype.entries ( ),4,built-in function,,,,,,
sec-set.prototype.foreach,24.2.4.7,"Set.prototype.forEach ( callback [ , thisArg ] )",4,built-in function,,,,,,
sec-set.prototype.has,24.2.4.8,Set.prototype.has ( value ),4,built-in function,,,,,,
sec-set.prototype.intersection,24.2.4.9,Set.prototype.intersection ( other ),4,built-in function,,,,,,
sec-set.prototype.isdisjointfrom,24.2.4.10,Set.prototype.isDisjointFrom ( other ),4,built-in function,,,,,,
sec-set.prototype.issubsetof,24.2.4.11,Set.prototype.isSubsetOf ( other ),4,built-in function,,,,,,
sec-set.prototype.issupersetof,24.2.4.12,Set.prototype.isSupersetOf ( other ),4,built-in function,,,,,,
sec-set.prototype.keys,24.2.4.13,Set.prototype.keys ( ),4,built-in function,,,,,,
sec-get-set.prototype.size,24.2.4.14,get Set.prototype.size,4,built-in function,,,,,,
sec-set.prototype.symmetricdifference,24.2.4.15,Set.prototype.symmetricDifference ( other ),4,built-in function,,,,,,
sec-set.prototype.union,24.2.4.16,Set.prototype.union ( other ),4,built-in function,,,,,,
sec-set.prototype.values,24.2.4.17,Set.prototype.values ( ),4,built-in function,,,,,,
sec-set.prototype-%symbol.iterator%,24.2.4.18,Set.prototype [ %Symbol.iterator% ] ( ),4,built-in function,,,,,,
sec-set.prototype-%symbol.tostringtag%,24.2.4.19,Set.prototype [ %Symbol.toStringTag% ],4,,,,,,,
sec-properties-of-set-instances,24.2.5,Properties of Set Instances,3,,,,,,,
sec-set-iterator-objects,24.2.6,Set Iterator Objects,3,,,,,,,
sec-createsetiterator,24.2.6.1,"CreateSetIterator ( set, kind )",4,abstract operation,,,,,,
sec-%setiteratorprototype%-object,24.2.6.2,The %SetIteratorPrototype% Object,4,,,,,,,
sec-%setiteratorprototype%.next,24.2.6.2.1,%SetIteratorPrototype%.next ( ),5,built-in function,,,,,,
sec-%setiteratorprototype%-%symbol.tostringtag%,24.2.6.2.2,%SetIteratorPrototype% [ %Symbol.toStringTag% ],5,,,,,,,
sec-weakmap-objects,24.3,WeakMap Objects,2,,,,,,,
sec-weakmap-constructor,24.3.1,The WeakMap Constructor,3,,,,,,,
sec-weakmap-iterable,24.3.1.1,WeakMap ( [ iterable ] ),4,built-in function,,,,,,
sec-properties-of-the-weakmap-constructor,24.3.2,Properties of the WeakMap Constructor,3,,,,,,,
sec-weakmap.prototype,24.3.2.1,WeakMap.prototype,4,,,,,,,
sec-properties-of-the-weakmap-prototype-object,24.3.3,Properties of the WeakMap Prototype Object,3,,,,,,,
sec-weakmap.prototype.constructor,24.3.3.1,WeakMap.prototype.constructor,4,,,,,,,
sec-weakmap.prototype.delete,24.3.3.2,WeakMap.prototype.delete ( key ),4,built-in function,,,,,,
sec-weakmap.prototype.get,24.3.3.3,WeakMap.prototype.get ( key ),4,built-in function,,,,,,
sec-weakmap.prototype.getorinsert,24.3.3.4,"WeakMap.prototype.getOrInsert ( key, value )",4,built-in function,,,,,,
sec-weakmap.prototype.getorinsertcomputed,24.3.3.5,"WeakMap.prototype.getOrInsertComputed ( key, callback )",4,built-in function,,,,,,
sec-weakmap.prototype.has,24.3.3.6,WeakMap.prototype.has ( key ),4,built-in function,,,,,,
sec-weakmap.prototype.set,24.3.3.7,"WeakMap.prototype.set ( key, value )",4,built-in function,,,,,,
sec-weakmap.prototype-%symbol.tostringtag%,24.3.3.8,WeakMap.prototype [ %Symbol.toStringTag% ],4,,,,,,,
sec-properties-of-weakmap-instances,24.3.4,Properties of WeakMap Instances,3,,,,,,,
sec-weakset-objects,24.4,WeakSet Objects,2,,,,,,,
sec-weakset-constructor,24.4.1,The WeakSet Constructor,3,,,,,,,
sec-weakset-iterable,24.4.1.1,WeakSet ( [ iterable ] ),4,built-in function,,,,,,
sec-properties-of-the-weakset-constructor,24.4.2,Properties of the WeakSet Constructor,3,,,,,,,
sec-weakset.prototype,24.4.2.1,WeakSet.prototype,4,,,,,,,
sec-properties-of-the-weakset-prototype-object,24.4.3,Properties of the WeakSet Prototype Object,3,,,,,,,
sec-weakset.prototype.add,24.4.3.1,WeakSet.prototype.add ( value ),4,built-in function,,,,,,
sec-weakset.prototype.constructor,24.4.3.2,WeakSet.prototype.constructor,4,,,,,,,
sec-weakset.prototype.delete,24.4.3.3,WeakSet.prototype.delete ( value ),4,built-in function,,,,,,
sec-weakset.prototype.has,24.4.3.4,WeakSet.prototype.has ( value ),4,built-in function,,,,,,
sec-weakset.prototype-%symbol.tostringtag%,24.4.3.5,WeakSet.prototype [ %Symbol.toStringTag% ],4,,,,,,,
sec-properties-of-weakset-instances,24.4.4,Properties of WeakSet Instances,3,,,,,,,
sec-abstract-operations-for-keyed-collections,24.5,Abstract Operations for Keyed Collections,2,,,,,,,
sec-canonicalizekeyedcollectionkey,24.5.1,CanonicalizeKeyedCollectionKey ( key ),3,abstract operation,,,,,,
sec-structured-data,25,Structured Data,1,,,,,,,
sec-arraybuffer-objects,25.1,ArrayBuffer Objects,2,,,,,,,
sec-arraybuffer-notation,25.1.1,Notation,3,,,,,,,
sec-fixed-length-and-resizable-arraybuffer-objects,25.1.2,Fixed-length and Resizable ArrayBuffer Objects,3,,,,,,,
sec-abstract-operations-for-arraybuffer-objects,25.1.3,Abstract Operations For ArrayBuffer Objects,3,,,,,,,
sec-allocatearraybuffer,25.1.3.1,"AllocateArrayBuffer ( constructor, byteLength [ , maxByteLength ] )",4,abstract operation,,,,,,
sec-arraybufferbytelength,25.1.3.2,"ArrayBufferByteLength ( arrayBuffer, order )",4,abstract operation,,,,,,
sec-arraybuffercopyanddetach,25.1.3.3,"ArrayBufferCopyAndDetach ( arrayBuffer, newLength, preserveResizability )",4,abstract operation,,,,,,
sec-isdetachedbuffer,25.1.3.4,IsDetachedBuffer ( arrayBuffer ),4,abstract operation,,,,,,
sec-detacharraybuffer,25.1.3.5,"DetachArrayBuffer ( arrayBuffer [ , key ] )",4,abstract operation,,,,,,
sec-clonearraybuffer,25.1.3.6,"CloneArrayBuffer ( srcBuffer, srcByteOffset, srcLength )",4,abstract operation,,,,,,
sec-getarraybuffermaxbytelengthoption,25.1.3.7,GetArrayBufferMaxByteLengthOption ( options ),4,abstract operation,,,,,,
sec-hostresizearraybuffer,25.1.3.8,"HostResizeArrayBuffer ( buffer, newByteLength )",4,host-defined abstract operation,,,,,,
sec-isfixedlengtharraybuffer,25.1.3.9,IsFixedLengthArrayBuffer ( arrayBuffer ),4,abstract operation,,,,,,
sec-isunsignedelementtype,25.1.3.10,IsUnsignedElementType ( type ),4,abstract operation,,,,,,
sec-isunclampedintegerelementtype,25.1.3.11,IsUnclampedIntegerElementType ( type ),4,abstract operation,,,,,,
sec-isbigintelementtype,25.1.3.12,IsBigIntElementType ( type ),4,abstract operation,,,,,,
sec-isnotearconfiguration,25.1.3.13,"IsNoTearConfiguration ( type, order )",4,abstract operation,,,,,,
sec-rawbytestonumeric,25.1.3.14,"RawBytesToNumeric ( type, rawBytes, isLittleEndian )",4,abstract operation,,,,,,
sec-getrawbytesfromsharedblock,25.1.3.15,"GetRawBytesFromSharedBlock ( block, byteIndex, type, isTypedArray, order )",4,abstract operation,,,,,,
sec-getvaluefrombuffer,25.1.3.16,"GetValueFromBuffer ( arrayBuffer, byteIndex, type, isTypedArray, order [ , isLittleEndian ] )",4,abstract operation,,,,,,
sec-numerictorawbytes,25.1.3.17,"NumericToRawBytes ( type, value, isLittleEndian )",4,abstract operation,,,,,,
sec-setvalueinbuffer,25.1.3.18,"SetValueInBuffer ( arrayBuffer, byteIndex, type, value, isTypedArray, order [ , isLittleEndian ] )",4,abstract operation,,,,,,
sec-getmodifysetvalueinbuffer,25.1.3.19,"GetModifySetValueInBuffer ( arrayBuffer, byteIndex, type, value, op )",4,abstract operation,,,,,,
sec-arraybuffer-constructor,25.1.4,The ArrayBuffer Constructor,3,,,,,,,
sec-arraybuffer-length,25.1.4.1,"ArrayBuffer ( length [ , options ] )",4,built-in function,,,,,,
sec-properties-of-the-arraybuffer-constructor,25.1.5,Properties of the ArrayBuffer Constructor,3,,,,,,,
sec-arraybuffer.isview,25.1.5.1,ArrayBuffer.isView ( arg ),4,built-in function,,,,,,
sec-arraybuffer.prototype,25.1.5.2,ArrayBuffer.prototype,4,,,,,,,
sec-get-arraybuffer-%symbol.species%,25.1.5.3,get ArrayBuffer [ %Symbol.species% ],4,built-in function,,,,,,
sec-properties-of-the-arraybuffer-prototype-object,25.1.6,Properties of the ArrayBuffer Prototype Object,3,,,,,,,
sec-get-arraybuffer.prototype.bytelength,25.1.6.1,get ArrayBuffer.prototype.byteLength,4,built-in function,,,,,,
sec-arraybuffer.prototype.constructor,25.1.6.2,ArrayBuffer.prototype.constructor,4,,,,,,,
sec-get-arraybuffer.prototype.detached,25.1.6.3,get ArrayBuffer.prototype.detached,4,built-in function,,,,,,
sec-get-arraybuffer.prototype.maxbytelength,25.1.6.4,get ArrayBuffer.prototype.maxByteLength,4,built-in function,,,,,,
sec-get-arraybuffer.prototype.resizable,25.1.6.5,get ArrayBuffer.prototype.resizable,4,built-in function,,,,,,
sec-arraybuffer.prototype.resize,25.1.6.6,ArrayBuffer.prototype.resize ( newLength ),4,built-in function,,,,,,
sec-arraybuffer.prototype.slice,25.1.6.7,"ArrayBuffer.prototype.slice ( start, end )",4,built-in function,,,,,,
sec-arraybuffer.prototype.transfer,25.1.6.8,ArrayBuffer.prototype.transfer ( [ newLength ] ),4,built-in function,,,,,,
sec-arraybuffer.prototype.transfertofixedlength,25.1.6.9,ArrayBuffer.prototype.transferToFixedLength ( [ newLength ] ),4,built-in function,,,,,,
sec-arraybuffer.prototype-%symbol.tostringtag%,25.1.6.10,ArrayBuffer.prototype [ %Symbol.toStringTag% ],4,,,,,,,
sec-properties-of-the-arraybuffer-instances,25.1.7,Properties of ArrayBuffer Instances,3,,,,,,,
sec-resizable-arraybuffer-guidelines,25.1.8,Resizable ArrayBuffer Guidelines,3,,,,,,,
sec-sharedarraybuffer-objects,25.2,SharedArrayBuffer Objects,2,,,,,,,
sec-fixed-length-and-growable-sharedarraybuffer-objects,25.2.1,Fixed-length and Growable SharedArrayBuffer Objects,3,,,,,,,
sec-abstract-operations-for-sharedarraybuffer-objects,25.2.2,Abstract Operations for SharedArrayBuffer Objects,3,,,,,,,
sec-allocatesharedarraybuffer,25.2.2.1,"AllocateSharedArrayBuffer ( constructor, byteLength [ , maxByteLength ] )",4,abstract operation,,,,,,
sec-issharedarraybuffer,25.2.2.2,IsSharedArrayBuffer ( obj ),4,abstract operation,,,,,,
sec-isgrowablesharedarraybuffer,25.2.2.3,IsGrowableSharedArrayBuffer ( obj ),4,abstract operation,,,,,,
sec-hostgrowsharedarraybuffer,25.2.2.4,"HostGrowSharedArrayBuffer ( buffer, newByteLength )",4,host-defined abstract operation,,,,,,
sec-sharedarraybuffer-constructor,25.2.3,The SharedArrayBuffer Constructor,3,,,,,,,
sec-sharedarraybuffer-length,25.2.3.1,"SharedArrayBuffer ( length [ , options ] )",4,built-in function,,,,,,
sec-properties-of-the-sharedarraybuffer-constructor,25.2.4,Properties of the SharedArrayBuffer Constructor,3,,,,,,,
sec-sharedarraybuffer.prototype,25.2.4.1,SharedArrayBuffer.prototype,4,,,,,,,
sec-sharedarraybuffer-%symbol.species%,25.2.4.2,get SharedArrayBuffer [ %Symbol.species% ],4,built-in function,,,,,,
sec-properties-of-the-sharedarraybuffer-prototype-object,25.2.5,Properties of the SharedArrayBuffer Prototype Object,3,,,,,,,
sec-get-sharedarraybuffer.prototype.bytelength,25.2.5.1,get SharedArrayBuffer.prototype.byteLength,4,built-in function,,,,,,
sec-sharedarraybuffer.prototype.constructor,25.2.5.2,SharedArrayBuffer.prototype.constructor,4,,,,,,,
sec-sharedarraybuffer.prototype.grow,25.2.5.3,SharedArrayBuffer.prototype.grow ( newLength ),4,built-in function,,,,,,
sec-get-sharedarraybuffer.prototype.growable,25.2.5.4,get SharedArrayBuffer.prototype.growable,4,built-in function,,,,,,
sec-get-sharedarraybuffer.prototype.maxbytelength,25.2.5.5,get SharedArrayBuffer.prototype.maxByteLength,4,built-in function,,,,,,
sec-sharedarraybuffer.prototype.slice,25.2.5.6,"SharedArrayBuffer.prototype.slice ( start, end )",4,built-in function,,,,,,
sec-sharedarraybuffer.prototype-%symbol.tostringtag%,25.2.5.7,SharedArrayBuffer.prototype [ %Symbol.toStringTag% ],4,,,,,,,
sec-properties-of-the-sharedarraybuffer-instances,25.2.6,Properties of SharedArrayBuffer Instances,3,,,,,,,
sec-growable-sharedarraybuffer-guidelines,25.2.7,Growable SharedArrayBuffer Guidelines,3,,,,,,,
sec-dataview-objects,25.3,DataView Objects,2,,,,,,,
sec-abstract-operations-for-dataview-objects,25.3.1,Abstract Operations For DataView Objects,3,,,,,,,
sec-dataview-with-buffer-witness-records,25.3.1.1,DataView With Buffer Witness Records,4,,,,,,,
sec-makedataviewwithbufferwitnessrecord,25.3.1.2,"MakeDataViewWithBufferWitnessRecord ( obj, order )",4,abstract operation,,,,,,
sec-getviewbytelength,25.3.1.3,GetViewByteLength ( viewRecord ),4,abstract operation,,,,,,
sec-isviewoutofbounds,25.3.1.4,IsViewOutOfBounds ( viewRecord ),4,abstract operation,,,,,,
sec-getviewvalue,25.3.1.5,"GetViewValue ( view, requestIndex, isLittleEndian, type )",4,abstract operation,,,,,,
sec-setviewvalue,25.3.1.6,"SetViewValue ( view, requestIndex, isLittleEndian, type, value )",4,abstract operation,,,,,,
sec-dataview-constructor,25.3.2,The DataView Constructor,3,,,,,,,
sec-dataview-buffer-byteoffset-bytelength,25.3.2.1,"DataView ( buffer [ , byteOffset [ , byteLength ] ] )",4,built-in function,,,,,,
sec-properties-of-the-dataview-constructor,25.3.3,Properties of the DataView Constructor,3,,,,,,,
sec-dataview.prototype,25.3.3.1,DataView.prototype,4,,,,,,,
sec-properties-of-the-dataview-prototype-object,25.3.4,Properties of the DataView Prototype Object,3,,,,,,,
sec-get-dataview.prototype.buffer,25.3.4.1,get DataView.prototype.buffer,4,built-in function,,,,,,
sec-get-dataview.prototype.bytelength,25.3.4.2,get DataView.prototype.byteLength,4,built-in function,,,,,,
sec-get-dataview.prototype.byteoffset,25.3.4.3,get DataView.prototype.byteOffset,4,built-in function,,,,,,
sec-dataview.prototype.constructor,25.3.4.4,DataView.prototype.constructor,4,,,,,,,
sec-dataview.prototype.getbigint64,25.3.4.5,"DataView.prototype.getBigInt64 ( byteOffset [ , littleEndian ] )",4,built-in function,,,,,,
sec-dataview.prototype.getbiguint64,25.3.4.6,"DataView.prototype.getBigUint64 ( byteOffset [ , littleEndian ] )",4,built-in function,,,,,,
sec-dataview.prototype.getfloat16,25.3.4.7,"DataView.prototype.getFloat16 ( byteOffset [ , littleEndian ] )",4,built-in function,,,,,,
sec-dataview.prototype.getfloat32,25.3.4.8,"DataView.prototype.getFloat32 ( byteOffset [ , littleEndian ] )",4,built-in function,,,,,,
sec-dataview.prototype.getfloat64,25.3.4.9,"DataView.prototype.getFloat64 ( byteOffset [ , littleEndian ] )",4,built-in function,,,,,,
sec-dataview.prototype.getint8,25.3.4.10,DataView.prototype.getInt8 ( byteOffset ),4,built-in function,,,,,,
sec-dataview.prototype.getint16,25.3.4.11,"DataView.prototype.getInt16 ( byteOffset [ , littleEndian ] )",4,built-in function,,,,,,
sec-dataview.prototype.getint32,25.3.4.12,"DataView.prototype.getInt32 ( byteOffset [ , littleEndian ] )",4,built-in function,,,,,,
sec-dataview.prototype.getuint8,25.3.4.13,DataView.prototype.getUint8 ( byteOffset ),4,built-in function,,,,,,
sec-dataview.prototype.getuint16,25.3.4.14,"DataView.prototype.getUint16 ( byteOffset [ , littleEndian ] )",4,built-in function,,,,,,
sec-dataview.prototype.getuint32,25.3.4.15,"DataView.prototype.getUint32 ( byteOffset [ , littleEndian ] )",4,built-in function,,,,,,
sec-dataview.prototype.setbigint64,25.3.4.16,"DataView.prototype.setBigInt64 ( byteOffset, value [ , littleEndian ] )",4,built-in function,,,,,,
sec-dataview.prototype.setbiguint64,25.3.4.17,"DataView.prototype.setBigUint64 ( byteOffset, value [ , littleEndian ] )",4,built-in function,,,,,,
sec-dataview.prototype.setfloat16,25.3.4.18,"DataView.prototype.setFloat16 ( byteOffset, value [ , littleEndian ] )",4,built-in function,,,,,,
sec-dataview.prototype.setfloat32,25.3.4.19,"DataView.prototype.setFloat32 ( byteOffset, value [ , littleEndian ] )",4,built-in function,,,,,,
sec-dataview.prototype.setfloat64,25.3.4.20,"DataView.prototype.setFloat64 ( byteOffset, value [ , littleEndian ] )",4,built-in function,,,,,,
sec-dataview.prototype.setint8,25.3.4.21,"DataView.prototype.setInt8 ( byteOffset, value )",4,built-in function,,,,,,
sec-dataview.prototype.setint16,25.3.4.22,"DataView.prototype.setInt16 ( byteOffset, value [ , littleEndian ] )",4,built-in function,,,,,,
sec-dataview.prototype.setint32,25.3.4.23,"DataView.prototype.setInt32 ( byteOffset, value [ , littleEndian ] )",4,built-in function,,,,,,
sec-dataview.prototype.setuint8,25.3.4.24,"DataView.prototype.setUint8 ( byteOffset, value )",4,built-in function,,,,,,
sec-dataview.prototype.setuint16,25.3.4.25,"DataView.prototype.setUint16 ( byteOffset, value [ , littleEndian ] )",4,built-in function,,,,,,
sec-dataview.prototype.setuint32,25.3.4.26,"DataView.prototype.setUint32 ( byteOffset, value [ , littleEndian ] )",4,built-in function,,,,,,
sec-dataview.prototype-%symbol.tostringtag%,25.3.4.27,DataView.prototype [ %Symbol.toStringTag% ],4,,,,,,,
sec-properties-of-dataview-instances,25.3.5,Properties of DataView Instances,3,,,,,,,
sec-atomics-object,25.4,The Atomics Object,2,,,,,,,
sec-waiter-record,25.4.1,Waiter Record,3,,,,,,,
sec-waiterlist-records,25.4.2,WaiterList Records,3,,,,,,,
sec-abstract-operations-for-atomics,25.4.3,Abstract Operations for Atomics,3,,,,,,,
sec-validateintegertypedarray,25.4.3.1,"ValidateIntegerTypedArray ( typedArray, waitable )",4,abstract operation,,,,,,
sec-validateatomicaccess,25.4.3.2,"ValidateAtomicAccess ( taRecord, requestIndex )",4,abstract operation,,,,,,
sec-validateatomicaccessonintegertypedarray,25.4.3.3,"ValidateAtomicAccessOnIntegerTypedArray ( typedArray, requestIndex )",4,abstract operation,,,,,,
sec-revalidateatomicaccess,25.4.3.4,"RevalidateAtomicAccess ( typedArray, byteIndexInBuffer )",4,abstract operation,,,,,,
sec-getwaiterlist,25.4.3.5,"GetWaiterList ( block, i )",4,abstract operation,,,,,,
sec-entercriticalsection,25.4.3.6,EnterCriticalSection ( WL ),4,abstract operation,,,,,,
sec-leavecriticalsection,25.4.3.7,LeaveCriticalSection ( WL ),4,abstract operation,,,,,,
sec-addwaiter,25.4.3.8,"AddWaiter ( WL, waiterRecord )",4,abstract operation,,,,,,
sec-removewaiter,25.4.3.9,"RemoveWaiter ( WL, waiterRecord )",4,abstract operation,,,,,,
sec-removewaiters,25.4.3.10,"RemoveWaiters ( WL, c )",4,abstract operation,,,,,,
sec-suspendthisagent,25.4.3.11,"SuspendThisAgent ( WL, waiterRecord )",4,abstract operation,,,,,,
sec-notifywaiter,25.4.3.12,"NotifyWaiter ( WL, waiterRecord )",4,abstract operation,,,,,,
sec-enqueueresolveinagentjob,25.4.3.13,"EnqueueResolveInAgentJob ( agentSignifier, promiseCapability, resolution )",4,abstract operation,,,,,,
sec-dowait,25.4.3.14,"DoWait ( mode, typedArray, index, value, timeout )",4,abstract operation,,,,,,
sec-enqueueatomicswaitasynctimeoutjob,25.4.3.15,"EnqueueAtomicsWaitAsyncTimeoutJob ( WL, waiterRecord )",4,abstract operation,,,,,,
sec-atomiccompareexchangeinsharedblock,25.4.3.16,"AtomicCompareExchangeInSharedBlock ( block, byteIndexInBuffer, elementSize, expectedBytes, replacementBytes )",4,abstract operation,,,,,,
sec-atomicreadmodifywrite,25.4.3.17,"AtomicReadModifyWrite ( typedArray, index, value, op )",4,abstract operation,,,,,,
sec-bytelistbitwiseop,25.4.3.18,"ByteListBitwiseOp ( op, xBytes, yBytes )",4,abstract operation,,,,,,
sec-bytelistequal,25.4.3.19,"ByteListEqual ( xBytes, yBytes )",4,abstract operation,,,,,,
sec-atomics.add,25.4.4,"Atomics.add ( typedArray, index, value )",3,built-in function,,,,,,
sec-atomics.and,25.4.5,"Atomics.and ( typedArray, index, value )",3,built-in function,,,,,,
sec-atomics.compareexchange,25.4.6,"Atomics.compareExchange ( typedArray, index, expectedValue, replacementValue )",3,built-in function,,,,,,
sec-atomics.exchange,25.4.7,"Atomics.exchange ( typedArray, index, value )",3,built-in function,,,,,,
sec-atomics.islockfree,25.4.8,Atomics.isLockFree ( size ),3,built-in function,,,,,,
sec-atomics.load,25.4.9,"Atomics.load ( typedArray, index )",3,built-in function,,,,,,
sec-atomics.or,25.4.10,"Atomics.or ( typedArray, index, value )",3,built-in function,,,,,,
sec-atomics.store,25.4.11,"Atomics.store ( typedArray, index, value )",3,built-in function,,,,,,
sec-atomics.sub,25.4.12,"Atomics.sub ( typedArray, index, value )",3,built-in function,,,,,,
sec-atomics.wait,25.4.13,"Atomics.wait ( typedArray, index, value, timeout )",3,built-in function,,,,,,
sec-atomics.waitasync,25.4.14,"Atomics.waitAsync ( typedArray, index, value, timeout )",3,built-in function,,,,,,
sec-atomics.notify,25.4.15,"Atomics.notify ( typedArray, index, count )",3,built-in function,,,,,,
sec-atomics.xor,25.4.16,"Atomics.xor ( typedArray, index, value )",3,built-in function,,,,,,
sec-atomics-%symbol.tostringtag%,25.4.17,Atomics [ %Symbol.toStringTag% ],3,,,,,,,
sec-json-object,25.5,The JSON Object,2,,,,,,,
sec-json.israwjson,25.5.1,JSON.isRawJSON ( O ),3,built-in function,,,,,,
sec-json.parse,25.5.2,"JSON.parse ( text [ , reviver ] )",3,built-in function,,,,,,
sec-ParseJSON,25.5.2.1,ParseJSON ( text ),4,abstract operation,,,,,,
sec-json-parse-record,25.5.2.2,JSON Parse Record,4,,,,,,,
sec-createjsonparserecord,25.5.2.3,"CreateJSONParseRecord ( parseNode, key, val )",4,abstract operation,,,,,,
sec-internalizejsonproperty,25.5.2.4,"InternalizeJSONProperty ( holder, name, reviver, parseRecord )",4,abstract operation,,,,,,
sec-shallowestcontainedjsonvalue,25.5.2.5,Static Semantics: ShallowestContainedJSONValue ( root ),4,abstract operation,,,,,,
sec-static-semantics-jsonarrayliteralcontentnodes,25.5.2.6,Static Semantics: JSONArrayLiteralContentNodes,4,sdo,,,,,,
sec-json.rawjson,25.5.3,JSON.rawJSON ( text ),3,,,,,,,
sec-json.stringify,25.5.4,"JSON.stringify ( value [ , replacer [ , space ] ] )",3,built-in function,,,,,,
sec-json-serialization-record,25.5.4.1,JSON Serialization Record,4,,,,,,,
sec-serializejsonproperty,25.5.4.2,"SerializeJSONProperty ( state, key, holder )",4,abstract operation,,,,,,
sec-quotejsonstring,25.5.4.3,QuoteJSONString ( value ),4,abstract operation,,,,,,
sec-unicodeescape,25.5.4.4,UnicodeEscape ( C ),4,abstract operation,,,,,,
sec-serializejsonobject,25.5.4.5,"SerializeJSONObject ( state, value )",4,abstract operation,,,,,,
sec-serializejsonarray,25.5.4.6,"SerializeJSONArray ( state, value )",4,abstract operation,,,,,,
sec-json-%symbol.tostringtag%,25.5.5,JSON [ %Symbol.toStringTag% ],3,,,,,,,
sec-managing-memory,26,Managing Memory,1,,,,,,,
sec-weak-ref-objects,26.1,WeakRef Objects,2,,,,,,,
sec-weak-ref-constructor,26.1.1,The WeakRef Constructor,3,,,,,,,
sec-weak-ref-target,26.1.1.1,WeakRef ( target ),4,built-in function,,,,,,
sec-properties-of-the-weak-ref-constructor,26.1.2,Properties of the WeakRef Constructor,3,,,,,,,
sec-weak-ref.prototype,26.1.2.1,WeakRef.prototype,4,,,,,,,
sec-properties-of-the-weak-ref-prototype-object,26.1.3,Properties of the WeakRef Prototype Object,3,,,,,,,
sec-weak-ref.prototype.constructor,26.1.3.1,WeakRef.prototype.constructor,4,,normative-optional,,,,,
sec-weak-ref.prototype.deref,26.1.3.2,WeakRef.prototype.deref ( ),4,built-in function,,,,,,
sec-weak-ref.prototype-%symbol.tostringtag%,26.1.3.3,WeakRef.prototype [ %Symbol.toStringTag% ],4,,,,,,,
sec-weakref-abstract-operations,26.1.4,WeakRef Abstract Operations,3,,,,,,,
sec-weakrefderef,26.1.4.1,WeakRefDeref ( weakRef ),4,abstract operation,,,,,,
sec-properties-of-weak-ref-instances,26.1.5,Properties of WeakRef Instances,3,,,,,,,
sec-finalization-registry-objects,26.2,FinalizationRegistry Objects,2,,,,,,,
sec-finalization-registry-constructor,26.2.1,The FinalizationRegistry Constructor,3,,,,,,,
sec-finalization-registry-cleanup-callback,26.2.1.1,FinalizationRegistry ( cleanupCallback ),4,built-in function,,,,,,
sec-properties-of-the-finalization-registry-constructor,26.2.2,Properties of the FinalizationRegistry Constructor,3,,,,,,,
sec-finalization-registry.prototype,26.2.2.1,FinalizationRegistry.prototype,4,,,,,,,
sec-properties-of-the-finalization-registry-prototype-object,26.2.3,Properties of the FinalizationRegistry Prototype Object,3,,,,,,,
sec-finalization-registry.prototype.constructor,26.2.3.1,FinalizationRegistry.prototype.constructor,4,,,,,,,
sec-finalization-registry.prototype.register,26.2.3.2,"FinalizationRegistry.prototype.register ( target, heldValue [ , unregisterToken ] )",4,built-in function,,,,,,
sec-finalization-registry.prototype.unregister,26.2.3.3,FinalizationRegistry.prototype.unregister ( unregisterToken ),4,built-in function,,,,,,
sec-finalization-registry.prototype-%symbol.tostringtag%,26.2.3.4,FinalizationRegistry.prototype [ %Symbol.toStringTag% ],4,,,,,,,
sec-properties-of-finalization-registry-instances,26.2.4,Properties of FinalizationRegistry Instances,3,,,,,,,
sec-control-abstraction-objects,27,Control Abstraction Objects,1,,,,,,,
sec-iteration,27.1,Iteration,2,,,,,,,
sec-common-iteration-interfaces,27.1.1,Common Iteration Interfaces,3,,,,,,,
sec-iterable-interface,27.1.1.1,The Iterable Interface,4,,,,,,,
sec-iterator-interface,27.1.1.2,The Iterator Interface,4,,,,,,,
sec-asynciterable-interface,27.1.1.3,The Async Iterable Interface,4,,,,,,,
sec-asynciterator-interface,27.1.1.4,The Async Iterator Interface,4,,,,,,,
sec-iteratorresult-interface,27.1.1.5,The IteratorResult Interface,4,,,,,,,
sec-iterator-helper-objects,27.1.2,Iterator Helper Objects,3,,,,,,,
sec-%iteratorhelperprototype%-object,27.1.2.1,The %IteratorHelperPrototype% Object,4,,,,,,,
sec-%iteratorhelperprototype%.next,27.1.2.1.1,%IteratorHelperPrototype%.next ( ),5,built-in function,,,,,,
sec-%iteratorhelperprototype%.return,27.1.2.1.2,%IteratorHelperPrototype%.return ( ),5,built-in function,,,,,,
sec-%iteratorhelperprototype%-%symbol.tostringtag%,27.1.2.1.3,%IteratorHelperPrototype% [ %Symbol.toStringTag% ],5,,,,,,,
sec-iterator-objects,27.1.3,Iterator Objects,3,,,,,,,
sec-iterator-constructor,27.1.3.1,The Iterator Constructor,4,,,,,,,
sec-iterator,27.1.3.1.1,Iterator ( ),5,built-in function,,,,,,
sec-properties-of-the-iterator-constructor,27.1.3.2,Properties of the Iterator Constructor,4,,,,,,,
sec-iterator.concat,27.1.3.2.1,Iterator.concat ( ...items ),5,built-in function,,,,,,
sec-iterator.from,27.1.3.2.2,Iterator.from ( O ),5,built-in function,,,,,,
sec-%wrapforvaliditeratorprototype%-object,27.1.3.2.2.1,The %WrapForValidIteratorPrototype% Object,6,,,,,,,
sec-%wrapforvaliditeratorprototype%.next,27.1.3.2.2.1.1,%WrapForValidIteratorPrototype%.next ( ),7,built-in function,,,,,,
sec-%wrapforvaliditeratorprototype%.return,27.1.3.2.2.1.2,%WrapForValidIteratorPrototype%.return ( ),7,built-in function,,,,,,
sec-iterator.prototype,27.1.3.2.3,Iterator.prototype,5,,,,,,,
sec-%iterator.prototype%-object,27.1.3.3,Properties of the Iterator Prototype Object,4,,,,,,,
sec-iterator.prototype.constructor,27.1.3.3.1,Iterator.prototype.constructor,5,,,,,,,
sec-get-iterator.prototype.constructor,27.1.3.3.1.1,get Iterator.prototype.constructor,6,built-in function,,,,,,
sec-set-iterator.prototype.constructor,27.1.3.3.1.2,set Iterator.prototype.constructor,6,built-in function,,,,,,
sec-iterator.prototype.drop,27.1.3.3.2,Iterator.prototype.drop ( limit ),5,built-in function,,,,,,
sec-iterator.prototype.every,27.1.3.3.3,Iterator.prototype.every ( predicate ),5,built-in function,,,,,,
sec-iterator.prototype.filter,27.1.3.3.4,Iterator.prototype.filter ( predicate ),5,built-in function,,,,,,
sec-iterator.prototype.find,27.1.3.3.5,Iterator.prototype.find ( predicate ),5,built-in function,,,,,,
sec-iterator.prototype.flatmap,27.1.3.3.6,Iterator.prototype.flatMap ( mapper ),5,built-in function,,,,,,
sec-iterator.prototype.foreach,27.1.3.3.7,Iterator.prototype.forEach ( procedure ),5,built-in function,,,,,,
sec-iterator.prototype.map,27.1.3.3.8,Iterator.prototype.map ( mapper ),5,built-in function,,,,,,
sec-iterator.prototype.reduce,27.1.3.3.9,"Iterator.prototype.reduce ( reducer [ , initialValue ] )",5,built-in function,,,,,,
sec-iterator.prototype.some,27.1.3.3.10,Iterator.prototype.some ( predicate ),5,built-in function,,,,,,
sec-iterator.prototype.take,27.1.3.3.11,Iterator.prototype.take ( limit ),5,built-in function,,,,,,
sec-iterator.prototype.toarray,27.1.3.3.12,Iterator.prototype.toArray ( ),5,built-in function,,,,,,
sec-iterator.prototype-%symbol.iterator%,27.1.3.3.13,Iterator.prototype [ %Symbol.iterator% ] ( ),5,built-in function,,,,,,
sec-iterator.prototype-%symbol.tostringtag%,27.1.3.3.14,Iterator.prototype [ %Symbol.toStringTag% ],5,,,,,,,
sec-get-iterator.prototype-%symbol.tostringtag%,27.1.3.3.14.1,get Iterator.prototype [ %Symbol.toStringTag% ],6,built-in function,,,,,,
sec-set-iterator.prototype-%symbol.tostringtag%,27.1.3.3.14.2,set Iterator.prototype [ %Symbol.toStringTag% ],6,built-in function,,,,,,
sec-asynciteratorprototype,27.1.4,The %AsyncIteratorPrototype% Object,3,,,,,,,
sec-%asynciteratorprototype%-%symbol.asynciterator%,27.1.4.1,%AsyncIteratorPrototype% [ %Symbol.asyncIterator% ] ( ),4,built-in function,,,,,,
sec-async-from-sync-iterator-objects,27.1.5,Async-from-Sync Iterator Objects,3,,,,,,,
sec-createasyncfromsynciterator,27.1.5.1,CreateAsyncFromSyncIterator ( syncIteratorRecord ),4,abstract operation,,,,,,
sec-%asyncfromsynciteratorprototype%-object,27.1.5.2,The %AsyncFromSyncIteratorPrototype% Object,4,,,,,,,
sec-%asyncfromsynciteratorprototype%.next,27.1.5.2.1,%AsyncFromSyncIteratorPrototype%.next ( [ value ] ),5,built-in function,,,,,,
sec-%asyncfromsynciteratorprototype%.return,27.1.5.2.2,%AsyncFromSyncIteratorPrototype%.return ( [ value ] ),5,built-in function,,,,,,
sec-%asyncfromsynciteratorprototype%.throw,27.1.5.2.3,%AsyncFromSyncIteratorPrototype%.throw ( [ value ] ),5,built-in function,,,,,,
sec-properties-of-async-from-sync-iterator-instances,27.1.5.3,Properties of Async-from-Sync Iterator Instances,4,,,,,,,
sec-asyncfromsynciteratorcontinuation,27.1.5.4,"AsyncFromSyncIteratorContinuation ( result, promiseCapability, syncIteratorRecord, closeOnRejection )",4,abstract operation,,,,,,
sec-promise-objects,27.2,Promise Objects,2,,,,,,,
sec-promise-abstract-operations,27.2.1,Promise Abstract Operations,3,,,,,,,
sec-promisecapability-records,27.2.1.1,PromiseCapability Records,4,,,,,,,
sec-ifabruptrejectpromise,27.2.1.1.1,"IfAbruptRejectPromise ( value, capability )",5,,,,,,,
sec-promisereaction-records,27.2.1.2,PromiseReaction Records,4,,,,,,,
sec-createresolvingfunctions,27.2.1.3,CreateResolvingFunctions ( toResolve ),4,abstract operation,,,,,,
sec-fulfillpromise,27.2.1.4,"FulfillPromise ( promise, value )",4,abstract operation,,,,,,
sec-newpromisecapability,27.2.1.5,NewPromiseCapability ( C ),4,abstract operation,,,,,,
sec-ispromise,27.2.1.6,IsPromise ( x ),4,abstract operation,,,,,,
sec-rejectpromise,27.2.1.7,"RejectPromise ( promise, reason )",4,abstract operation,,,,,,
sec-triggerpromisereactions,27.2.1.8,"TriggerPromiseReactions ( reactions, argument )",4,abstract operation,,,,,,
sec-host-promise-rejection-tracker,27.2.1.9,"HostPromiseRejectionTracker ( promise, operation )",4,host-defined abstract operation,,,,,,
sec-promise-jobs,27.2.2,Promise Jobs,3,,,,,,,
sec-newpromisereactionjob,27.2.2.1,"NewPromiseReactionJob ( reaction, argument )",4,abstract operation,,,,,,
sec-newpromiseresolvethenablejob,27.2.2.2,"NewPromiseResolveThenableJob ( promiseToResolve, thenable, then )",4,abstract operation,,,,,,
sec-promise-constructor,27.2.3,The Promise Constructor,3,,,,,,,
sec-promise-executor,27.2.3.1,Promise ( executor ),4,built-in function,,,,,,
sec-properties-of-the-promise-constructor,27.2.4,Properties of the Promise Constructor,3,,,,,,,
sec-promise.all,27.2.4.1,Promise.all ( iterable ),4,built-in function,,,,,,
sec-getpromiseresolve,27.2.4.1.1,GetPromiseResolve ( promiseConstructor ),5,abstract operation,,,,,,
sec-performpromiseall,27.2.4.1.2,"PerformPromiseAll ( iteratorRecord, constructor, resultCapability, promiseResolve )",5,abstract operation,,,,,,
sec-promise.allsettled,27.2.4.2,Promise.allSettled ( iterable ),4,built-in function,,,,,,
sec-performpromiseallsettled,27.2.4.2.1,"PerformPromiseAllSettled ( iteratorRecord, constructor, resultCapability, promiseResolve )",5,abstract operation,,,,,,
sec-promise.any,27.2.4.3,Promise.any ( iterable ),4,built-in function,,,,,,
sec-performpromiseany,27.2.4.3.1,"PerformPromiseAny ( iteratorRecord, constructor, resultCapability, promiseResolve )",5,abstract operation,,,,,,
sec-promise.prototype,27.2.4.4,Promise.prototype,4,,,,,,,
sec-promise.race,27.2.4.5,Promise.race ( iterable ),4,built-in function,,,,,,
sec-performpromiserace,27.2.4.5.1,"PerformPromiseRace ( iteratorRecord, constructor, resultCapability, promiseResolve )",5,abstract operation,,,,,,
sec-promise.reject,27.2.4.6,Promise.reject ( r ),4,built-in function,,,,,,
sec-promise.resolve,27.2.4.7,Promise.resolve ( x ),4,built-in function,,,,,,
sec-promise-resolve,27.2.4.7.1,"PromiseResolve ( C, x )",5,abstract operation,,,,,,
sec-promise.try,27.2.4.8,"Promise.try ( callback, ...args )",4,built-in function,,,,,,
sec-promise.withResolvers,27.2.4.9,Promise.withResolvers ( ),4,built-in function,,,,,,
sec-get-promise-%symbol.species%,27.2.4.10,get Promise [ %Symbol.species% ],4,built-in function,,,,,,
sec-properties-of-the-promise-prototype-object,27.2.5,Properties of the Promise Prototype Object,3,,,,,,,
sec-promise.prototype.catch,27.2.5.1,Promise.prototype.catch ( onRejected ),4,built-in function,,,,,,
sec-promise.prototype.constructor,27.2.5.2,Promise.prototype.constructor,4,,,,,,,
sec-promise.prototype.finally,27.2.5.3,Promise.prototype.finally ( onFinally ),4,built-in function,,,,,,
sec-promise.prototype.then,27.2.5.4,"Promise.prototype.then ( onFulfilled, onRejected )",4,built-in function,,,,,,
sec-performpromisethen,27.2.5.4.1,"PerformPromiseThen ( promise, onFulfilled, onRejected [ , resultCapability ] )",5,abstract operation,,,,,,
sec-promise.prototype-%symbol.tostringtag%,27.2.5.5,Promise.prototype [ %Symbol.toStringTag% ],4,,,,,,,
sec-properties-of-promise-instances,27.2.6,Properties of Promise Instances,3,,,,,,,
sec-generatorfunction-objects,27.3,GeneratorFunction Objects,2,,,,,,,
sec-generatorfunction-constructor,27.3.1,The GeneratorFunction Constructor,3,,,,,,,
sec-generatorfunction,27.3.1.1,"GeneratorFunction ( ...parameterArgs, bodyArg )",4,built-in function,,,,,,
sec-properties-of-the-generatorfunction-constructor,27.3.2,Properties of the GeneratorFunction Constructor,3,,,,,,,
sec-generatorfunction.prototype,27.3.2.1,GeneratorFunction.prototype,4,,,,,,,
sec-properties-of-the-generatorfunction-prototype-object,27.3.3,Properties of the GeneratorFunction Prototype Object,3,,,,,,,
sec-generatorfunction.prototype.constructor,27.3.3.1,GeneratorFunction.prototype.constructor,4,,,,,,,
sec-generatorfunction.prototype.prototype,27.3.3.2,GeneratorFunction.prototype.prototype,4,,,,,,,
sec-generatorfunction.prototype-%symbol.tostringtag%,27.3.3.3,GeneratorFunction.prototype [ %Symbol.toStringTag% ],4,,,,,,,
sec-generatorfunction-instances,27.3.4,GeneratorFunction Instances,3,,,,,,,
sec-generatorfunction-instances-length,27.3.4.1,length,4,,,,,,,
sec-generatorfunction-instances-name,27.3.4.2,name,4,,,,,,,
sec-generatorfunction-instances-prototype,27.3.4.3,prototype,4,,,,,,,
sec-asyncgeneratorfunction-objects,27.4,AsyncGeneratorFunction Objects,2,,,,,,,
sec-asyncgeneratorfunction-constructor,27.4.1,The AsyncGeneratorFunction Constructor,3,,,,,,,
sec-asyncgeneratorfunction,27.4.1.1,"AsyncGeneratorFunction ( ...parameterArgs, bodyArg )",4,built-in function,,,,,,
sec-properties-of-asyncgeneratorfunction,27.4.2,Properties of the AsyncGeneratorFunction Constructor,3,,,,,,,
sec-asyncgeneratorfunction-prototype,27.4.2.1,AsyncGeneratorFunction.prototype,4,,,,,,,
sec-properties-of-asyncgeneratorfunction-prototype,27.4.3,Properties of the AsyncGeneratorFunction Prototype Object,3,,,,,,,
sec-asyncgeneratorfunction-prototype-constructor,27.4.3.1,AsyncGeneratorFunction.prototype.constructor,4,,,,,,,
sec-asyncgeneratorfunction-prototype-prototype,27.4.3.2,AsyncGeneratorFunction.prototype.prototype,4,,,,,,,
sec-asyncgeneratorfunction-prototype-%symbol.tostringtag%,27.4.3.3,AsyncGeneratorFunction.prototype [ %Symbol.toStringTag% ],4,,,,,,,
sec-asyncgeneratorfunction-instances,27.4.4,AsyncGeneratorFunction Instances,3,,,,,,,
sec-asyncgeneratorfunction-instance-length,27.4.4.1,length,4,,,,,,,
sec-asyncgeneratorfunction-instance-name,27.4.4.2,name,4,,,,,,,
sec-asyncgeneratorfunction-instance-prototype,27.4.4.3,prototype,4,,,,,,,
sec-generator-objects,27.5,Generator Objects,2,,,,,,,
sec-properties-of-generator-prototype,27.5.1,The %GeneratorPrototype% Object,3,,,,,,,
sec-generator.prototype.constructor,27.5.1.1,%GeneratorPrototype%.constructor,4,,,,,,,
sec-generator.prototype.next,27.5.1.2,%GeneratorPrototype%.next ( value ),4,built-in function,,,,,,
sec-generator.prototype.return,27.5.1.3,%GeneratorPrototype%.return ( value ),4,built-in function,,,,,,
sec-generator.prototype.throw,27.5.1.4,%GeneratorPrototype%.throw ( exception ),4,built-in function,,,,,,
sec-generator.prototype-%symbol.tostringtag%,27.5.1.5,%GeneratorPrototype% [ %Symbol.toStringTag% ],4,,,,,,,
sec-properties-of-generator-instances,27.5.2,Properties of Generator Instances,3,,,,,,,
sec-generator-abstract-operations,27.5.3,Generator Abstract Operations,3,,,,,,,
sec-generatorstart,27.5.3.1,"GeneratorStart ( generator, generatorBody )",4,abstract operation,,,,,,
sec-generatorvalidate,27.5.3.2,"GeneratorValidate ( generator, generatorBrand )",4,abstract operation,,,,,,
sec-generatorresume,27.5.3.3,"GeneratorResume ( generator, value, generatorBrand )",4,abstract operation,,,,,,
sec-generatorresumeabrupt,27.5.3.4,"GeneratorResumeAbrupt ( generator, abruptCompletion, generatorBrand )",4,abstract operation,,,,,,
sec-getgeneratorkind,27.5.3.5,GetGeneratorKind ( ),4,abstract operation,,,,,,
sec-generatoryield,27.5.3.6,GeneratorYield ( iteratorResult ),4,abstract operation,,,,,,
sec-yield,27.5.3.7,Yield ( value ),4,abstract operation,,,,,,
sec-createiteratorfromclosure,27.5.3.8,"CreateIteratorFromClosure ( closure, generatorBrand, generatorPrototype [ , extraSlots ] )",4,abstract operation,,,,,,
sec-asyncgenerator-objects,27.6,AsyncGenerator Objects,2,,,,,,,
sec-properties-of-asyncgenerator-prototype,27.6.1,The %AsyncGeneratorPrototype% Object,3,,,,,,,
sec-asyncgenerator-prototype-constructor,27.6.1.1,%AsyncGeneratorPrototype%.constructor,4,,,,,,,
sec-asyncgenerator-prototype-next,27.6.1.2,%AsyncGeneratorPrototype%.next ( value ),4,built-in function,,,,,,
sec-asyncgenerator-prototype-return,27.6.1.3,%AsyncGeneratorPrototype%.return ( value ),4,built-in function,,,,,,
sec-asyncgenerator-prototype-throw,27.6.1.4,%AsyncGeneratorPrototype%.throw ( exception ),4,built-in function,,,,,,
sec-asyncgenerator-prototype-%symbol.tostringtag%,27.6.1.5,%AsyncGeneratorPrototype% [ %Symbol.toStringTag% ],4,,,,,,,
sec-properties-of-asyncgenerator-intances,27.6.2,Properties of AsyncGenerator Instances,3,,,,,,,
sec-asyncgenerator-abstract-operations,27.6.3,AsyncGenerator Abstract Operations,3,,,,,,,
sec-asyncgeneratorrequest-records,27.6.3.1,AsyncGeneratorRequest Records,4,,,,,,,
sec-asyncgeneratorstart,27.6.3.2,"AsyncGeneratorStart ( generator, generatorBody )",4,abstract operation,,,,,,
sec-asyncgeneratorvalidate,27.6.3.3,"AsyncGeneratorValidate ( generator, generatorBrand )",4,abstract operation,,,,,,
sec-asyncgeneratorenqueue,27.6.3.4,"AsyncGeneratorEnqueue ( generator, completion, promiseCapability )",4,abstract operation,,,,,,
sec-asyncgeneratorcompletestep,27.6.3.5,"AsyncGeneratorCompleteStep ( generator, completion, done [ , realm ] )",4,abstract operation,,,,,,
sec-asyncgeneratorresume,27.6.3.6,"AsyncGeneratorResume ( generator, completion )",4,abstract operation,,,,,,
sec-asyncgeneratorunwrapyieldresumption,27.6.3.7,AsyncGeneratorUnwrapYieldResumption ( resumptionValue ),4,abstract operation,,,,,,
sec-asyncgeneratoryield,27.6.3.8,AsyncGeneratorYield ( value ),4,abstract operation,,,,,,
sec-asyncgeneratorawaitreturn,27.6.3.9,AsyncGeneratorAwaitReturn ( generator ),4,abstract operation,,,,,,
sec-asyncgeneratordrainqueue,27.6.3.10,AsyncGeneratorDrainQueue ( generator ),4,abstract operation,,,,,,
sec-async-function-objects,27.7,AsyncFunction Objects,2,,,,,,,
sec-async-function-constructor,27.7.1,The AsyncFunction Constructor,3,,,,,,,
sec-async-function-constructor-arguments,27.7.1.1,"AsyncFunction ( ...parameterArgs, bodyArg )",4,built-in function,,,,,,
sec-async-function-constructor-properties,27.7.2,Properties of the AsyncFunction Constructor,3,,,,,,,
sec-async-function-constructor-prototype,27.7.2.1,AsyncFunction.prototype,4,,,,,,,
sec-async-function-prototype-properties,27.7.3,Properties of the AsyncFunction Prototype Object,3,,,,,,,
sec-async-function-prototype-properties-constructor,27.7.3.1,AsyncFunction.prototype.constructor,4,,,,,,,
sec-async-function-prototype-%symbol.tostringtag%,27.7.3.2,AsyncFunction.prototype [ %Symbol.toStringTag% ],4,,,,,,,
sec-async-function-instances,27.7.4,AsyncFunction Instances,3,,,,,,,
sec-async-function-instances-length,27.7.4.1,length,4,,,,,,,
sec-async-function-instances-name,27.7.4.2,name,4,,,,,,,
sec-async-functions-abstract-operations,27.7.5,Async Functions Abstract Operations,3,,,,,,,
sec-async-functions-abstract-operations-async-function-start,27.7.5.1,"AsyncFunctionStart ( promiseCapability, asyncFunctionBody )",4,abstract operation,,,,,,
sec-asyncblockstart,27.7.5.2,"AsyncBlockStart ( promiseCapability, asyncBody, asyncContext )",4,abstract operation,,,,,,
await,27.7.5.3,Await ( value ),4,abstract operation,,,,,,
sec-reflection,28,Reflection,1,,,,,,,
sec-reflect-object,28.1,The Reflect Object,2,,,,,,,
sec-reflect.apply,28.1.1,"Reflect.apply ( target, thisArgument, argumentsList )",3,built-in function,,,,,,
sec-reflect.construct,28.1.2,"Reflect.construct ( target, argumentsList [ , newTarget ] )",3,built-in function,,,,,,
sec-reflect.defineproperty,28.1.3,"Reflect.defineProperty ( target, propertyKey, attributes )",3,built-in function,,,,,,
sec-reflect.deleteproperty,28.1.4,"Reflect.deleteProperty ( target, propertyKey )",3,built-in function,,,,,,
sec-reflect.get,28.1.5,"Reflect.get ( target, propertyKey [ , receiver ] )",3,built-in function,,,,,,
sec-reflect.getownpropertydescriptor,28.1.6,"Reflect.getOwnPropertyDescriptor ( target, propertyKey )",3,built-in function,,,,,,
sec-reflect.getprototypeof,28.1.7,Reflect.getPrototypeOf ( target ),3,built-in function,,,,,,
sec-reflect.has,28.1.8,"Reflect.has ( target, propertyKey )",3,built-in function,,,,,,
sec-reflect.isextensible,28.1.9,Reflect.isExtensible ( target ),3,built-in function,,,,,,
sec-reflect.ownkeys,28.1.10,Reflect.ownKeys ( target ),3,built-in function,,,,,,
sec-reflect.preventextensions,28.1.11,Reflect.preventExtensions ( target ),3,built-in function,,,,,,
sec-reflect.set,28.1.12,"Reflect.set ( target, propertyKey, V [ , receiver ] )",3,built-in function,,,,,,
sec-reflect.setprototypeof,28.1.13,"Reflect.setPrototypeOf ( target, proto )",3,built-in function,,,,,,
sec-reflect-%symbol.tostringtag%,28.1.14,Reflect [ %Symbol.toStringTag% ],3,,,,,,,
sec-proxy-objects,28.2,Proxy Objects,2,,,,,,,
sec-proxy-constructor,28.2.1,The Proxy Constructor,3,,,,,,,
sec-proxy-target-handler,28.2.1.1,"Proxy ( target, handler )",4,built-in function,,,,,,
sec-properties-of-the-proxy-constructor,28.2.2,Properties of the Proxy Constructor,3,,,,,,,
sec-proxy.revocable,28.2.2.1,"Proxy.revocable ( target, handler )",4,built-in function,,,,,,
sec-module-namespace-objects,28.3,Module Namespace Objects,2,,,,,,,
sec-%symbol.tostringtag%,28.3.1,%Symbol.toStringTag%,3,,,,,,,
sec-memory-model,29,Memory Model,1,,,,,,,
sec-memory-model-fundamentals,29.1,Memory Model Fundamentals,2,,,,,,,
sec-agent-event-records,29.2,Agent Events Records,2,,,,,,,
sec-chosen-value-records,29.3,Chosen Value Records,2,,,,,,,
sec-candidate-executions,29.4,Candidate Executions,2,,,,,,,
sec-abstract-operations-for-the-memory-model,29.5,Abstract Operations for the Memory Model,2,,,,,,,
sec-event-set,29.5.1,EventSet ( execution ),3,abstract operation,,,,,,
sec-sharedatablockeventset,29.5.2,SharedDataBlockEventSet ( execution ),3,abstract operation,,,,,,
sec-hosteventset,29.5.3,HostEventSet ( execution ),3,abstract operation,,,,,,
sec-composewriteeventbytes,29.5.4,"ComposeWriteEventBytes ( execution, byteIndex, Ws )",3,abstract operation,,,,,,
sec-valueofreadevent,29.5.5,"ValueOfReadEvent ( execution, R )",3,abstract operation,,,,,,
sec-relations-of-candidate-executions,29.6,Relations of Candidate Executions,2,,,,,,,
sec-agent-order,29.6.1,is-agent-order-before,3,,,,,,,
sec-reads-bytes-from,29.6.2,reads-bytes-from,3,,,,,,,
sec-reads-from,29.6.3,reads-from,3,,,,,,,
sec-host-synchronizes-with,29.6.4,host-synchronizes-with,3,,,,,,,
sec-synchronizes-with,29.6.5,synchronizes-with,3,,,,,,,
sec-happens-before,29.6.6,happens-before,3,,,,,,,
sec-properties-of-valid-executions,29.7,Properties of Valid Executions,2,,,,,,,
sec-valid-chosen-reads,29.7.1,Valid Chosen Reads,3,,,,,,,
sec-coherent-reads,29.7.2,Coherent Reads,3,,,,,,,
sec-tear-free-aligned-reads,29.7.3,Tear Free Reads,3,,,,,,,
sec-memory-order,29.7.4,Sequentially Consistent Atomics,3,,,,,,,
sec-valid-executions,29.7.5,Valid Executions,3,,,,,,,
sec-races,29.8,Races,2,,,,,,,
sec-data-races,29.9,Data Races,2,,,,,,,
sec-data-race-freedom,29.10,Data Race Freedom,2,,,,,,,
sec-shared-memory-guidelines,29.11,Shared Memory Guidelines,2,,,,,,,
sec-grammar-summary,A,Grammar Summary,1,,informative,,,,,
sec-lexical-grammar,A.1,Lexical Grammar,2,,,,,,,
sec-expressions,A.2,Expressions,2,,,,,,,
sec-statements,A.3,Statements,2,,,,,,,
sec-functions-and-classes,A.4,Functions and Classes,2,,,,,,,
sec-scripts-and-modules,A.5,Scripts and Modules,2,,,,,,,
sec-number-conversions,A.6,Number Conversions,2,,,,,,,
sec-time-zone-offset-string-format,A.7,Time Zone Offset String Format,2,,,,,,,
sec-regular-expressions,A.8,Regular Expressions,2,,,,,,,
sec-additional-ecmascript-features-for-web-browsers,B,Additional ECMAScript Features for Web Browsers,1,,normative,,,,,
sec-additional-syntax,B.1,Additional Syntax,2,,,,,,,
sec-html-like-comments,B.1.1,HTML-like Comments,3,,,,,,,
sec-regular-expressions-patterns,B.1.2,Regular Expressions Patterns,3,,,,,,,
sec-patterns-static-semantics-early-errors-annexb,B.1.2.1,Static Semantics: Early Errors,4,,,,,,,
sec-countleftcapturingparens-annexb,B.1.2.2,Static Semantics: CountLeftCapturingParensWithin and CountLeftCapturingParensBefore,4,,,,,,,
sec-patterns-static-semantics-is-character-class-annexb,B.1.2.3,Static Semantics: IsCharacterClass,4,,,,,,,
sec-patterns-static-semantics-character-value-annexb,B.1.2.4,Static Semantics: CharacterValue,4,,,,,,,
sec-compilesubpattern-annexb,B.1.2.5,Runtime Semantics: CompileSubpattern,4,,,,,,,
sec-compileassertion-annexb,B.1.2.6,Runtime Semantics: CompileAssertion,4,,,,,,,
sec-compileatom-annexb,B.1.2.7,Runtime Semantics: CompileAtom,4,,,,,,,
sec-compiletocharset-annexb,B.1.2.8,Runtime Semantics: CompileToCharSet,4,,,,,,,
sec-runtime-semantics-characterrangeorunion-abstract-operation,B.1.2.8.1,"CharacterRangeOrUnion ( rer, A, B )",5,abstract operation,,,,,,
sec-parsepattern-annexb,B.1.2.9,"Static Semantics: ParsePattern ( patternText, u, v )",4,,,,,,,
sec-additional-built-in-properties,B.2,Additional Built-in Properties,2,,,,,,,
sec-additional-properties-of-the-global-object,B.2.1,Additional Properties of the Global Object,3,,,,,,,
sec-escape-string,B.2.1.1,escape ( string ),4,built-in function,,,,,,
sec-unescape-string,B.2.1.2,unescape ( string ),4,built-in function,,,,,,
sec-additional-properties-of-the-string.prototype-object,B.2.2,Additional Properties of the String.prototype Object,3,,,,,,,
sec-string.prototype.substr,B.2.2.1,"String.prototype.substr ( start, length )",4,built-in function,,,,,,
sec-string.prototype.anchor,B.2.2.2,String.prototype.anchor ( name ),4,built-in function,,,,,,
sec-createhtml,B.2.2.2.1,"CreateHTML ( string, tag, attribute, value )",5,abstract operation,,,,,,
sec-string.prototype.big,B.2.2.3,String.prototype.big ( ),4,built-in function,,,,,,
sec-string.prototype.blink,B.2.2.4,String.prototype.blink ( ),4,built-in function,,,,,,
sec-string.prototype.bold,B.2.2.5,String.prototype.bold ( ),4,built-in function,,,,,,
sec-string.prototype.fixed,B.2.2.6,String.prototype.fixed ( ),4,built-in function,,,,,,
sec-string.prototype.fontcolor,B.2.2.7,String.prototype.fontcolor ( colour ),4,built-in function,,,,,,
sec-string.prototype.fontsize,B.2.2.8,String.prototype.fontsize ( size ),4,built-in function,,,,,,
sec-string.prototype.italics,B.2.2.9,String.prototype.italics ( ),4,built-in function,,,,,,
sec-string.prototype.link,B.2.2.10,String.prototype.link ( url ),4,built-in function,,,,,,
sec-string.prototype.small,B.2.2.11,String.prototype.small ( ),4,built-in function,,,,,,
sec-string.prototype.strike,B.2.2.12,String.prototype.strike ( ),4,built-in function,,,,,,
sec-string.prototype.sub,B.2.2.13,String.prototype.sub ( ),4,built-in function,,,,,,
sec-string.prototype.sup,B.2.2.14,String.prototype.sup ( ),4,built-in function,,,,,,
String.prototype.trimleft,B.2.2.15,String.prototype.trimLeft ( ),4,built-in function,,,,,,
String.prototype.trimright,B.2.2.16,String.prototype.trimRight ( ),4,built-in function,,,,,,
sec-additional-properties-of-the-date.prototype-object,B.2.3,Additional Properties of the Date.prototype Object,3,,,,,,,
sec-date.prototype.getyear,B.2.3.1,Date.prototype.getYear ( ),4,built-in function,,,,,,
sec-date.prototype.setyear,B.2.3.2,Date.prototype.setYear ( year ),4,built-in function,,,,,,
sec-date.prototype.togmtstring,B.2.3.3,Date.prototype.toGMTString ( ),4,built-in function,,,,,,
sec-additional-properties-of-the-regexp.prototype-object,B.2.4,Additional Properties of the RegExp.prototype Object,3,,,,,,,
sec-regexp.prototype.compile,B.2.4.1,"RegExp.prototype.compile ( pattern, flags )",4,built-in function,,,,,,
sec-other-additional-features,B.3,Other Additional Features,2,,,,,,,
sec-labelled-function-declarations,B.3.1,Labelled Function Declarations,3,,,,,,,
sec-block-level-function-declarations-web-legacy-compatibility-semantics,B.3.2,Block-Level Function Declarations Web Legacy Compatibility Semantics,3,,,,,,,
sec-functiondeclarations-in-ifstatement-statement-clauses,B.3.3,FunctionDeclarations in IfStatement Statement Clauses,3,,,,,,,
sec-variablestatements-in-catch-blocks,B.3.4,VariableStatements in Catch Blocks,3,,,,,,,
sec-initializers-in-forin-statement-heads,B.3.5,Initializers in ForIn Statement Heads,3,,,,,,,
sec-IsHTMLDDA-internal-slot,B.3.6,The [[IsHTMLDDA]] Internal Slot,3,,,,,,,
sec-web-compat-host-make-job-callback,B.3.7,Non-default behaviour in HostMakeJobCallback,3,,,,,,,
sec-web-compat-host-ensure-can-add-private-field,B.3.8,Non-default behaviour in HostEnsureCanAddPrivateElement,3,,,,,,,
sec-runtime-errors-for-function-call-assignment-targets,B.3.9,Runtime Errors for Function Call Assignment Targets,3,,,,,,,
sec-strict-mode-of-ecmascript,C,The Strict Mode of ECMAScript,1,,informative,,,,,
sec-host-layering-points,D,Host Layering Points,1,,informative,,,,,
sec-host-hooks-summary,D.1,Host Hooks,2,,,,,,,
sec-host-defined-fields-summary,D.2,Host-defined Fields,2,,,,,,,
sec-host-defined-objects-summary,D.3,Host-defined Objects,2,,,,,,,
sec-host-running-jobs,D.4,Running Jobs,2,,,,,,,
sec-host-internal-methods-of-exotic-objects,D.5,Internal Methods of Exotic Objects,2,,,,,,,
sec-host-built-in-objects-and-methods,D.6,Built-in Objects and Methods,2,,,,,,,
sec-corrections-and-clarifications-in-ecmascript-2015-with-possible-compatibility-impact,E,Corrections and Clarifications in ECMAScript 2015 with Possible Compatibility Impact,1,,informative,,,,,
sec-additions-and-changes-that-introduce-incompatibilities-with-prior-editions,F,Additions and Changes That Introduce Incompatibilities with Prior Editions,1,,informative,,,,,
