path,title,page_type,status,browser_compat,course,day,lesson,depth,note
Web/JavaScript,JavaScript,landing-page,,,,,,,
Web/JavaScript/Guide,JavaScript Guide,guide,,,,,,,
Web/JavaScript/Guide/Closures,Closures,guide,,,,,,,
Web/JavaScript/Guide/Control_flow_and_error_handling,Control flow and error handling,guide,,,,,,,
Web/JavaScript/Guide/Data_structures,JavaScript data types and data structures,guide,,,,,,,
Web/JavaScript/Guide/Enumerability_and_ownership_of_properties,Enumerability and ownership of properties,guide,,,,,,,
Web/JavaScript/Guide/Equality_comparisons_and_sameness,Equality comparisons and sameness,guide,,,,,,,
Web/JavaScript/Guide/Expressions_and_operators,Expressions and operators,guide,,,,,,,
Web/JavaScript/Guide/Functions,Functions,guide,,,,,,,
Web/JavaScript/Guide/Grammar_and_types,Grammar and types,guide,,,,,,,
Web/JavaScript/Guide/Indexed_collections,Indexed collections,guide,,,,,,,
Web/JavaScript/Guide/Inheritance_and_the_prototype_chain,Inheritance and the prototype chain,guide,,,,,,,
Web/JavaScript/Guide/Internationalization,Internationalization,guide,,,,,,,
Web/JavaScript/Guide/Introduction,Introduction,guide,,,,,,,
Web/JavaScript/Guide/Iterators_and_generators,Iterators and generators,guide,,,,,,,
Web/JavaScript/Guide/Keyed_collections,Keyed collections,guide,,,,,,,
Web/JavaScript/Guide/Language_overview,JavaScript language overview,guide,,,,,,,
Web/JavaScript/Guide/Loops_and_iteration,Loops and iteration,guide,,,,,,,
Web/JavaScript/Guide/Memory_management,Memory management,guide,,,,,,,
Web/JavaScript/Guide/Meta_programming,Meta programming,guide,,,,,,,
Web/JavaScript/Guide/Modules,JavaScript modules,guide,,,,,,,
Web/JavaScript/Guide/Numbers_and_strings,Numbers and strings,guide,,,,,,,
Web/JavaScript/Guide/Regular_expressions,Regular expressions,guide,,,,,,,
Web/JavaScript/Guide/Regular_expressions/Assertions,Assertions,guide,,,,,,,
Web/JavaScript/Guide/Regular_expressions/Character_classes,Character classes,guide,,,,,,,
Web/JavaScript/Guide/Regular_expressions/Cheatsheet,Regular expression syntax cheat sheet,guide,,,,,,,
Web/JavaScript/Guide/Regular_expressions/Groups_and_backreferences,Groups and backreferences,guide,,,,,,,
Web/JavaScript/Guide/Regular_expressions/Quantifiers,Quantifiers,guide,,,,,,,
Web/JavaScript/Guide/Representing_dates_times,Representing dates & times,guide,,,,,,,
Web/JavaScript/Guide/Resource_management,JavaScript resource management,guide,,,,,,,
Web/JavaScript/Guide/Typed_arrays,JavaScript typed arrays,guide,,,,,,,
Web/JavaScript/Guide/Using_classes,Using classes,guide,,,,,,,
Web/JavaScript/Guide/Using_promises,Using promises,guide,,,,,,,
Web/JavaScript/Guide/Working_with_objects,Working with objects,guide,,,,,,,
Web/JavaScript/Reference,JavaScript reference,landing-page,,,,,,,
Web/JavaScript/Reference/Classes,Classes,guide,,javascript.classes,,,,,
Web/JavaScript/Reference/Classes/constructor,constructor,javascript-language-feature,,javascript.classes.constructor,,,,,
Web/JavaScript/Reference/Classes/extends,extends,javascript-language-feature,,javascript.classes.extends,,,,,
Web/JavaScript/Reference/Classes/Private_elements,Private elements,javascript-language-feature,,javascript.classes.private_class_fields javascript.classes.private_class_fields_in javascript.classes.private_class_methods,,,,,
Web/JavaScript/Reference/Classes/Public_class_fields,Public class fields,javascript-language-feature,,javascript.classes.public_class_fields,,,,,
Web/JavaScript/Reference/Classes/static,static,javascript-language-feature,,javascript.classes.static,,,,,
Web/JavaScript/Reference/Classes/Static_initialization_blocks,Static initialization blocks,javascript-language-feature,,javascript.classes.static.initialization_blocks,,,,,
Web/JavaScript/Reference/Deprecated_and_obsolete_features,Deprecated and obsolete features,guide,,,,,,,
Web/JavaScript/Reference/Errors,JavaScript error reference,landing-page,,,,,,,
Web/JavaScript/Reference/Errors/Already_executing_generator,TypeError: already executing generator,javascript-error,,,,,,,
Web/JavaScript/Reference/Errors/Already_has_pragma,"Warning: -file- is being assigned a //# sourceMappingURL, but already has one",javascript-error,,,,,,,
Web/JavaScript/Reference/Errors/Arguments_not_allowed,SyntaxError: arguments is not valid in fields,javascript-error,,,,,,,
Web/JavaScript/Reference/Errors/Array_sort_argument,TypeError: invalid Array.prototype.sort argument,javascript-error,,,,,,,
Web/JavaScript/Reference/Errors/await_yield_in_parameter,SyntaxError: await/yield expression can't be used in parameter,javascript-error,,,,,,,
Web/JavaScript/Reference/Errors/Bad_await,"SyntaxError: await is only valid in async functions, async generators and modules",javascript-error,,,,,,,
Web/JavaScript/Reference/Errors/Bad_break,SyntaxError: unlabeled break must be inside loop or switch,javascript-error,,,,,,,
Web/JavaScript/Reference/Errors/Bad_continue,SyntaxError: continue must be inside loop,javascript-error,,,,,,,
Web/JavaScript/Reference/Errors/Bad_new_optional,SyntaxError: new keyword cannot be used with an optional chain,javascript-error,,,,,,,
Web/JavaScript/Reference/Errors/Bad_optional_template,SyntaxError: tagged template cannot be used with optional chain,javascript-error,,,,,,,
Web/JavaScript/Reference/Errors/Bad_radix,RangeError: radix must be an integer,javascript-error,,,,,,,
Web/JavaScript/Reference/Errors/Bad_regexp_flag,"SyntaxError: invalid regular expression flag ""x""",javascript-error,,,,,,,
Web/JavaScript/Reference/Errors/Bad_return,SyntaxError: return not in function,javascript-error,,,,,,,
Web/JavaScript/Reference/Errors/Bad_strict_arguments_eval,SyntaxError: 'arguments'/'eval' can't be defined or assigned to in strict mode code,javascript-error,,,,,,,
Web/JavaScript/Reference/Errors/Bad_super_call,SyntaxError: super() is only valid in derived class constructors,javascript-error,,,,,,,
Web/JavaScript/Reference/Errors/Bad_super_prop,SyntaxError: use of super property/member accesses only valid within methods or eval code within methods,javascript-error,,,,,,,
Web/JavaScript/Reference/Errors/BigInt_division_by_zero,RangeError: BigInt division by zero,javascript-error,,,,,,,
Web/JavaScript/Reference/Errors/BigInt_negative_exponent,RangeError: BigInt negative exponent,javascript-error,,,,,,,
Web/JavaScript/Reference/Errors/BigInt_not_serializable,TypeError: BigInt value can't be serialized in JSON,javascript-error,,,,,,,
Web/JavaScript/Reference/Errors/Builtin_ctor_no_new,TypeError: calling a builtin X constructor without new is forbidden,javascript-error,,,,,,,
Web/JavaScript/Reference/Errors/Called_on_incompatible_type,TypeError: X.prototype.y called on incompatible type,javascript-error,,,,,,,
Web/JavaScript/Reference/Errors/Cant_access_lexical_declaration_before_init,ReferenceError: can't access lexical declaration 'X' before initialization,javascript-error,,,,,,,
Web/JavaScript/Reference/Errors/Cant_assign_to_property,"TypeError: can't assign to property ""x"" on ""y"": not an object",javascript-error,,,,,,,
Web/JavaScript/Reference/Errors/Cant_be_converted_to_BigInt_because_it_isnt_an_integer,RangeError: x can't be converted to BigInt because it isn't an integer,javascript-error,,,,,,,
Web/JavaScript/Reference/Errors/Cant_convert_BigInt_to_number,TypeError: can't convert BigInt to number,javascript-error,,,,,,,
Web/JavaScript/Reference/Errors/Cant_convert_x_to_BigInt,TypeError: can't convert x to BigInt,javascript-error,,,,,,,
Web/JavaScript/Reference/Errors/Cant_define_property_object_not_extensible,"TypeError: can't define property ""x"": ""obj"" is not extensible",javascript-error,,,,,,,
Web/JavaScript/Reference/Errors/Cant_delete,"TypeError: property ""x"" is non-configurable and can't be deleted",javascript-error,,,,,,,
Web/JavaScript/Reference/Errors/Cant_delete_private_fields,SyntaxError: private fields can't be deleted,javascript-error,,,,,,,
Web/JavaScript/Reference/Errors/Cant_redefine_property,"TypeError: can't redefine non-configurable property ""x""",javascript-error,,,,,,,
Web/JavaScript/Reference/Errors/Cant_set_prototype,TypeError: can't set prototype of this object,javascript-error,,,,,,,
Web/JavaScript/Reference/Errors/Cant_use_nullish_coalescing_unparenthesized,SyntaxError: cannot use ?? unparenthesized within || and && expressions,javascript-error,,,,,,,
Web/JavaScript/Reference/Errors/Class_ctor_no_new,TypeError: class constructors must be invoked with 'new',javascript-error,,,,,,,
Web/JavaScript/Reference/Errors/Constructor_cant_be_used_directly,TypeError: Iterator/AsyncIterator constructor can't be used directly,javascript-error,,,,,,,
Web/JavaScript/Reference/Errors/Cyclic_object_value,TypeError: cyclic object value,javascript-error,,,,,,,
Web/JavaScript/Reference/Errors/Cyclic_prototype,TypeError: can't set prototype: it would cause a prototype chain cycle,javascript-error,,,,,,,
Web/JavaScript/Reference/Errors/Delete_in_strict_mode,SyntaxError: applying the 'delete' operator to an unqualified name is deprecated,javascript-error,,,,,,,
Web/JavaScript/Reference/Errors/Deprecated_caller_or_arguments_usage,"TypeError: 'caller', 'callee', and 'arguments' properties may not be accessed",javascript-error,,,,,,,
Web/JavaScript/Reference/Errors/Deprecated_octal_escape_sequence,SyntaxError: octal escape sequences can't be used in untagged template literals or in strict mode code,javascript-error,,,,,,,
Web/JavaScript/Reference/Errors/Deprecated_octal_literal,"SyntaxError: ""0""-prefixed octal literals are deprecated",javascript-error,,,,,,,
Web/JavaScript/Reference/Errors/Deprecated_source_map_pragma,SyntaxError: Using //@ to indicate sourceURL pragmas is deprecated. Use //# instead,javascript-error,,,,,,,
Web/JavaScript/Reference/Errors/Duplicate_parameter,SyntaxError: duplicate formal argument x,javascript-error,,,,,,,
Web/JavaScript/Reference/Errors/Duplicate_proto,SyntaxError: property name __proto__ appears more than once in object literal,javascript-error,,,,,,,
Web/JavaScript/Reference/Errors/Either_be_both_static_or_non-static,SyntaxError: getter and setter for private name #x should either be both static or non-static,javascript-error,,,,,,,
Web/JavaScript/Reference/Errors/Form_must_be_one_of,"RangeError: form must be one of 'NFC', 'NFD', 'NFKC', or 'NFKD'",javascript-error,,,,,,,
Web/JavaScript/Reference/Errors/Function_label,SyntaxError: functions cannot be labelled,javascript-error,,,,,,,
Web/JavaScript/Reference/Errors/Get_set_missing_private,TypeError: can't access/set private field or method: object is not the right class,javascript-error,,,,,,,
Web/JavaScript/Reference/Errors/Getter_no_arguments,SyntaxError: getter functions must have no arguments,javascript-error,,,,,,,
Web/JavaScript/Reference/Errors/Getter_only,"TypeError: setting getter-only property ""x""",javascript-error,,,,,,,
Web/JavaScript/Reference/Errors/Hash_outside_class,SyntaxError: Unexpected '#' used outside of class body,javascript-error,,,,,,,
Web/JavaScript/Reference/Errors/Identifier_after_number,SyntaxError: identifier starts immediately after numeric literal,javascript-error,,,,,,,
Web/JavaScript/Reference/Errors/Illegal_character,SyntaxError: illegal character,javascript-error,,,,,,,
Web/JavaScript/Reference/Errors/import_decl_module_top_level,SyntaxError: import declarations may only appear at top level of a module,javascript-error,,,,,,,
Web/JavaScript/Reference/Errors/in_operator_no_object,TypeError: cannot use 'in' operator to search for 'x' in 'y',javascript-error,,,,,,,
Web/JavaScript/Reference/Errors/Invalid_array_length,RangeError: invalid array length,javascript-error,,,,,,,
Web/JavaScript/Reference/Errors/Invalid_assignment_left-hand_side,SyntaxError: invalid assignment left-hand side,javascript-error,,,,,,,
Web/JavaScript/Reference/Errors/Invalid_BigInt_syntax,SyntaxError: invalid BigInt syntax,javascript-error,,,,,,,
Web/JavaScript/Reference/Errors/Invalid_const_assignment,"TypeError: invalid assignment to const ""x""",javascript-error,,,,,,,
Web/JavaScript/Reference/Errors/Invalid_date,RangeError: invalid date,javascript-error,,,,,,,
Web/JavaScript/Reference/Errors/Invalid_derived_return,TypeError: derived class constructor returned invalid value x,javascript-error,,,,,,,
Web/JavaScript/Reference/Errors/Invalid_for-in_initializer,SyntaxError: for-in loop head declarations may not have initializers,javascript-error,,,,,,,
Web/JavaScript/Reference/Errors/Invalid_for-of_initializer,SyntaxError: a declaration in the head of a for-of loop can't have an initializer,javascript-error,,,,,,,
Web/JavaScript/Reference/Errors/invalid_right_hand_side_instanceof_operand,TypeError: invalid 'instanceof' operand 'x',javascript-error,,,,,,,
Web/JavaScript/Reference/Errors/is_not_iterable,TypeError: 'x' is not iterable,javascript-error,,,,,,,
Web/JavaScript/Reference/Errors/JSON_bad_parse,SyntaxError: JSON.parse: bad parsing,javascript-error,,,,,,,
Web/JavaScript/Reference/Errors/Key_not_weakly_held,TypeError: WeakSet key/WeakMap value 'x' must be an object or an unregistered symbol,javascript-error,,,,,,,
Web/JavaScript/Reference/Errors/Label_not_found,SyntaxError: label not found,javascript-error,,,,,,,
Web/JavaScript/Reference/Errors/Malformed_URI,URIError: malformed URI sequence,javascript-error,,,,,,,
Web/JavaScript/Reference/Errors/Missing_bracket_after_list,SyntaxError: missing ] after element list,javascript-error,,,,,,,
Web/JavaScript/Reference/Errors/Missing_colon_after_property_id,SyntaxError: missing : after property id,javascript-error,,,,,,,
Web/JavaScript/Reference/Errors/Missing_curly_after_function_body,SyntaxError: missing } after function body,javascript-error,,,,,,,
Web/JavaScript/Reference/Errors/Missing_curly_after_property_list,SyntaxError: missing } after property list,javascript-error,,,,,,,
Web/JavaScript/Reference/Errors/Missing_formal_parameter,SyntaxError: missing formal parameter,javascript-error,,,,,,,
Web/JavaScript/Reference/Errors/Missing_initializer_in_const,SyntaxError: missing = in const declaration,javascript-error,,,,,,,
Web/JavaScript/Reference/Errors/Missing_name_after_dot_operator,SyntaxError: missing name after . operator,javascript-error,,,,,,,
Web/JavaScript/Reference/Errors/Missing_parenthesis_after_argument_list,SyntaxError: missing ) after argument list,javascript-error,,,,,,,
Web/JavaScript/Reference/Errors/Missing_parenthesis_after_condition,SyntaxError: missing ) after condition,javascript-error,,,,,,,
Web/JavaScript/Reference/Errors/More_arguments_needed,TypeError: More arguments needed,javascript-error,,,,,,,
Web/JavaScript/Reference/Errors/Negative_repetition_count,RangeError: repeat count must be non-negative,javascript-error,,,,,,,
Web/JavaScript/Reference/Errors/No_non-null_object,"TypeError: ""x"" is not a non-null object",javascript-error,,,,,,,
Web/JavaScript/Reference/Errors/No_properties,TypeError: null/undefined has no properties,javascript-error,,,,,,,
Web/JavaScript/Reference/Errors/No_variable_name,SyntaxError: missing variable name,javascript-error,,,,,,,
Web/JavaScript/Reference/Errors/Non_configurable_array_element,TypeError: can't delete non-configurable array element,javascript-error,,,,,,,
Web/JavaScript/Reference/Errors/Not_a_constructor,"TypeError: ""x"" is not a constructor",javascript-error,,,,,,,
Web/JavaScript/Reference/Errors/Not_a_function,"TypeError: ""x"" is not a function",javascript-error,,,,,,,
Web/JavaScript/Reference/Errors/Not_a_valid_code_point,RangeError: argument is not a valid code point,javascript-error,,,,,,,
Web/JavaScript/Reference/Errors/Not_defined,"ReferenceError: ""x"" is not defined",javascript-error,,,,,,,
Web/JavaScript/Reference/Errors/Parameter_after_rest_parameter,SyntaxError: parameter after rest parameter,javascript-error,,,,,,,
Web/JavaScript/Reference/Errors/Precision_range,RangeError: precision is out of range,javascript-error,,,,,,,
Web/JavaScript/Reference/Errors/Private_double_initialization,TypeError: Initializing an object twice is an error with private fields/methods,javascript-error,,,,,,,
Web/JavaScript/Reference/Errors/Private_setter_only,TypeError: getting private setter-only property,javascript-error,,,,,,,
Web/JavaScript/Reference/Errors/Promise_any_all_rejected,AggregateError: No Promise in Promise.any was resolved,javascript-error,,,,,,,
Web/JavaScript/Reference/Errors/Property_access_denied,"Error: Permission denied to access property ""x""",javascript-error,,,,,,,
Web/JavaScript/Reference/Errors/Read-only,"TypeError: ""x"" is read-only",javascript-error,,,,,,,
Web/JavaScript/Reference/Errors/Redeclared_parameter,"SyntaxError: redeclaration of formal parameter ""x""",javascript-error,,,,,,,
Web/JavaScript/Reference/Errors/Reduce_of_empty_array_with_no_initial_value,TypeError: Reduce of empty array with no initial value,javascript-error,,,,,,,
Web/JavaScript/Reference/Errors/Regex_backslash_at_end_of_pattern,SyntaxError: \ at end of pattern,javascript-error,,,,,,,
Web/JavaScript/Reference/Errors/Regex_character_class_escape_in_class_range,SyntaxError: character class escape cannot be used in class range in regular expression,javascript-error,,,,,,,
Web/JavaScript/Reference/Errors/Regex_duplicate_capture_group_name,SyntaxError: duplicate capture group name in regular expression,javascript-error,,,,,,,
Web/JavaScript/Reference/Errors/Regex_incomplete_quantifier,SyntaxError: incomplete quantifier in regular expression,javascript-error,,,,,,,
Web/JavaScript/Reference/Errors/Regex_invalid_capture_group_name,SyntaxError: invalid capture group name in regular expression,javascript-error,,,,,,,
Web/JavaScript/Reference/Errors/Regex_invalid_char_in_class,SyntaxError: invalid character in class in regular expression,javascript-error,,,,,,,
Web/JavaScript/Reference/Errors/Regex_invalid_class_set_operation,SyntaxError: invalid class set operation in regular expression,javascript-error,,,,,,,
Web/JavaScript/Reference/Errors/Regex_invalid_decimal_escape,SyntaxError: invalid decimal escape in regular expression,javascript-error,,,,,,,
Web/JavaScript/Reference/Errors/Regex_invalid_group,SyntaxError: invalid regexp group,javascript-error,,,,,,,
Web/JavaScript/Reference/Errors/Regex_invalid_identity_escape,SyntaxError: invalid identity escape in regular expression,javascript-error,,,,,,,
Web/JavaScript/Reference/Errors/Regex_invalid_named_capture_reference,SyntaxError: invalid named capture reference in regular expression,javascript-error,,,,,,,
Web/JavaScript/Reference/Errors/Regex_invalid_property_name,SyntaxError: invalid property name in regular expression,javascript-error,,,,,,,
Web/JavaScript/Reference/Errors/Regex_invalid_range_in_character_class,SyntaxError: invalid range in character class,javascript-error,,,,,,,
Web/JavaScript/Reference/Errors/Regex_invalid_unicode_escape,SyntaxError: invalid unicode escape in regular expression,javascript-error,,,,,,,
Web/JavaScript/Reference/Errors/Regex_negated_char_class_with_strings,SyntaxError: negated character class with strings in regular expression,javascript-error,,,,,,,
Web/JavaScript/Reference/Errors/Regex_nothing_to_repeat,SyntaxError: nothing to repeat,javascript-error,,,,,,,
Web/JavaScript/Reference/Errors/Regex_numbers_out_of_order_in_quantifier,SyntaxError: numbers out of order in {} quantifier.,javascript-error,,,,,,,
Web/JavaScript/Reference/Errors/Regex_raw_bracket,SyntaxError: raw bracket is not allowed in regular expression with unicode flag,javascript-error,,,,,,,
Web/JavaScript/Reference/Errors/Requires_global_RegExp,TypeError: matchAll/replaceAll must be called with a global RegExp,javascript-error,,,,,,,
Web/JavaScript/Reference/Errors/Reserved_identifier,"SyntaxError: ""x"" is a reserved identifier",javascript-error,,,,,,,
Web/JavaScript/Reference/Errors/Rest_with_default,SyntaxError: rest parameter may not have a default,javascript-error,,,,,,,
Web/JavaScript/Reference/Errors/Resulting_string_too_large,RangeError: repeat count must be less than infinity,javascript-error,,,,,,,
Web/JavaScript/Reference/Errors/Setter_one_argument,SyntaxError: setter functions must have one argument,javascript-error,,,,,,,
Web/JavaScript/Reference/Errors/Stmt_after_return,Warning: unreachable code after return statement,javascript-error,,,,,,,
Web/JavaScript/Reference/Errors/Strict_non_simple_params,"SyntaxError: ""use strict"" not allowed in function with non-simple parameters",javascript-error,,,,,,,
Web/JavaScript/Reference/Errors/String_literal_EOL,SyntaxError: string literal contains an unescaped line break,javascript-error,,,,,,,
Web/JavaScript/Reference/Errors/Super_called_twice,ReferenceError: super() called twice in derived class constructor,javascript-error,,,,,,,
Web/JavaScript/Reference/Errors/Super_not_called,ReferenceError: must call super constructor before using 'this' in derived class constructor,javascript-error,,,,,,,
Web/JavaScript/Reference/Errors/Too_much_recursion,InternalError: too much recursion,javascript-error,,,,,,,
Web/JavaScript/Reference/Errors/Undeclared_private_field_or_method,SyntaxError: reference to undeclared private field or method #x,javascript-error,,,,,,,
Web/JavaScript/Reference/Errors/Undeclared_var,"ReferenceError: assignment to undeclared variable ""x""",javascript-error,,,,,,,
Web/JavaScript/Reference/Errors/Unexpected_token,SyntaxError: Unexpected token,javascript-error,,,,,,,
Web/JavaScript/Reference/Errors/Unexpected_type,"TypeError: ""x"" is (not) ""y""",javascript-error,,,,,,,
Web/JavaScript/Reference/Errors/Unnamed_function_statement,SyntaxError: function statement requires a name,javascript-error,,,,,,,
Web/JavaScript/Reference/Errors/Unparenthesized_unary_expr_lhs_exponentiation,SyntaxError: unparenthesized unary expression can't appear on the left-hand side of '**',javascript-error,,,,,,,
Web/JavaScript/Reference/Execution_model,JavaScript execution model,guide,,,,,,,
Web/JavaScript/Reference/Functions,Functions,guide,,javascript.functions,,,,,
Web/JavaScript/Reference/Functions/arguments,The arguments object,javascript-language-feature,,javascript.functions.arguments,,,,,
Web/JavaScript/Reference/Functions/arguments/callee,arguments.callee,javascript-instance-data-property,deprecated,javascript.functions.arguments.callee,,,,,
Web/JavaScript/Reference/Functions/arguments/length,arguments.length,javascript-instance-data-property,,javascript.functions.arguments.length,,,,,
Web/JavaScript/Reference/Functions/arguments/Symbol.iterator,arguments[Symbol.iterator](),javascript-instance-method,,javascript.functions.arguments.@@iterator,,,,,
Web/JavaScript/Reference/Functions/Arrow_functions,Arrow function expressions,javascript-language-feature,,javascript.functions.arrow_functions,,,,,
Web/JavaScript/Reference/Functions/Default_parameters,Default parameters,javascript-language-feature,,javascript.functions.default_parameters,,,,,
Web/JavaScript/Reference/Functions/get,get,javascript-language-feature,,javascript.functions.get,,,,,
Web/JavaScript/Reference/Functions/Method_definitions,Method definitions,javascript-language-feature,,javascript.functions.method_definitions,,,,,
Web/JavaScript/Reference/Functions/rest_parameters,Rest parameters,javascript-language-feature,,javascript.functions.rest_parameters,,,,,
Web/JavaScript/Reference/Functions/set,set,javascript-language-feature,,javascript.functions.set,,,,,
Web/JavaScript/Reference/Global_Objects,Standard built-in objects,landing-page,,,,,,,
Web/JavaScript/Reference/Global_Objects/AbstractModuleSource,AbstractModuleSource,javascript-class,,javascript.builtins.AbstractModuleSource,,,,,
Web/JavaScript/Reference/Global_Objects/AggregateError,AggregateError,javascript-class,,javascript.builtins.AggregateError,,,,,
Web/JavaScript/Reference/Global_Objects/AggregateError/AggregateError,AggregateError() constructor,javascript-constructor,,javascript.builtins.AggregateError.AggregateError,,,,,
Web/JavaScript/Reference/Global_Objects/AggregateError/errors,AggregateError: errors,javascript-instance-data-property,,javascript.builtins.AggregateError.errors,,,,,
Web/JavaScript/Reference/Global_Objects/Array,Array,javascript-class,,javascript.builtins.Array,,,,,
Web/JavaScript/Reference/Global_Objects/Array/Array,Array() constructor,javascript-constructor,,javascript.builtins.Array.Array,,,,,
Web/JavaScript/Reference/Global_Objects/Array/at,Array.prototype.at(),javascript-instance-method,,javascript.builtins.Array.at,,,,,
Web/JavaScript/Reference/Global_Objects/Array/concat,Array.prototype.concat(),javascript-instance-method,,javascript.builtins.Array.concat,,,,,
Web/JavaScript/Reference/Global_Objects/Array/copyWithin,Array.prototype.copyWithin(),javascript-instance-method,,javascript.builtins.Array.copyWithin,,,,,
Web/JavaScript/Reference/Global_Objects/Array/entries,Array.prototype.entries(),javascript-instance-method,,javascript.builtins.Array.entries,,,,,
Web/JavaScript/Reference/Global_Objects/Array/every,Array.prototype.every(),javascript-instance-method,,javascript.builtins.Array.every,,,,,
Web/JavaScript/Reference/Global_Objects/Array/fill,Array.prototype.fill(),javascript-instance-method,,javascript.builtins.Array.fill,,,,,
Web/JavaScript/Reference/Global_Objects/Array/filter,Array.prototype.filter(),javascript-instance-method,,javascript.builtins.Array.filter,,,,,
Web/JavaScript/Reference/Global_Objects/Array/find,Array.prototype.find(),javascript-instance-method,,javascript.builtins.Array.find,,,,,
Web/JavaScript/Reference/Global_Objects/Array/findIndex,Array.prototype.findIndex(),javascript-instance-method,,javascript.builtins.Array.findIndex,,,,,
Web/JavaScript/Reference/Global_Objects/Array/findLast,Array.prototype.findLast(),javascript-instance-method,,javascript.builtins.Array.findLast,,,,,
Web/JavaScript/Reference/Global_Objects/Array/findLastIndex,Array.prototype.findLastIndex(),javascript-instance-method,,javascript.builtins.Array.findLastIndex,,,,,
Web/JavaScript/Reference/Global_Objects/Array/flat,Array.prototype.flat(),javascript-instance-method,,javascript.builtins.Array.flat,,,,,
Web/JavaScript/Reference/Global_Objects/Array/flatMap,Array.prototype.flatMap(),javascript-instance-method,,javascript.builtins.Array.flatMap,,,,,
Web/JavaScript/Reference/Global_Objects/Array/forEach,Array.prototype.forEach(),javascript-instance-method,,javascript.builtins.Array.forEach,,,,,
Web/JavaScript/Reference/Global_Objects/Array/from,Array.from(),javascript-static-method,,javascript.builtins.Array.from,,,,,
Web/JavaScript/Reference/Global_Objects/Array/fromAsync,Array.fromAsync(),javascript-static-method,,javascript.builtins.Array.fromAsync,,,,,
Web/JavaScript/Reference/Global_Objects/Array/includes,Array.prototype.includes(),javascript-instance-method,,javascript.builtins.Array.includes,,,,,
Web/JavaScript/Reference/Global_Objects/Array/indexOf,Array.prototype.indexOf(),javascript-instance-method,,javascript.builtins.Array.indexOf,,,,,
Web/JavaScript/Reference/Global_Objects/Array/isArray,Array.isArray(),javascript-static-method,,javascript.builtins.Array.isArray,,,,,
Web/JavaScript/Reference/Global_Objects/Array/join,Array.prototype.join(),javascript-instance-method,,javascript.builtins.Array.join,,,,,
Web/JavaScript/Reference/Global_Objects/Array/keys,Array.prototype.keys(),javascript-instance-method,,javascript.builtins.Array.keys,,,,,
Web/JavaScript/Reference/Global_Objects/Array/lastIndexOf,Array.prototype.lastIndexOf(),javascript-instance-method,,javascript.builtins.Array.lastIndexOf,,,,,
Web/JavaScript/Reference/Global_Objects/Array/length,Array: length,javascript-instance-data-property,,javascript.builtins.Array.length,,,,,
Web/JavaScript/Reference/Global_Objects/Array/map,Array.prototype.map(),javascript-instance-method,,javascript.builtins.Array.map,,,,,
Web/JavaScript/Reference/Global_Objects/Array/of,Array.of(),javascript-static-method,,javascript.builtins.Array.of,,,,,
Web/JavaScript/Reference/Global_Objects/Array/pop,Array.prototype.pop(),javascript-instance-method,,javascript.builtins.Array.pop,,,,,
Web/JavaScript/Reference/Global_Objects/Array/push,Array.prototype.push(),javascript-instance-method,,javascript.builtins.Array.push,,,,,
Web/JavaScript/Reference/Global_Objects/Array/reduce,Array.prototype.reduce(),javascript-instance-method,,javascript.builtins.Array.reduce,,,,,
Web/JavaScript/Reference/Global_Objects/Array/reduceRight,Array.prototype.reduceRight(),javascript-instance-method,,javascript.builtins.Array.reduceRight,,,,,
Web/JavaScript/Reference/Global_Objects/Array/reverse,Array.prototype.reverse(),javascript-instance-method,,javascript.builtins.Array.reverse,,,,,
Web/JavaScript/Reference/Global_Objects/Array/shift,Array.prototype.shift(),javascript-instance-method,,javascript.builtins.Array.shift,,,,,
Web/JavaScript/Reference/Global_Objects/Array/slice,Array.prototype.slice(),javascript-instance-method,,javascript.builtins.Array.slice,,,,,
Web/JavaScript/Reference/Global_Objects/Array/some,Array.prototype.some(),javascript-instance-method,,javascript.builtins.Array.some,,,,,
Web/JavaScript/Reference/Global_Objects/Array/sort,Array.prototype.sort(),javascript-instance-method,,javascript.builtins.Array.sort,,,,,
Web/JavaScript/Reference/Global_Objects/Array/splice,Array.prototype.splice(),javascript-instance-method,,javascript.builtins.Array.splice,,,,,
Web/JavaScript/Reference/Global_Objects/Array/Symbol.iterator,Array.prototype[Symbol.iterator](),javascript-instance-method,,javascript.builtins.Array.@@iterator,,,,,
Web/JavaScript/Reference/Global_Objects/Array/Symbol.species,Array[Symbol.species],javascript-static-accessor-property,,javascript.builtins.Array.@@species,,,,,
Web/JavaScript/Reference/Global_Objects/Array/Symbol.unscopables,Array.prototype[Symbol.unscopables],javascript-instance-data-property,,javascript.builtins.Array.@@unscopables,,,,,
Web/JavaScript/Reference/Global_Objects/Array/toLocaleString,Array.prototype.toLocaleString(),javascript-instance-method,,javascript.builtins.Array.toLocaleString,,,,,
Web/JavaScript/Reference/Global_Objects/Array/toReversed,Array.prototype.toReversed(),javascript-instance-method,,javascript.builtins.Array.toReversed,,,,,
Web/JavaScript/Reference/Global_Objects/Array/toSorted,Array.prototype.toSorted(),javascript-instance-method,,javascript.builtins.Array.toSorted,,,,,
Web/JavaScript/Reference/Global_Objects/Array/toSpliced,Array.prototype.toSpliced(),javascript-instance-method,,javascript.builtins.Array.toSpliced,,,,,
Web/JavaScript/Reference/Global_Objects/Array/toString,Array.prototype.toString(),javascript-instance-method,,javascript.builtins.Array.toString,,,,,
Web/JavaScript/Reference/Global_Objects/Array/unshift,Array.prototype.unshift(),javascript-instance-method,,javascript.builtins.Array.unshift,,,,,
Web/JavaScript/Reference/Global_Objects/Array/values,Array.prototype.values(),javascript-instance-method,,javascript.builtins.Array.values,,,,,
Web/JavaScript/Reference/Global_Objects/Array/with,Array.prototype.with(),javascript-instance-method,,javascript.builtins.Array.with,,,,,
Web/JavaScript/Reference/Global_Objects/ArrayBuffer,ArrayBuffer,javascript-class,,javascript.builtins.ArrayBuffer,,,,,
Web/JavaScript/Reference/Global_Objects/ArrayBuffer/ArrayBuffer,ArrayBuffer() constructor,javascript-constructor,,javascript.builtins.ArrayBuffer.ArrayBuffer,,,,,
Web/JavaScript/Reference/Global_Objects/ArrayBuffer/byteLength,ArrayBuffer.prototype.byteLength,javascript-instance-accessor-property,,javascript.builtins.ArrayBuffer.byteLength,,,,,
Web/JavaScript/Reference/Global_Objects/ArrayBuffer/detached,ArrayBuffer.prototype.detached,javascript-instance-accessor-property,,javascript.builtins.ArrayBuffer.detached,,,,,
Web/JavaScript/Reference/Global_Objects/ArrayBuffer/isView,ArrayBuffer.isView(),javascript-static-method,,javascript.builtins.ArrayBuffer.isView,,,,,
Web/JavaScript/Reference/Global_Objects/ArrayBuffer/maxByteLength,ArrayBuffer.prototype.maxByteLength,javascript-instance-accessor-property,,javascript.builtins.ArrayBuffer.maxByteLength,,,,,
Web/JavaScript/Reference/Global_Objects/ArrayBuffer/resizable,ArrayBuffer.prototype.resizable,javascript-instance-accessor-property,,javascript.builtins.ArrayBuffer.resizable,,,,,
Web/JavaScript/Reference/Global_Objects/ArrayBuffer/resize,ArrayBuffer.prototype.resize(),javascript-instance-method,,javascript.builtins.ArrayBuffer.resize,,,,,
Web/JavaScript/Reference/Global_Objects/ArrayBuffer/slice,ArrayBuffer.prototype.slice(),javascript-instance-method,,javascript.builtins.ArrayBuffer.slice,,,,,
Web/JavaScript/Reference/Global_Objects/ArrayBuffer/Symbol.species,ArrayBuffer[Symbol.species],javascript-static-accessor-property,,javascript.builtins.ArrayBuffer.@@species,,,,,
Web/JavaScript/Reference/Global_Objects/ArrayBuffer/transfer,ArrayBuffer.prototype.transfer(),javascript-instance-method,,javascript.builtins.ArrayBuffer.transfer,,,,,
Web/JavaScript/Reference/Global_Objects/ArrayBuffer/transferToFixedLength,ArrayBuffer.prototype.transferToFixedLength(),javascript-instance-method,,javascript.builtins.ArrayBuffer.transferToFixedLength,,,,,
Web/JavaScript/Reference/Global_Objects/AsyncDisposableStack,AsyncDisposableStack,javascript-class,,javascript.builtins.AsyncDisposableStack,,,,,
Web/JavaScript/Reference/Global_Objects/AsyncDisposableStack/adopt,AsyncDisposableStack.prototype.adopt(),javascript-instance-method,,javascript.builtins.AsyncDisposableStack.adopt,,,,,
Web/JavaScript/Reference/Global_Objects/AsyncDisposableStack/AsyncDisposableStack,AsyncDisposableStack() constructor,javascript-constructor,,javascript.builtins.AsyncDisposableStack.AsyncDisposableStack,,,,,
Web/JavaScript/Reference/Global_Objects/AsyncDisposableStack/defer,AsyncDisposableStack.prototype.defer(),javascript-instance-method,,javascript.builtins.AsyncDisposableStack.defer,,,,,
Web/JavaScript/Reference/Global_Objects/AsyncDisposableStack/disposeAsync,AsyncDisposableStack.prototype.disposeAsync(),javascript-instance-method,,javascript.builtins.AsyncDisposableStack.disposeAsync,,,,,
Web/JavaScript/Reference/Global_Objects/AsyncDisposableStack/disposed,AsyncDisposableStack.prototype.disposed,javascript-instance-accessor-property,,javascript.builtins.AsyncDisposableStack.disposed,,,,,
Web/JavaScript/Reference/Global_Objects/AsyncDisposableStack/move,AsyncDisposableStack.prototype.move(),javascript-instance-method,,javascript.builtins.AsyncDisposableStack.move,,,,,
Web/JavaScript/Reference/Global_Objects/AsyncDisposableStack/Symbol.asyncDispose,AsyncDisposableStack.prototype[Symbol.asyncDispose](),javascript-instance-method,,javascript.builtins.AsyncDisposableStack.@@asyncDispose,,,,,
Web/JavaScript/Reference/Global_Objects/AsyncDisposableStack/use,AsyncDisposableStack.prototype.use(),javascript-instance-method,,javascript.builtins.AsyncDisposableStack.use,,,,,
Web/JavaScript/Reference/Global_Objects/AsyncFunction,AsyncFunction,javascript-class,,javascript.builtins.AsyncFunction,,,,,
Web/JavaScript/Reference/Global_Objects/AsyncFunction/AsyncFunction,AsyncFunction() constructor,javascript-constructor,,javascript.builtins.AsyncFunction.AsyncFunction,,,,,
Web/JavaScript/Reference/Global_Objects/AsyncGenerator,AsyncGenerator,javascript-class,,javascript.builtins.AsyncGenerator,,,,,
Web/JavaScript/Reference/Global_Objects/AsyncGenerator/next,AsyncGenerator.prototype.next(),javascript-instance-method,,javascript.builtins.AsyncGenerator.next,,,,,
Web/JavaScript/Reference/Global_Objects/AsyncGenerator/return,AsyncGenerator.prototype.return(),javascript-instance-method,,javascript.builtins.AsyncGenerator.return,,,,,
Web/JavaScript/Reference/Global_Objects/AsyncGenerator/throw,AsyncGenerator.prototype.throw(),javascript-instance-method,,javascript.builtins.AsyncGenerator.throw,,,,,
Web/JavaScript/Reference/Global_Objects/AsyncGeneratorFunction,AsyncGeneratorFunction,javascript-class,,javascript.builtins.AsyncGeneratorFunction,,,,,
Web/JavaScript/Reference/Global_Objects/AsyncGeneratorFunction/AsyncGeneratorFunction,AsyncGeneratorFunction() constructor,javascript-constructor,,javascript.builtins.AsyncGeneratorFunction.AsyncGeneratorFunction,,,,,
Web/JavaScript/Reference/Global_Objects/AsyncGeneratorFunction/prototype,AsyncGeneratorFunction.prototype.prototype,javascript-instance-data-property,,,,,,,
Web/JavaScript/Reference/Global_Objects/AsyncIterator,AsyncIterator,javascript-class,,javascript.builtins.AsyncIterator,,,,,
Web/JavaScript/Reference/Global_Objects/AsyncIterator/Symbol.asyncDispose,AsyncIterator.prototype[Symbol.asyncDispose](),javascript-instance-method,,javascript.builtins.AsyncIterator.@@asyncDispose,,,,,
Web/JavaScript/Reference/Global_Objects/AsyncIterator/Symbol.asyncIterator,AsyncIterator.prototype[Symbol.asyncIterator](),javascript-instance-method,,javascript.builtins.AsyncIterator.@@asyncIterator,,,,,
Web/JavaScript/Reference/Global_Objects/Atomics,Atomics,javascript-namespace,,javascript.builtins.Atomics,,,,,
Web/JavaScript/Reference/Global_Objects/Atomics/add,Atomics.add(),javascript-static-method,,javascript.builtins.Atomics.add,,,,,
Web/JavaScript/Reference/Global_Objects/Atomics/and,Atomics.and(),javascript-static-method,,javascript.builtins.Atomics.and,,,,,
Web/JavaScript/Reference/Global_Objects/Atomics/compareExchange,Atomics.compareExchange(),javascript-static-method,,javascript.builtins.Atomics.compareExchange,,,,,
Web/JavaScript/Reference/Global_Objects/Atomics/exchange,Atomics.exchange(),javascript-static-method,,javascript.builtins.Atomics.exchange,,,,,
Web/JavaScript/Reference/Global_Objects/Atomics/isLockFree,Atomics.isLockFree(),javascript-static-method,,javascript.builtins.Atomics.isLockFree,,,,,
Web/JavaScript/Reference/Global_Objects/Atomics/load,Atomics.load(),javascript-static-method,,javascript.builtins.Atomics.load,,,,,
Web/JavaScript/Reference/Global_Objects/Atomics/notify,Atomics.notify(),javascript-static-method,,javascript.builtins.Atomics.notify,,,,,
Web/JavaScript/Reference/Global_Objects/Atomics/or,Atomics.or(),javascript-static-method,,javascript.builtins.Atomics.or,,,,,
Web/JavaScript/Reference/Global_Objects/Atomics/pause,Atomics.pause(),javascript-static-method,,javascript.builtins.Atomics.pause,,,,,
Web/JavaScript/Reference/Global_Objects/Atomics/store,Atomics.store(),javascript-static-method,,javascript.builtins.Atomics.store,,,,,
Web/JavaScript/Reference/Global_Objects/Atomics/sub,Atomics.sub(),javascript-static-method,,javascript.builtins.Atomics.sub,,,,,
Web/JavaScript/Reference/Global_Objects/Atomics/wait,Atomics.wait(),javascript-static-method,,javascript.builtins.Atomics.wait,,,,,
Web/JavaScript/Reference/Global_Objects/Atomics/waitAsync,Atomics.waitAsync(),javascript-static-method,,javascript.builtins.Atomics.waitAsync,,,,,
Web/JavaScript/Reference/Global_Objects/Atomics/xor,Atomics.xor(),javascript-static-method,,javascript.builtins.Atomics.xor,,,,,
Web/JavaScript/Reference/Global_Objects/BigInt,BigInt,javascript-class,,javascript.builtins.BigInt,,,,,
Web/JavaScript/Reference/Global_Objects/BigInt/asIntN,BigInt.asIntN(),javascript-static-method,,javascript.builtins.BigInt.asIntN,,,,,
Web/JavaScript/Reference/Global_Objects/BigInt/asUintN,BigInt.asUintN(),javascript-static-method,,javascript.builtins.BigInt.asUintN,,,,,
Web/JavaScript/Reference/Global_Objects/BigInt/BigInt,BigInt() constructor,javascript-constructor,,javascript.builtins.BigInt.BigInt,,,,,
Web/JavaScript/Reference/Global_Objects/BigInt/toLocaleString,BigInt.prototype.toLocaleString(),javascript-instance-method,,javascript.builtins.BigInt.toLocaleString,,,,,
Web/JavaScript/Reference/Global_Objects/BigInt/toString,BigInt.prototype.toString(),javascript-instance-method,,javascript.builtins.BigInt.toString,,,,,
Web/JavaScript/Reference/Global_Objects/BigInt/valueOf,BigInt.prototype.valueOf(),javascript-instance-method,,javascript.builtins.BigInt.valueOf,,,,,
Web/JavaScript/Reference/Global_Objects/BigInt64Array,BigInt64Array,javascript-class,,javascript.builtins.BigInt64Array,,,,,
Web/JavaScript/Reference/Global_Objects/BigInt64Array/BigInt64Array,BigInt64Array() constructor,javascript-constructor,,javascript.builtins.BigInt64Array.BigInt64Array,,,,,
Web/JavaScript/Reference/Global_Objects/BigUint64Array,BigUint64Array,javascript-class,,javascript.builtins.BigUint64Array,,,,,
Web/JavaScript/Reference/Global_Objects/BigUint64Array/BigUint64Array,BigUint64Array() constructor,javascript-constructor,,javascript.builtins.BigUint64Array.BigUint64Array,,,,,
Web/JavaScript/Reference/Global_Objects/Boolean,Boolean,javascript-class,,javascript.builtins.Boolean,,,,,
Web/JavaScript/Reference/Global_Objects/Boolean/Boolean,Boolean() constructor,javascript-constructor,,javascript.builtins.Boolean.Boolean,,,,,
Web/JavaScript/Reference/Global_Objects/Boolean/toString,Boolean.prototype.toString(),javascript-instance-method,,javascript.builtins.Boolean.toString,,,,,
Web/JavaScript/Reference/Global_Objects/Boolean/valueOf,Boolean.prototype.valueOf(),javascript-instance-method,,javascript.builtins.Boolean.valueOf,,,,,
Web/JavaScript/Reference/Global_Objects/DataView,DataView,javascript-class,,javascript.builtins.DataView,,,,,
Web/JavaScript/Reference/Global_Objects/DataView/buffer,DataView.prototype.buffer,javascript-instance-accessor-property,,javascript.builtins.DataView.buffer,,,,,
Web/JavaScript/Reference/Global_Objects/DataView/byteLength,DataView.prototype.byteLength,javascript-instance-accessor-property,,javascript.builtins.DataView.byteLength,,,,,
Web/JavaScript/Reference/Global_Objects/DataView/byteOffset,DataView.prototype.byteOffset,javascript-instance-accessor-property,,javascript.builtins.DataView.byteOffset,,,,,
Web/JavaScript/Reference/Global_Objects/DataView/DataView,DataView() constructor,javascript-constructor,,javascript.builtins.DataView.DataView,,,,,
Web/JavaScript/Reference/Global_Objects/DataView/getBigInt64,DataView.prototype.getBigInt64(),javascript-instance-method,,javascript.builtins.DataView.getBigInt64,,,,,
Web/JavaScript/Reference/Global_Objects/DataView/getBigUint64,DataView.prototype.getBigUint64(),javascript-instance-method,,javascript.builtins.DataView.getBigUint64,,,,,
Web/JavaScript/Reference/Global_Objects/DataView/getFloat16,DataView.prototype.getFloat16(),javascript-instance-method,,javascript.builtins.DataView.getFloat16,,,,,
Web/JavaScript/Reference/Global_Objects/DataView/getFloat32,DataView.prototype.getFloat32(),javascript-instance-method,,javascript.builtins.DataView.getFloat32,,,,,
Web/JavaScript/Reference/Global_Objects/DataView/getFloat64,DataView.prototype.getFloat64(),javascript-instance-method,,javascript.builtins.DataView.getFloat64,,,,,
Web/JavaScript/Reference/Global_Objects/DataView/getInt16,DataView.prototype.getInt16(),javascript-instance-method,,javascript.builtins.DataView.getInt16,,,,,
Web/JavaScript/Reference/Global_Objects/DataView/getInt32,DataView.prototype.getInt32(),javascript-instance-method,,javascript.builtins.DataView.getInt32,,,,,
Web/JavaScript/Reference/Global_Objects/DataView/getInt8,DataView.prototype.getInt8(),javascript-instance-method,,javascript.builtins.DataView.getInt8,,,,,
Web/JavaScript/Reference/Global_Objects/DataView/getUint16,DataView.prototype.getUint16(),javascript-instance-method,,javascript.builtins.DataView.getUint16,,,,,
Web/JavaScript/Reference/Global_Objects/DataView/getUint32,DataView.prototype.getUint32(),javascript-instance-method,,javascript.builtins.DataView.getUint32,,,,,
Web/JavaScript/Reference/Global_Objects/DataView/getUint8,DataView.prototype.getUint8(),javascript-instance-method,,javascript.builtins.DataView.getUint8,,,,,
Web/JavaScript/Reference/Global_Objects/DataView/setBigInt64,DataView.prototype.setBigInt64(),javascript-instance-method,,javascript.builtins.DataView.setBigInt64,,,,,
Web/JavaScript/Reference/Global_Objects/DataView/setBigUint64,DataView.prototype.setBigUint64(),javascript-instance-method,,javascript.builtins.DataView.setBigUint64,,,,,
Web/JavaScript/Reference/Global_Objects/DataView/setFloat16,DataView.prototype.setFloat16(),javascript-instance-method,,javascript.builtins.DataView.setFloat16,,,,,
Web/JavaScript/Reference/Global_Objects/DataView/setFloat32,DataView.prototype.setFloat32(),javascript-instance-method,,javascript.builtins.DataView.setFloat32,,,,,
Web/JavaScript/Reference/Global_Objects/DataView/setFloat64,DataView.prototype.setFloat64(),javascript-instance-method,,javascript.builtins.DataView.setFloat64,,,,,
Web/JavaScript/Reference/Global_Objects/DataView/setInt16,DataView.prototype.setInt16(),javascript-instance-method,,javascript.builtins.DataView.setInt16,,,,,
Web/JavaScript/Reference/Global_Objects/DataView/setInt32,DataView.prototype.setInt32(),javascript-instance-method,,javascript.builtins.DataView.setInt32,,,,,
Web/JavaScript/Reference/Global_Objects/DataView/setInt8,DataView.prototype.setInt8(),javascript-instance-method,,javascript.builtins.DataView.setInt8,,,,,
Web/JavaScript/Reference/Global_Objects/DataView/setUint16,DataView.prototype.setUint16(),javascript-instance-method,,javascript.builtins.DataView.setUint16,,,,,
Web/JavaScript/Reference/Global_Objects/DataView/setUint32,DataView.prototype.setUint32(),javascript-instance-method,,javascript.builtins.DataView.setUint32,,,,,
Web/JavaScript/Reference/Global_Objects/DataView/setUint8,DataView.prototype.setUint8(),javascript-instance-method,,javascript.builtins.DataView.setUint8,,,,,
Web/JavaScript/Reference/Global_Objects/Date,Date,javascript-class,,javascript.builtins.Date,,,,,
Web/JavaScript/Reference/Global_Objects/Date/Date,Date() constructor,javascript-constructor,,javascript.builtins.Date.Date,,,,,
Web/JavaScript/Reference/Global_Objects/Date/getDate,Date.prototype.getDate(),javascript-instance-method,,javascript.builtins.Date.getDate,,,,,
Web/JavaScript/Reference/Global_Objects/Date/getDay,Date.prototype.getDay(),javascript-instance-method,,javascript.builtins.Date.getDay,,,,,
Web/JavaScript/Reference/Global_Objects/Date/getFullYear,Date.prototype.getFullYear(),javascript-instance-method,,javascript.builtins.Date.getFullYear,,,,,
Web/JavaScript/Reference/Global_Objects/Date/getHours,Date.prototype.getHours(),javascript-instance-method,,javascript.builtins.Date.getHours,,,,,
Web/JavaScript/Reference/Global_Objects/Date/getMilliseconds,Date.prototype.getMilliseconds(),javascript-instance-method,,javascript.builtins.Date.getMilliseconds,,,,,
Web/JavaScript/Reference/Global_Objects/Date/getMinutes,Date.prototype.getMinutes(),javascript-instance-method,,javascript.builtins.Date.getMinutes,,,,,
Web/JavaScript/Reference/Global_Objects/Date/getMonth,Date.prototype.getMonth(),javascript-instance-method,,javascript.builtins.Date.getMonth,,,,,
Web/JavaScript/Reference/Global_Objects/Date/getSeconds,Date.prototype.getSeconds(),javascript-instance-method,,javascript.builtins.Date.getSeconds,,,,,
Web/JavaScript/Reference/Global_Objects/Date/getTime,Date.prototype.getTime(),javascript-instance-method,,javascript.builtins.Date.getTime,,,,,
Web/JavaScript/Reference/Global_Objects/Date/getTimezoneOffset,Date.prototype.getTimezoneOffset(),javascript-instance-method,,javascript.builtins.Date.getTimezoneOffset,,,,,
Web/JavaScript/Reference/Global_Objects/Date/getUTCDate,Date.prototype.getUTCDate(),javascript-instance-method,,javascript.builtins.Date.getUTCDate,,,,,
Web/JavaScript/Reference/Global_Objects/Date/getUTCDay,Date.prototype.getUTCDay(),javascript-instance-method,,javascript.builtins.Date.getUTCDay,,,,,
Web/JavaScript/Reference/Global_Objects/Date/getUTCFullYear,Date.prototype.getUTCFullYear(),javascript-instance-method,,javascript.builtins.Date.getUTCFullYear,,,,,
Web/JavaScript/Reference/Global_Objects/Date/getUTCHours,Date.prototype.getUTCHours(),javascript-instance-method,,javascript.builtins.Date.getUTCHours,,,,,
Web/JavaScript/Reference/Global_Objects/Date/getUTCMilliseconds,Date.prototype.getUTCMilliseconds(),javascript-instance-method,,javascript.builtins.Date.getUTCMilliseconds,,,,,
Web/JavaScript/Reference/Global_Objects/Date/getUTCMinutes,Date.prototype.getUTCMinutes(),javascript-instance-method,,javascript.builtins.Date.getUTCMinutes,,,,,
Web/JavaScript/Reference/Global_Objects/Date/getUTCMonth,Date.prototype.getUTCMonth(),javascript-instance-method,,javascript.builtins.Date.getUTCMonth,,,,,
Web/JavaScript/Reference/Global_Objects/Date/getUTCSeconds,Date.prototype.getUTCSeconds(),javascript-instance-method,,javascript.builtins.Date.getUTCSeconds,,,,,
Web/JavaScript/Reference/Global_Objects/Date/getYear,Date.prototype.getYear(),javascript-instance-method,deprecated,javascript.builtins.Date.getYear,,,,,
Web/JavaScript/Reference/Global_Objects/Date/now,Date.now(),javascript-static-method,,javascript.builtins.Date.now,,,,,
Web/JavaScript/Reference/Global_Objects/Date/parse,Date.parse(),javascript-static-method,,javascript.builtins.Date.parse,,,,,
Web/JavaScript/Reference/Global_Objects/Date/setDate,Date.prototype.setDate(),javascript-instance-method,,javascript.builtins.Date.setDate,,,,,
Web/JavaScript/Reference/Global_Objects/Date/setFullYear,Date.prototype.setFullYear(),javascript-instance-method,,javascript.builtins.Date.setFullYear,,,,,
Web/JavaScript/Reference/Global_Objects/Date/setHours,Date.prototype.setHours(),javascript-instance-method,,javascript.builtins.Date.setHours,,,,,
Web/JavaScript/Reference/Global_Objects/Date/setMilliseconds,Date.prototype.setMilliseconds(),javascript-instance-method,,javascript.builtins.Date.setMilliseconds,,,,,
Web/JavaScript/Reference/Global_Objects/Date/setMinutes,Date.prototype.setMinutes(),javascript-instance-method,,javascript.builtins.Date.setMinutes,,,,,
Web/JavaScript/Reference/Global_Objects/Date/setMonth,Date.prototype.setMonth(),javascript-instance-method,,javascript.builtins.Date.setMonth,,,,,
Web/JavaScript/Reference/Global_Objects/Date/setSeconds,Date.prototype.setSeconds(),javascript-instance-method,,javascript.builtins.Date.setSeconds,,,,,
Web/JavaScript/Reference/Global_Objects/Date/setTime,Date.prototype.setTime(),javascript-instance-method,,javascript.builtins.Date.setTime,,,,,
Web/JavaScript/Reference/Global_Objects/Date/setUTCDate,Date.prototype.setUTCDate(),javascript-instance-method,,javascript.builtins.Date.setUTCDate,,,,,
Web/JavaScript/Reference/Global_Objects/Date/setUTCFullYear,Date.prototype.setUTCFullYear(),javascript-instance-method,,javascript.builtins.Date.setUTCFullYear,,,,,
Web/JavaScript/Reference/Global_Objects/Date/setUTCHours,Date.prototype.setUTCHours(),javascript-instance-method,,javascript.builtins.Date.setUTCHours,,,,,
Web/JavaScript/Reference/Global_Objects/Date/setUTCMilliseconds,Date.prototype.setUTCMilliseconds(),javascript-instance-method,,javascript.builtins.Date.setUTCMilliseconds,,,,,
Web/JavaScript/Reference/Global_Objects/Date/setUTCMinutes,Date.prototype.setUTCMinutes(),javascript-instance-method,,javascript.builtins.Date.setUTCMinutes,,,,,
Web/JavaScript/Reference/Global_Objects/Date/setUTCMonth,Date.prototype.setUTCMonth(),javascript-instance-method,,javascript.builtins.Date.setUTCMonth,,,,,
Web/JavaScript/Reference/Global_Objects/Date/setUTCSeconds,Date.prototype.setUTCSeconds(),javascript-instance-method,,javascript.builtins.Date.setUTCSeconds,,,,,
Web/JavaScript/Reference/Global_Objects/Date/setYear,Date.prototype.setYear(),javascript-instance-method,deprecated,javascript.builtins.Date.setYear,,,,,
Web/JavaScript/Reference/Global_Objects/Date/Symbol.toPrimitive,Date.prototype[Symbol.toPrimitive](),javascript-instance-method,,javascript.builtins.Date.@@toPrimitive,,,,,
Web/JavaScript/Reference/Global_Objects/Date/toDateString,Date.prototype.toDateString(),javascript-instance-method,,javascript.builtins.Date.toDateString,,,,,
Web/JavaScript/Reference/Global_Objects/Date/toISOString,Date.prototype.toISOString(),javascript-instance-method,,javascript.builtins.Date.toISOString,,,,,
Web/JavaScript/Reference/Global_Objects/Date/toJSON,Date.prototype.toJSON(),javascript-instance-method,,javascript.builtins.Date.toJSON,,,,,
Web/JavaScript/Reference/Global_Objects/Date/toLocaleDateString,Date.prototype.toLocaleDateString(),javascript-instance-method,,javascript.builtins.Date.toLocaleDateString,,,,,
Web/JavaScript/Reference/Global_Objects/Date/toLocaleString,Date.prototype.toLocaleString(),javascript-instance-method,,javascript.builtins.Date.toLocaleString,,,,,
Web/JavaScript/Reference/Global_Objects/Date/toLocaleTimeString,Date.prototype.toLocaleTimeString(),javascript-instance-method,,javascript.builtins.Date.toLocaleTimeString,,,,,
Web/JavaScript/Reference/Global_Objects/Date/toString,Date.prototype.toString(),javascript-instance-method,,javascript.builtins.Date.toString,,,,,
Web/JavaScript/Reference/Global_Objects/Date/toTemporalInstant,Date.prototype.toTemporalInstant(),javascript-instance-method,,javascript.builtins.Date.toTemporalInstant,,,,,
Web/JavaScript/Reference/Global_Objects/Date/toTimeString,Date.prototype.toTimeString(),javascript-instance-method,,javascript.builtins.Date.toTimeString,,,,,
Web/JavaScript/Reference/Global_Objects/Date/toUTCString,Date.prototype.toUTCString(),javascript-instance-method,,javascript.builtins.Date.toUTCString,,,,,
Web/JavaScript/Reference/Global_Objects/Date/UTC,Date.UTC(),javascript-static-method,,javascript.builtins.Date.UTC,,,,,
Web/JavaScript/Reference/Global_Objects/Date/valueOf,Date.prototype.valueOf(),javascript-instance-method,,javascript.builtins.Date.valueOf,,,,,
Web/JavaScript/Reference/Global_Objects/decodeURI,decodeURI(),javascript-function,,javascript.builtins.decodeURI,,,,,
Web/JavaScript/Reference/Global_Objects/decodeURIComponent,decodeURIComponent(),javascript-function,,javascript.builtins.decodeURIComponent,,,,,
Web/JavaScript/Reference/Global_Objects/DisposableStack,DisposableStack,javascript-class,,javascript.builtins.DisposableStack,,,,,
Web/JavaScript/Reference/Global_Objects/DisposableStack/adopt,DisposableStack.prototype.adopt(),javascript-instance-method,,javascript.builtins.DisposableStack.adopt,,,,,
Web/JavaScript/Reference/Global_Objects/DisposableStack/defer,DisposableStack.prototype.defer(),javascript-instance-method,,javascript.builtins.DisposableStack.defer,,,,,
Web/JavaScript/Reference/Global_Objects/DisposableStack/DisposableStack,DisposableStack() constructor,javascript-constructor,,javascript.builtins.DisposableStack.DisposableStack,,,,,
Web/JavaScript/Reference/Global_Objects/DisposableStack/dispose,DisposableStack.prototype.dispose(),javascript-instance-method,,javascript.builtins.DisposableStack.dispose,,,,,
Web/JavaScript/Reference/Global_Objects/DisposableStack/disposed,DisposableStack.prototype.disposed,javascript-instance-accessor-property,,javascript.builtins.DisposableStack.disposed,,,,,
Web/JavaScript/Reference/Global_Objects/DisposableStack/move,DisposableStack.prototype.move(),javascript-instance-method,,javascript.builtins.DisposableStack.move,,,,,
Web/JavaScript/Reference/Global_Objects/DisposableStack/Symbol.dispose,DisposableStack.prototype[Symbol.dispose](),javascript-instance-method,,javascript.builtins.DisposableStack.@@dispose,,,,,
Web/JavaScript/Reference/Global_Objects/DisposableStack/use,DisposableStack.prototype.use(),javascript-instance-method,,javascript.builtins.DisposableStack.use,,,,,
Web/JavaScript/Reference/Global_Objects/encodeURI,encodeURI(),javascript-function,,javascript.builtins.encodeURI,,,,,
Web/JavaScript/Reference/Global_Objects/encodeURIComponent,encodeURIComponent(),javascript-function,,javascript.builtins.encodeURIComponent,,,,,
Web/JavaScript/Reference/Global_Objects/Error,Error,javascript-class,,javascript.builtins.Error,,,,,
Web/JavaScript/Reference/Global_Objects/Error/captureStackTrace,Error.captureStackTrace(),javascript-static-method,,javascript.builtins.Error.captureStackTrace,,,,,
Web/JavaScript/Reference/Global_Objects/Error/cause,Error: cause,javascript-instance-data-property,,javascript.builtins.Error.cause,,,,,
Web/JavaScript/Reference/Global_Objects/Error/columnNumber,Error: columnNumber,javascript-instance-data-property,non-standard,javascript.builtins.Error.columnNumber,,,,,
Web/JavaScript/Reference/Global_Objects/Error/Error,Error() constructor,javascript-constructor,,javascript.builtins.Error.Error,,,,,
Web/JavaScript/Reference/Global_Objects/Error/fileName,Error: fileName,javascript-instance-data-property,non-standard,javascript.builtins.Error.fileName,,,,,
Web/JavaScript/Reference/Global_Objects/Error/isError,Error.isError(),javascript-static-method,,javascript.builtins.Error.isError,,,,,
Web/JavaScript/Reference/Global_Objects/Error/lineNumber,Error: lineNumber,javascript-instance-data-property,non-standard,javascript.builtins.Error.lineNumber,,,,,
Web/JavaScript/Reference/Global_Objects/Error/message,Error: message,javascript-instance-data-property,,javascript.builtins.Error.message,,,,,
Web/JavaScript/Reference/Global_Objects/Error/name,Error.prototype.name,javascript-instance-data-property,,javascript.builtins.Error.name,,,,,
Web/JavaScript/Reference/Global_Objects/Error/stack,Error.prototype.stack,javascript-instance-data-property,non-standard,javascript.builtins.Error.stack,,,,,
Web/JavaScript/Reference/Global_Objects/Error/stackTraceLimit,Error.stackTraceLimit,javascript-static-data-property,non-standard,javascript.builtins.Error.stackTraceLimit,,,,,
Web/JavaScript/Reference/Global_Objects/Error/toString,Error.prototype.toString(),javascript-instance-method,,javascript.builtins.Error.toString,,,,,
Web/JavaScript/Reference/Global_Objects/escape,escape(),javascript-function,deprecated,javascript.builtins.escape,,,,,
Web/JavaScript/Reference/Global_Objects/eval,eval(),javascript-function,,javascript.builtins.eval,,,,,
Web/JavaScript/Reference/Global_Objects/EvalError,EvalError,javascript-class,,javascript.builtins.EvalError,,,,,
Web/JavaScript/Reference/Global_Objects/EvalError/EvalError,EvalError() constructor,javascript-constructor,,javascript.builtins.EvalError.EvalError,,,,,
Web/JavaScript/Reference/Global_Objects/FinalizationRegistry,FinalizationRegistry,javascript-class,,javascript.builtins.FinalizationRegistry,,,,,
Web/JavaScript/Reference/Global_Objects/FinalizationRegistry/FinalizationRegistry,FinalizationRegistry() constructor,javascript-constructor,,javascript.builtins.FinalizationRegistry.FinalizationRegistry,,,,,
Web/JavaScript/Reference/Global_Objects/FinalizationRegistry/register,FinalizationRegistry.prototype.register(),javascript-instance-method,,javascript.builtins.FinalizationRegistry.register,,,,,
Web/JavaScript/Reference/Global_Objects/FinalizationRegistry/unregister,FinalizationRegistry.prototype.unregister(),javascript-instance-method,,javascript.builtins.FinalizationRegistry.unregister,,,,,
Web/JavaScript/Reference/Global_Objects/Float16Array,Float16Array,javascript-class,,javascript.builtins.Float16Array,,,,,
Web/JavaScript/Reference/Global_Objects/Float16Array/Float16Array,Float16Array() constructor,javascript-constructor,,javascript.builtins.Float16Array.Float16Array,,,,,
Web/JavaScript/Reference/Global_Objects/Float32Array,Float32Array,javascript-class,,javascript.builtins.Float32Array,,,,,
Web/JavaScript/Reference/Global_Objects/Float32Array/Float32Array,Float32Array() constructor,javascript-constructor,,javascript.builtins.Float32Array.Float32Array,,,,,
Web/JavaScript/Reference/Global_Objects/Float64Array,Float64Array,javascript-class,,javascript.builtins.Float64Array,,,,,
Web/JavaScript/Reference/Global_Objects/Float64Array/Float64Array,Float64Array() constructor,javascript-constructor,,javascript.builtins.Float64Array.Float64Array,,,,,
Web/JavaScript/Reference/Global_Objects/Function,Function,javascript-class,,javascript.builtins.Function,,,,,
Web/JavaScript/Reference/Global_Objects/Function/apply,Function.prototype.apply(),javascript-instance-method,,javascript.builtins.Function.apply,,,,,
Web/JavaScript/Reference/Global_Objects/Function/arguments,Function.prototype.arguments,javascript-instance-accessor-property,deprecated non-standard,javascript.builtins.Function.arguments,,,,,
Web/JavaScript/Reference/Global_Objects/Function/bind,Function.prototype.bind(),javascript-instance-method,,javascript.builtins.Function.bind,,,,,
Web/JavaScript/Reference/Global_Objects/Function/call,Function.prototype.call(),javascript-instance-method,,javascript.builtins.Function.call,,,,,
Web/JavaScript/Reference/Global_Objects/Function/caller,Function.prototype.caller,javascript-instance-accessor-property,deprecated non-standard,javascript.builtins.Function.caller,,,,,
Web/JavaScript/Reference/Global_Objects/Function/displayName,Function: displayName,javascript-instance-data-property,non-standard,javascript.builtins.Function.displayName,,,,,
Web/JavaScript/Reference/Global_Objects/Function/Function,Function() constructor,javascript-constructor,,javascript.builtins.Function.Function,,,,,
Web/JavaScript/Reference/Global_Objects/Function/length,Function: length,javascript-instance-data-property,,javascript.builtins.Function.length,,,,,
Web/JavaScript/Reference/Global_Objects/Function/name,Function: name,javascript-instance-data-property,,javascript.builtins.Function.name,,,,,
Web/JavaScript/Reference/Global_Objects/Function/prototype,Function: prototype,javascript-instance-data-property,,,,,,,
Web/JavaScript/Reference/Global_Objects/Function/Symbol.hasInstance,Function.prototype[Symbol.hasInstance](),javascript-instance-method,,javascript.builtins.Function.@@hasInstance,,,,,
Web/JavaScript/Reference/Global_Objects/Function/toString,Function.prototype.toString(),javascript-instance-method,,javascript.builtins.Function.toString,,,,,
Web/JavaScript/Reference/Global_Objects/Generator,Generator,javascript-class,,javascript.builtins.Generator,,,,,
Web/JavaScript/Reference/Global_Objects/Generator/next,Generator.prototype.next(),javascript-instance-method,,javascript.builtins.Generator.next,,,,,
Web/JavaScript/Reference/Global_Objects/Generator/return,Generator.prototype.return(),javascript-instance-method,,javascript.builtins.Generator.return,,,,,
Web/JavaScript/Reference/Global_Objects/Generator/throw,Generator.prototype.throw(),javascript-instance-method,,javascript.builtins.Generator.throw,,,,,
Web/JavaScript/Reference/Global_Objects/GeneratorFunction,GeneratorFunction,javascript-class,,javascript.builtins.GeneratorFunction,,,,,
Web/JavaScript/Reference/Global_Objects/GeneratorFunction/GeneratorFunction,GeneratorFunction() constructor,javascript-constructor,,javascript.builtins.GeneratorFunction.GeneratorFunction,,,,,
Web/JavaScript/Reference/Global_Objects/GeneratorFunction/prototype,GeneratorFunction.prototype.prototype,javascript-instance-data-property,,,,,,,
Web/JavaScript/Reference/Global_Objects/globalThis,globalThis,javascript-global-property,,javascript.builtins.globalThis,,,,,
Web/JavaScript/Reference/Global_Objects/Infinity,Infinity,javascript-global-property,,javascript.builtins.Infinity,,,,,
Web/JavaScript/Reference/Global_Objects/Int16Array,Int16Array,javascript-class,,javascript.builtins.Int16Array,,,,,
Web/JavaScript/Reference/Global_Objects/Int16Array/Int16Array,Int16Array() constructor,javascript-constructor,,javascript.builtins.Int16Array.Int16Array,,,,,
Web/JavaScript/Reference/Global_Objects/Int32Array,Int32Array,javascript-class,,javascript.builtins.Int32Array,,,,,
Web/JavaScript/Reference/Global_Objects/Int32Array/Int32Array,Int32Array() constructor,javascript-constructor,,javascript.builtins.Int32Array.Int32Array,,,,,
Web/JavaScript/Reference/Global_Objects/Int8Array,Int8Array,javascript-class,,javascript.builtins.Int8Array,,,,,
Web/JavaScript/Reference/Global_Objects/Int8Array/Int8Array,Int8Array() constructor,javascript-constructor,,javascript.builtins.Int8Array.Int8Array,,,,,
Web/JavaScript/Reference/Global_Objects/InternalError,InternalError,javascript-class,non-standard,javascript.builtins.InternalError,,,,,
Web/JavaScript/Reference/Global_Objects/InternalError/InternalError,InternalError() constructor,javascript-constructor,non-standard,javascript.builtins.InternalError.InternalError,,,,,
Web/JavaScript/Reference/Global_Objects/Intl,Intl,javascript-namespace,,javascript.builtins.Intl,,,,,
Web/JavaScript/Reference/Global_Objects/Intl/Collator,Intl.Collator,javascript-class,,javascript.builtins.Intl.Collator,,,,,
Web/JavaScript/Reference/Global_Objects/Intl/Collator/Collator,Intl.Collator() constructor,javascript-constructor,,javascript.builtins.Intl.Collator.Collator,,,,,
Web/JavaScript/Reference/Global_Objects/Intl/Collator/compare,Intl.Collator.prototype.compare(),javascript-instance-method,,javascript.builtins.Intl.Collator.compare,,,,,
Web/JavaScript/Reference/Global_Objects/Intl/Collator/resolvedOptions,Intl.Collator.prototype.resolvedOptions(),javascript-instance-method,,javascript.builtins.Intl.Collator.resolvedOptions,,,,,
Web/JavaScript/Reference/Global_Objects/Intl/Collator/supportedLocalesOf,Intl.Collator.supportedLocalesOf(),javascript-static-method,,javascript.builtins.Intl.Collator.supportedLocalesOf,,,,,
Web/JavaScript/Reference/Global_Objects/Intl/DateTimeFormat,Intl.DateTimeFormat,javascript-class,,javascript.builtins.Intl.DateTimeFormat,,,,,
Web/JavaScript/Reference/Global_Objects/Intl/DateTimeFormat/DateTimeFormat,Intl.DateTimeFormat() constructor,javascript-constructor,,javascript.builtins.Intl.DateTimeFormat.DateTimeFormat,,,,,
Web/JavaScript/Reference/Global_Objects/Intl/DateTimeFormat/format,Intl.DateTimeFormat.prototype.format(),javascript-instance-method,,javascript.builtins.Intl.DateTimeFormat.format,,,,,
Web/JavaScript/Reference/Global_Objects/Intl/DateTimeFormat/formatRange,Intl.DateTimeFormat.prototype.formatRange(),javascript-instance-method,,javascript.builtins.Intl.DateTimeFormat.formatRange,,,,,
Web/JavaScript/Reference/Global_Objects/Intl/DateTimeFormat/formatRangeToParts,Intl.DateTimeFormat.prototype.formatRangeToParts(),javascript-instance-method,,javascript.builtins.Intl.DateTimeFormat.formatRangeToParts,,,,,
Web/JavaScript/Reference/Global_Objects/Intl/DateTimeFormat/formatToParts,Intl.DateTimeFormat.prototype.formatToParts(),javascript-instance-method,,javascript.builtins.Intl.DateTimeFormat.formatToParts,,,,,
Web/JavaScript/Reference/Global_Objects/Intl/DateTimeFormat/resolvedOptions,Intl.DateTimeFormat.prototype.resolvedOptions(),javascript-instance-method,,javascript.builtins.Intl.DateTimeFormat.resolvedOptions,,,,,
Web/JavaScript/Reference/Global_Objects/Intl/DateTimeFormat/supportedLocalesOf,Intl.DateTimeFormat.supportedLocalesOf(),javascript-static-method,,javascript.builtins.Intl.DateTimeFormat.supportedLocalesOf,,,,,
Web/JavaScript/Reference/Global_Objects/Intl/DisplayNames,Intl.DisplayNames,javascript-class,,javascript.builtins.Intl.DisplayNames,,,,,
Web/JavaScript/Reference/Global_Objects/Intl/DisplayNames/DisplayNames,Intl.DisplayNames() constructor,javascript-constructor,,javascript.builtins.Intl.DisplayNames.DisplayNames,,,,,
Web/JavaScript/Reference/Global_Objects/Intl/DisplayNames/of,Intl.DisplayNames.prototype.of(),javascript-instance-method,,javascript.builtins.Intl.DisplayNames.of,,,,,
Web/JavaScript/Reference/Global_Objects/Intl/DisplayNames/resolvedOptions,Intl.DisplayNames.prototype.resolvedOptions(),javascript-instance-method,,javascript.builtins.Intl.DisplayNames.resolvedOptions,,,,,
Web/JavaScript/Reference/Global_Objects/Intl/DisplayNames/supportedLocalesOf,Intl.DisplayNames.supportedLocalesOf(),javascript-static-method,,javascript.builtins.Intl.DisplayNames.supportedLocalesOf,,,,,
Web/JavaScript/Reference/Global_Objects/Intl/DurationFormat,Intl.DurationFormat,javascript-class,,javascript.builtins.Intl.DurationFormat,,,,,
Web/JavaScript/Reference/Global_Objects/Intl/DurationFormat/DurationFormat,Intl.DurationFormat() constructor,javascript-constructor,,javascript.builtins.Intl.DurationFormat.DurationFormat,,,,,
Web/JavaScript/Reference/Global_Objects/Intl/DurationFormat/format,Intl.DurationFormat.prototype.format(),javascript-instance-method,,javascript.builtins.Intl.DurationFormat.format,,,,,
Web/JavaScript/Reference/Global_Objects/Intl/DurationFormat/formatToParts,Intl.DurationFormat.prototype.formatToParts(),javascript-instance-method,,javascript.builtins.Intl.DurationFormat.formatToParts,,,,,
Web/JavaScript/Reference/Global_Objects/Intl/DurationFormat/resolvedOptions,Intl.DurationFormat.prototype.resolvedOptions(),javascript-instance-method,,javascript.builtins.Intl.DurationFormat.resolvedOptions,,,,,
Web/JavaScript/Reference/Global_Objects/Intl/DurationFormat/supportedLocalesOf,Intl.DurationFormat.supportedLocalesOf(),javascript-static-method,,javascript.builtins.Intl.DurationFormat.supportedLocalesOf,,,,,
Web/JavaScript/Reference/Global_Objects/Intl/getCanonicalLocales,Intl.getCanonicalLocales(),javascript-static-method,,javascript.builtins.Intl.getCanonicalLocales,,,,,
Web/JavaScript/Reference/Global_Objects/Intl/ListFormat,Intl.ListFormat,javascript-class,,javascript.builtins.Intl.ListFormat,,,,,
Web/JavaScript/Reference/Global_Objects/Intl/ListFormat/format,Intl.ListFormat.prototype.format(),javascript-instance-method,,javascript.builtins.Intl.ListFormat.format,,,,,
Web/JavaScript/Reference/Global_Objects/Intl/ListFormat/formatToParts,Intl.ListFormat.prototype.formatToParts(),javascript-instance-method,,javascript.builtins.Intl.ListFormat.formatToParts,,,,,
Web/JavaScript/Reference/Global_Objects/Intl/ListFormat/ListFormat,Intl.ListFormat() constructor,javascript-constructor,,javascript.builtins.Intl.ListFormat.ListFormat,,,,,
Web/JavaScript/Reference/Global_Objects/Intl/ListFormat/resolvedOptions,Intl.ListFormat.prototype.resolvedOptions(),javascript-instance-method,,javascript.builtins.Intl.ListFormat.resolvedOptions,,,,,
Web/JavaScript/Reference/Global_Objects/Intl/ListFormat/supportedLocalesOf,Intl.ListFormat.supportedLocalesOf(),javascript-static-method,,javascript.builtins.Intl.ListFormat.supportedLocalesOf,,,,,
Web/JavaScript/Reference/Global_Objects/Intl/Locale,Intl.Locale,javascript-class,,javascript.builtins.Intl.Locale,,,,,
Web/JavaScript/Reference/Global_Objects/Intl/Locale/baseName,Intl.Locale.prototype.baseName,javascript-instance-accessor-property,,javascript.builtins.Intl.Locale.baseName,,,,,
Web/JavaScript/Reference/Global_Objects/Intl/Locale/calendar,Intl.Locale.prototype.calendar,javascript-instance-accessor-property,,javascript.builtins.Intl.Locale.calendar,,,,,
Web/JavaScript/Reference/Global_Objects/Intl/Locale/caseFirst,Intl.Locale.prototype.caseFirst,javascript-instance-accessor-property,,javascript.builtins.Intl.Locale.caseFirst,,,,,
Web/JavaScript/Reference/Global_Objects/Intl/Locale/collation,Intl.Locale.prototype.collation,javascript-instance-accessor-property,,javascript.builtins.Intl.Locale.collation,,,,,
Web/JavaScript/Reference/Global_Objects/Intl/Locale/getCalendars,Intl.Locale.prototype.getCalendars(),javascript-instance-method,,javascript.builtins.Intl.Locale.getCalendars,,,,,
Web/JavaScript/Reference/Global_Objects/Intl/Locale/getCollations,Intl.Locale.prototype.getCollations(),javascript-instance-method,,javascript.builtins.Intl.Locale.getCollations,,,,,
Web/JavaScript/Reference/Global_Objects/Intl/Locale/getHourCycles,Intl.Locale.prototype.getHourCycles(),javascript-instance-method,,javascript.builtins.Intl.Locale.getHourCycles,,,,,
Web/JavaScript/Reference/Global_Objects/Intl/Locale/getNumberingSystems,Intl.Locale.prototype.getNumberingSystems(),javascript-instance-method,,javascript.builtins.Intl.Locale.getNumberingSystems,,,,,
Web/JavaScript/Reference/Global_Objects/Intl/Locale/getTextInfo,Intl.Locale.prototype.getTextInfo(),javascript-instance-method,,javascript.builtins.Intl.Locale.getTextInfo,,,,,
Web/JavaScript/Reference/Global_Objects/Intl/Locale/getTimeZones,Intl.Locale.prototype.getTimeZones(),javascript-instance-method,,javascript.builtins.Intl.Locale.getTimeZones,,,,,
Web/JavaScript/Reference/Global_Objects/Intl/Locale/getWeekInfo,Intl.Locale.prototype.getWeekInfo(),javascript-instance-method,,javascript.builtins.Intl.Locale.getWeekInfo,,,,,
Web/JavaScript/Reference/Global_Objects/Intl/Locale/hourCycle,Intl.Locale.prototype.hourCycle,javascript-instance-accessor-property,,javascript.builtins.Intl.Locale.hourCycle,,,,,
Web/JavaScript/Reference/Global_Objects/Intl/Locale/language,Intl.Locale.prototype.language,javascript-instance-accessor-property,,javascript.builtins.Intl.Locale.language,,,,,
Web/JavaScript/Reference/Global_Objects/Intl/Locale/Locale,Intl.Locale() constructor,javascript-constructor,,javascript.builtins.Intl.Locale.Locale,,,,,
Web/JavaScript/Reference/Global_Objects/Intl/Locale/maximize,Intl.Locale.prototype.maximize(),javascript-instance-method,,javascript.builtins.Intl.Locale.maximize,,,,,
Web/JavaScript/Reference/Global_Objects/Intl/Locale/minimize,Intl.Locale.prototype.minimize(),javascript-instance-method,,javascript.builtins.Intl.Locale.minimize,,,,,
Web/JavaScript/Reference/Global_Objects/Intl/Locale/numberingSystem,Intl.Locale.prototype.numberingSystem,javascript-instance-accessor-property,,javascript.builtins.Intl.Locale.numberingSystem,,,,,
Web/JavaScript/Reference/Global_Objects/Intl/Locale/numeric,Intl.Locale.prototype.numeric,javascript-instance-accessor-property,,javascript.builtins.Intl.Locale.numeric,,,,,
Web/JavaScript/Reference/Global_Objects/Intl/Locale/region,Intl.Locale.prototype.region,javascript-instance-accessor-property,,javascript.builtins.Intl.Locale.region,,,,,
Web/JavaScript/Reference/Global_Objects/Intl/Locale/script,Intl.Locale.prototype.script,javascript-instance-accessor-property,,javascript.builtins.Intl.Locale.script,,,,,
Web/JavaScript/Reference/Global_Objects/Intl/Locale/toString,Intl.Locale.prototype.toString(),javascript-instance-method,,javascript.builtins.Intl.Locale.toString,,,,,
Web/JavaScript/Reference/Global_Objects/Intl/Locale/variants,Intl.Locale.prototype.variants,javascript-instance-accessor-property,,javascript.builtins.Intl.Locale.variants,,,,,
Web/JavaScript/Reference/Global_Objects/Intl/NumberFormat,Intl.NumberFormat,javascript-class,,javascript.builtins.Intl.NumberFormat,,,,,
Web/JavaScript/Reference/Global_Objects/Intl/NumberFormat/format,Intl.NumberFormat.prototype.format(),javascript-instance-method,,javascript.builtins.Intl.NumberFormat.format,,,,,
Web/JavaScript/Reference/Global_Objects/Intl/NumberFormat/formatRange,Intl.NumberFormat.prototype.formatRange(),javascript-instance-method,,javascript.builtins.Intl.NumberFormat.formatRange,,,,,
Web/JavaScript/Reference/Global_Objects/Intl/NumberFormat/formatRangeToParts,Intl.NumberFormat.prototype.formatRangeToParts(),javascript-instance-method,,javascript.builtins.Intl.NumberFormat.formatRangeToParts,,,,,
Web/JavaScript/Reference/Global_Objects/Intl/NumberFormat/formatToParts,Intl.NumberFormat.prototype.formatToParts(),javascript-instance-method,,javascript.builtins.Intl.NumberFormat.formatToParts,,,,,
Web/JavaScript/Reference/Global_Objects/Intl/NumberFormat/NumberFormat,Intl.NumberFormat() constructor,javascript-constructor,,javascript.builtins.Intl.NumberFormat.NumberFormat,,,,,
Web/JavaScript/Reference/Global_Objects/Intl/NumberFormat/resolvedOptions,Intl.NumberFormat.prototype.resolvedOptions(),javascript-instance-method,,javascript.builtins.Intl.NumberFormat.resolvedOptions,,,,,
Web/JavaScript/Reference/Global_Objects/Intl/NumberFormat/supportedLocalesOf,Intl.NumberFormat.supportedLocalesOf(),javascript-static-method,,javascript.builtins.Intl.NumberFormat.supportedLocalesOf,,,,,
Web/JavaScript/Reference/Global_Objects/Intl/PluralRules,Intl.PluralRules,javascript-class,,javascript.builtins.Intl.PluralRules,,,,,
Web/JavaScript/Reference/Global_Objects/Intl/PluralRules/PluralRules,Intl.PluralRules() constructor,javascript-constructor,,javascript.builtins.Intl.PluralRules.PluralRules,,,,,
Web/JavaScript/Reference/Global_Objects/Intl/PluralRules/resolvedOptions,Intl.PluralRules.prototype.resolvedOptions(),javascript-instance-method,,javascript.builtins.Intl.PluralRules.resolvedOptions,,,,,
Web/JavaScript/Reference/Global_Objects/Intl/PluralRules/select,Intl.PluralRules.prototype.select(),javascript-instance-method,,javascript.builtins.Intl.PluralRules.select,,,,,
Web/JavaScript/Reference/Global_Objects/Intl/PluralRules/selectRange,Intl.PluralRules.prototype.selectRange(),javascript-instance-method,,javascript.builtins.Intl.PluralRules.selectRange,,,,,
Web/JavaScript/Reference/Global_Objects/Intl/PluralRules/supportedLocalesOf,Intl.PluralRules.supportedLocalesOf(),javascript-static-method,,javascript.builtins.Intl.PluralRules.supportedLocalesOf,,,,,
Web/JavaScript/Reference/Global_Objects/Intl/RelativeTimeFormat,Intl.RelativeTimeFormat,javascript-class,,javascript.builtins.Intl.RelativeTimeFormat,,,,,
Web/JavaScript/Reference/Global_Objects/Intl/RelativeTimeFormat/format,Intl.RelativeTimeFormat.prototype.format(),javascript-instance-method,,javascript.builtins.Intl.RelativeTimeFormat.format,,,,,
Web/JavaScript/Reference/Global_Objects/Intl/RelativeTimeFormat/formatToParts,Intl.RelativeTimeFormat.prototype.formatToParts(),javascript-instance-method,,javascript.builtins.Intl.RelativeTimeFormat.formatToParts,,,,,
Web/JavaScript/Reference/Global_Objects/Intl/RelativeTimeFormat/RelativeTimeFormat,Intl.RelativeTimeFormat() constructor,javascript-constructor,,javascript.builtins.Intl.RelativeTimeFormat.RelativeTimeFormat,,,,,
Web/JavaScript/Reference/Global_Objects/Intl/RelativeTimeFormat/resolvedOptions,Intl.RelativeTimeFormat.prototype.resolvedOptions(),javascript-instance-method,,javascript.builtins.Intl.RelativeTimeFormat.resolvedOptions,,,,,
Web/JavaScript/Reference/Global_Objects/Intl/RelativeTimeFormat/supportedLocalesOf,Intl.RelativeTimeFormat.supportedLocalesOf(),javascript-static-method,,javascript.builtins.Intl.RelativeTimeFormat.supportedLocalesOf,,,,,
Web/JavaScript/Reference/Global_Objects/Intl/Segmenter,Intl.Segmenter,javascript-class,,javascript.builtins.Intl.Segmenter,,,,,
Web/JavaScript/Reference/Global_Objects/Intl/Segmenter/resolvedOptions,Intl.Segmenter.prototype.resolvedOptions(),javascript-instance-method,,javascript.builtins.Intl.Segmenter.resolvedOptions,,,,,
Web/JavaScript/Reference/Global_Objects/Intl/Segmenter/segment,Intl.Segmenter.prototype.segment(),javascript-instance-method,,javascript.builtins.Intl.Segmenter.segment,,,,,
Web/JavaScript/Reference/Global_Objects/Intl/Segmenter/segment/Segments,Segments,javascript-class,,javascript.builtins.Intl.Segments,,,,,
Web/JavaScript/Reference/Global_Objects/Intl/Segmenter/segment/Segments/containing,Segments.prototype.containing(),javascript-instance-method,,javascript.builtins.Intl.Segments.containing,,,,,
Web/JavaScript/Reference/Global_Objects/Intl/Segmenter/segment/Segments/Symbol.iterator,Segments.prototype[Symbol.iterator](),javascript-instance-method,,javascript.builtins.Intl.Segments.@@iterator,,,,,
Web/JavaScript/Reference/Global_Objects/Intl/Segmenter/Segmenter,Intl.Segmenter() constructor,javascript-constructor,,javascript.builtins.Intl.Segmenter.Segmenter,,,,,
Web/JavaScript/Reference/Global_Objects/Intl/Segmenter/supportedLocalesOf,Intl.Segmenter.supportedLocalesOf(),javascript-static-method,,javascript.builtins.Intl.Segmenter.supportedLocalesOf,,,,,
Web/JavaScript/Reference/Global_Objects/Intl/supportedValuesOf,Intl.supportedValuesOf(),javascript-static-method,,javascript.builtins.Intl.supportedValuesOf,,,,,
Web/JavaScript/Reference/Global_Objects/isFinite,isFinite(),javascript-function,,javascript.builtins.isFinite,,,,,
Web/JavaScript/Reference/Global_Objects/isNaN,isNaN(),javascript-function,,javascript.builtins.isNaN,,,,,
Web/JavaScript/Reference/Global_Objects/Iterator,Iterator,javascript-class,,javascript.builtins.Iterator,,,,,
Web/JavaScript/Reference/Global_Objects/Iterator/chunks,Iterator.prototype.chunks(),javascript-instance-method,experimental,javascript.builtins.Iterator.chunks,,,,,
Web/JavaScript/Reference/Global_Objects/Iterator/concat,Iterator.concat(),javascript-static-method,,javascript.builtins.Iterator.concat,,,,,
Web/JavaScript/Reference/Global_Objects/Iterator/drop,Iterator.prototype.drop(),javascript-instance-method,,javascript.builtins.Iterator.drop,,,,,
Web/JavaScript/Reference/Global_Objects/Iterator/every,Iterator.prototype.every(),javascript-instance-method,,javascript.builtins.Iterator.every,,,,,
Web/JavaScript/Reference/Global_Objects/Iterator/filter,Iterator.prototype.filter(),javascript-instance-method,,javascript.builtins.Iterator.filter,,,,,
Web/JavaScript/Reference/Global_Objects/Iterator/find,Iterator.prototype.find(),javascript-instance-method,,javascript.builtins.Iterator.find,,,,,
Web/JavaScript/Reference/Global_Objects/Iterator/flatMap,Iterator.prototype.flatMap(),javascript-instance-method,,javascript.builtins.Iterator.flatMap,,,,,
Web/JavaScript/Reference/Global_Objects/Iterator/forEach,Iterator.prototype.forEach(),javascript-instance-method,,javascript.builtins.Iterator.forEach,,,,,
Web/JavaScript/Reference/Global_Objects/Iterator/from,Iterator.from(),javascript-static-method,,javascript.builtins.Iterator.from,,,,,
Web/JavaScript/Reference/Global_Objects/Iterator/includes,Iterator.prototype.includes(),javascript-instance-method,,javascript.builtins.Iterator.includes,,,,,
Web/JavaScript/Reference/Global_Objects/Iterator/Iterator,Iterator() constructor,javascript-constructor,,javascript.builtins.Iterator.Iterator,,,,,
Web/JavaScript/Reference/Global_Objects/Iterator/join,Iterator.prototype.join(),javascript-instance-method,,javascript.builtins.Iterator.join,,,,,
Web/JavaScript/Reference/Global_Objects/Iterator/map,Iterator.prototype.map(),javascript-instance-method,,javascript.builtins.Iterator.map,,,,,
Web/JavaScript/Reference/Global_Objects/Iterator/reduce,Iterator.prototype.reduce(),javascript-instance-method,,javascript.builtins.Iterator.reduce,,,,,
Web/JavaScript/Reference/Global_Objects/Iterator/some,Iterator.prototype.some(),javascript-instance-method,,javascript.builtins.Iterator.some,,,,,
Web/JavaScript/Reference/Global_Objects/Iterator/Symbol.dispose,Iterator.prototype[Symbol.dispose](),javascript-instance-method,,javascript.builtins.Iterator.@@dispose,,,,,
Web/JavaScript/Reference/Global_Objects/Iterator/Symbol.iterator,Iterator.prototype[Symbol.iterator](),javascript-instance-method,,javascript.builtins.Iterator.@@iterator,,,,,
Web/JavaScript/Reference/Global_Objects/Iterator/take,Iterator.prototype.take(),javascript-instance-method,,javascript.builtins.Iterator.take,,,,,
Web/JavaScript/Reference/Global_Objects/Iterator/toArray,Iterator.prototype.toArray(),javascript-instance-method,,javascript.builtins.Iterator.toArray,,,,,
Web/JavaScript/Reference/Global_Objects/Iterator/windows,Iterator.prototype.windows(),javascript-instance-method,experimental,javascript.builtins.Iterator.windows,,,,,
Web/JavaScript/Reference/Global_Objects/Iterator/zip,Iterator.zip(),javascript-static-method,,javascript.builtins.Iterator.zip,,,,,
Web/JavaScript/Reference/Global_Objects/Iterator/zipKeyed,Iterator.zipKeyed(),javascript-static-method,,javascript.builtins.Iterator.zipKeyed,,,,,
Web/JavaScript/Reference/Global_Objects/JSON,JSON,javascript-namespace,,javascript.builtins.JSON,,,,,
Web/JavaScript/Reference/Global_Objects/JSON/isRawJSON,JSON.isRawJSON(),javascript-static-method,,javascript.builtins.JSON.isRawJSON,,,,,
Web/JavaScript/Reference/Global_Objects/JSON/parse,JSON.parse(),javascript-static-method,,javascript.builtins.JSON.parse,,,,,
Web/JavaScript/Reference/Global_Objects/JSON/rawJSON,JSON.rawJSON(),javascript-static-method,,javascript.builtins.JSON.rawJSON,,,,,
Web/JavaScript/Reference/Global_Objects/JSON/stringify,JSON.stringify(),javascript-static-method,,javascript.builtins.JSON.stringify,,,,,
Web/JavaScript/Reference/Global_Objects/Map,Map,javascript-class,,javascript.builtins.Map,,,,,
Web/JavaScript/Reference/Global_Objects/Map/clear,Map.prototype.clear(),javascript-instance-method,,javascript.builtins.Map.clear,,,,,
Web/JavaScript/Reference/Global_Objects/Map/delete,Map.prototype.delete(),javascript-instance-method,,javascript.builtins.Map.delete,,,,,
Web/JavaScript/Reference/Global_Objects/Map/entries,Map.prototype.entries(),javascript-instance-method,,javascript.builtins.Map.entries,,,,,
Web/JavaScript/Reference/Global_Objects/Map/forEach,Map.prototype.forEach(),javascript-instance-method,,javascript.builtins.Map.forEach,,,,,
Web/JavaScript/Reference/Global_Objects/Map/get,Map.prototype.get(),javascript-instance-method,,javascript.builtins.Map.get,,,,,
Web/JavaScript/Reference/Global_Objects/Map/getOrInsert,Map.prototype.getOrInsert(),javascript-instance-method,,javascript.builtins.Map.getOrInsert,,,,,
Web/JavaScript/Reference/Global_Objects/Map/getOrInsertComputed,Map.prototype.getOrInsertComputed(),javascript-instance-method,,javascript.builtins.Map.getOrInsertComputed,,,,,
Web/JavaScript/Reference/Global_Objects/Map/groupBy,Map.groupBy(),javascript-static-method,,javascript.builtins.Map.groupBy,,,,,
Web/JavaScript/Reference/Global_Objects/Map/has,Map.prototype.has(),javascript-instance-method,,javascript.builtins.Map.has,,,,,
Web/JavaScript/Reference/Global_Objects/Map/keys,Map.prototype.keys(),javascript-instance-method,,javascript.builtins.Map.keys,,,,,
Web/JavaScript/Reference/Global_Objects/Map/Map,Map() constructor,javascript-constructor,,javascript.builtins.Map.Map,,,,,
Web/JavaScript/Reference/Global_Objects/Map/set,Map.prototype.set(),javascript-instance-method,,javascript.builtins.Map.set,,,,,
Web/JavaScript/Reference/Global_Objects/Map/size,Map.prototype.size,javascript-instance-accessor-property,,javascript.builtins.Map.size,,,,,
Web/JavaScript/Reference/Global_Objects/Map/Symbol.iterator,Map.prototype[Symbol.iterator](),javascript-instance-method,,javascript.builtins.Map.@@iterator,,,,,
Web/JavaScript/Reference/Global_Objects/Map/Symbol.species,Map[Symbol.species],javascript-static-accessor-property,,javascript.builtins.Map.@@species,,,,,
Web/JavaScript/Reference/Global_Objects/Map/values,Map.prototype.values(),javascript-instance-method,,javascript.builtins.Map.values,,,,,
Web/JavaScript/Reference/Global_Objects/Math,Math,javascript-namespace,,javascript.builtins.Math,,,,,
Web/JavaScript/Reference/Global_Objects/Math/abs,Math.abs(),javascript-static-method,,javascript.builtins.Math.abs,,,,,
Web/JavaScript/Reference/Global_Objects/Math/acos,Math.acos(),javascript-static-method,,javascript.builtins.Math.acos,,,,,
Web/JavaScript/Reference/Global_Objects/Math/acosh,Math.acosh(),javascript-static-method,,javascript.builtins.Math.acosh,,,,,
Web/JavaScript/Reference/Global_Objects/Math/asin,Math.asin(),javascript-static-method,,javascript.builtins.Math.asin,,,,,
Web/JavaScript/Reference/Global_Objects/Math/asinh,Math.asinh(),javascript-static-method,,javascript.builtins.Math.asinh,,,,,
Web/JavaScript/Reference/Global_Objects/Math/atan,Math.atan(),javascript-static-method,,javascript.builtins.Math.atan,,,,,
Web/JavaScript/Reference/Global_Objects/Math/atan2,Math.atan2(),javascript-static-method,,javascript.builtins.Math.atan2,,,,,
Web/JavaScript/Reference/Global_Objects/Math/atanh,Math.atanh(),javascript-static-method,,javascript.builtins.Math.atanh,,,,,
Web/JavaScript/Reference/Global_Objects/Math/cbrt,Math.cbrt(),javascript-static-method,,javascript.builtins.Math.cbrt,,,,,
Web/JavaScript/Reference/Global_Objects/Math/ceil,Math.ceil(),javascript-static-method,,javascript.builtins.Math.ceil,,,,,
Web/JavaScript/Reference/Global_Objects/Math/clz32,Math.clz32(),javascript-static-method,,javascript.builtins.Math.clz32,,,,,
Web/JavaScript/Reference/Global_Objects/Math/cos,Math.cos(),javascript-static-method,,javascript.builtins.Math.cos,,,,,
Web/JavaScript/Reference/Global_Objects/Math/cosh,Math.cosh(),javascript-static-method,,javascript.builtins.Math.cosh,,,,,
Web/JavaScript/Reference/Global_Objects/Math/E,Math.E,javascript-static-data-property,,javascript.builtins.Math.E,,,,,
Web/JavaScript/Reference/Global_Objects/Math/exp,Math.exp(),javascript-static-method,,javascript.builtins.Math.exp,,,,,
Web/JavaScript/Reference/Global_Objects/Math/expm1,Math.expm1(),javascript-static-method,,javascript.builtins.Math.expm1,,,,,
Web/JavaScript/Reference/Global_Objects/Math/f16round,Math.f16round(),javascript-static-method,,javascript.builtins.Math.f16round,,,,,
Web/JavaScript/Reference/Global_Objects/Math/floor,Math.floor(),javascript-static-method,,javascript.builtins.Math.floor,,,,,
Web/JavaScript/Reference/Global_Objects/Math/fround,Math.fround(),javascript-static-method,,javascript.builtins.Math.fround,,,,,
Web/JavaScript/Reference/Global_Objects/Math/hypot,Math.hypot(),javascript-static-method,,javascript.builtins.Math.hypot,,,,,
Web/JavaScript/Reference/Global_Objects/Math/imul,Math.imul(),javascript-static-method,,javascript.builtins.Math.imul,,,,,
Web/JavaScript/Reference/Global_Objects/Math/LN10,Math.LN10,javascript-static-data-property,,javascript.builtins.Math.LN10,,,,,
Web/JavaScript/Reference/Global_Objects/Math/LN2,Math.LN2,javascript-static-data-property,,javascript.builtins.Math.LN2,,,,,
Web/JavaScript/Reference/Global_Objects/Math/log,Math.log(),javascript-static-method,,javascript.builtins.Math.log,,,,,
Web/JavaScript/Reference/Global_Objects/Math/log10,Math.log10(),javascript-static-method,,javascript.builtins.Math.log10,,,,,
Web/JavaScript/Reference/Global_Objects/Math/LOG10E,Math.LOG10E,javascript-static-data-property,,javascript.builtins.Math.LOG10E,,,,,
Web/JavaScript/Reference/Global_Objects/Math/log1p,Math.log1p(),javascript-static-method,,javascript.builtins.Math.log1p,,,,,
Web/JavaScript/Reference/Global_Objects/Math/log2,Math.log2(),javascript-static-method,,javascript.builtins.Math.log2,,,,,
Web/JavaScript/Reference/Global_Objects/Math/LOG2E,Math.LOG2E,javascript-static-data-property,,javascript.builtins.Math.LOG2E,,,,,
Web/JavaScript/Reference/Global_Objects/Math/max,Math.max(),javascript-static-method,,javascript.builtins.Math.max,,,,,
Web/JavaScript/Reference/Global_Objects/Math/min,Math.min(),javascript-static-method,,javascript.builtins.Math.min,,,,,
Web/JavaScript/Reference/Global_Objects/Math/PI,Math.PI,javascript-static-data-property,,javascript.builtins.Math.PI,,,,,
Web/JavaScript/Reference/Global_Objects/Math/pow,Math.pow(),javascript-static-method,,javascript.builtins.Math.pow,,,,,
Web/JavaScript/Reference/Global_Objects/Math/random,Math.random(),javascript-static-method,,javascript.builtins.Math.random,,,,,
Web/JavaScript/Reference/Global_Objects/Math/round,Math.round(),javascript-static-method,,javascript.builtins.Math.round,,,,,
Web/JavaScript/Reference/Global_Objects/Math/sign,Math.sign(),javascript-static-method,,javascript.builtins.Math.sign,,,,,
Web/JavaScript/Reference/Global_Objects/Math/sin,Math.sin(),javascript-static-method,,javascript.builtins.Math.sin,,,,,
Web/JavaScript/Reference/Global_Objects/Math/sinh,Math.sinh(),javascript-static-method,,javascript.builtins.Math.sinh,,,,,
Web/JavaScript/Reference/Global_Objects/Math/sqrt,Math.sqrt(),javascript-static-method,,javascript.builtins.Math.sqrt,,,,,
Web/JavaScript/Reference/Global_Objects/Math/SQRT1_2,Math.SQRT1_2,javascript-static-data-property,,javascript.builtins.Math.SQRT1_2,,,,,
Web/JavaScript/Reference/Global_Objects/Math/SQRT2,Math.SQRT2,javascript-static-data-property,,javascript.builtins.Math.SQRT2,,,,,
Web/JavaScript/Reference/Global_Objects/Math/sumPrecise,Math.sumPrecise(),javascript-static-method,,javascript.builtins.Math.sumPrecise,,,,,
Web/JavaScript/Reference/Global_Objects/Math/tan,Math.tan(),javascript-static-method,,javascript.builtins.Math.tan,,,,,
Web/JavaScript/Reference/Global_Objects/Math/tanh,Math.tanh(),javascript-static-method,,javascript.builtins.Math.tanh,,,,,
Web/JavaScript/Reference/Global_Objects/Math/trunc,Math.trunc(),javascript-static-method,,javascript.builtins.Math.trunc,,,,,
Web/JavaScript/Reference/Global_Objects/NaN,NaN,javascript-global-property,,javascript.builtins.NaN,,,,,
Web/JavaScript/Reference/Global_Objects/Number,Number,javascript-class,,javascript.builtins.Number,,,,,
Web/JavaScript/Reference/Global_Objects/Number/EPSILON,Number.EPSILON,javascript-static-data-property,,javascript.builtins.Number.EPSILON,,,,,
Web/JavaScript/Reference/Global_Objects/Number/isFinite,Number.isFinite(),javascript-static-method,,javascript.builtins.Number.isFinite,,,,,
Web/JavaScript/Reference/Global_Objects/Number/isInteger,Number.isInteger(),javascript-static-method,,javascript.builtins.Number.isInteger,,,,,
Web/JavaScript/Reference/Global_Objects/Number/isNaN,Number.isNaN(),javascript-static-method,,javascript.builtins.Number.isNaN,,,,,
Web/JavaScript/Reference/Global_Objects/Number/isSafeInteger,Number.isSafeInteger(),javascript-static-method,,javascript.builtins.Number.isSafeInteger,,,,,
Web/JavaScript/Reference/Global_Objects/Number/MAX_SAFE_INTEGER,Number.MAX_SAFE_INTEGER,javascript-static-data-property,,javascript.builtins.Number.MAX_SAFE_INTEGER,,,,,
Web/JavaScript/Reference/Global_Objects/Number/MAX_VALUE,Number.MAX_VALUE,javascript-static-data-property,,javascript.builtins.Number.MAX_VALUE,,,,,
Web/JavaScript/Reference/Global_Objects/Number/MIN_SAFE_INTEGER,Number.MIN_SAFE_INTEGER,javascript-static-data-property,,javascript.builtins.Number.MIN_SAFE_INTEGER,,,,,
Web/JavaScript/Reference/Global_Objects/Number/MIN_VALUE,Number.MIN_VALUE,javascript-static-data-property,,javascript.builtins.Number.MIN_VALUE,,,,,
Web/JavaScript/Reference/Global_Objects/Number/NaN,Number.NaN,javascript-static-data-property,,javascript.builtins.Number.NaN,,,,,
Web/JavaScript/Reference/Global_Objects/Number/NEGATIVE_INFINITY,Number.NEGATIVE_INFINITY,javascript-static-data-property,,javascript.builtins.Number.NEGATIVE_INFINITY,,,,,
Web/JavaScript/Reference/Global_Objects/Number/Number,Number() constructor,javascript-constructor,,javascript.builtins.Number.Number,,,,,
Web/JavaScript/Reference/Global_Objects/Number/parseFloat,Number.parseFloat(),javascript-static-method,,javascript.builtins.Number.parseFloat,,,,,
Web/JavaScript/Reference/Global_Objects/Number/parseInt,Number.parseInt(),javascript-static-method,,javascript.builtins.Number.parseInt,,,,,
Web/JavaScript/Reference/Global_Objects/Number/POSITIVE_INFINITY,Number.POSITIVE_INFINITY,javascript-static-data-property,,javascript.builtins.Number.POSITIVE_INFINITY,,,,,
Web/JavaScript/Reference/Global_Objects/Number/toExponential,Number.prototype.toExponential(),javascript-instance-method,,javascript.builtins.Number.toExponential,,,,,
Web/JavaScript/Reference/Global_Objects/Number/toFixed,Number.prototype.toFixed(),javascript-instance-method,,javascript.builtins.Number.toFixed,,,,,
Web/JavaScript/Reference/Global_Objects/Number/toLocaleString,Number.prototype.toLocaleString(),javascript-instance-method,,javascript.builtins.Number.toLocaleString,,,,,
Web/JavaScript/Reference/Global_Objects/Number/toPrecision,Number.prototype.toPrecision(),javascript-instance-method,,javascript.builtins.Number.toPrecision,,,,,
Web/JavaScript/Reference/Global_Objects/Number/toString,Number.prototype.toString(),javascript-instance-method,,javascript.builtins.Number.toString,,,,,
Web/JavaScript/Reference/Global_Objects/Number/valueOf,Number.prototype.valueOf(),javascript-instance-method,,javascript.builtins.Number.valueOf,,,,,
Web/JavaScript/Reference/Global_Objects/Object,Object,javascript-class,,javascript.builtins.Object,,,,,
Web/JavaScript/Reference/Global_Objects/Object/__defineGetter__,Object.prototype.__defineGetter__(),javascript-instance-method,deprecated,javascript.builtins.Object.defineGetter,,,,,
Web/JavaScript/Reference/Global_Objects/Object/__defineSetter__,Object.prototype.__defineSetter__(),javascript-instance-method,deprecated,javascript.builtins.Object.defineSetter,,,,,
Web/JavaScript/Reference/Global_Objects/Object/__lookupGetter__,Object.prototype.__lookupGetter__(),javascript-instance-method,deprecated,javascript.builtins.Object.lookupGetter,,,,,
Web/JavaScript/Reference/Global_Objects/Object/__lookupSetter__,Object.prototype.__lookupSetter__(),javascript-instance-method,deprecated,javascript.builtins.Object.lookupSetter,,,,,
Web/JavaScript/Reference/Global_Objects/Object/assign,Object.assign(),javascript-static-method,,javascript.builtins.Object.assign,,,,,
Web/JavaScript/Reference/Global_Objects/Object/constructor,Object.prototype.constructor,javascript-instance-data-property,,javascript.builtins.Object.constructor,,,,,
Web/JavaScript/Reference/Global_Objects/Object/create,Object.create(),javascript-static-method,,javascript.builtins.Object.create,,,,,
Web/JavaScript/Reference/Global_Objects/Object/defineProperties,Object.defineProperties(),javascript-static-method,,javascript.builtins.Object.defineProperties,,,,,
Web/JavaScript/Reference/Global_Objects/Object/defineProperty,Object.defineProperty(),javascript-static-method,,javascript.builtins.Object.defineProperty,,,,,
Web/JavaScript/Reference/Global_Objects/Object/entries,Object.entries(),javascript-static-method,,javascript.builtins.Object.entries,,,,,
Web/JavaScript/Reference/Global_Objects/Object/freeze,Object.freeze(),javascript-static-method,,javascript.builtins.Object.freeze,,,,,
Web/JavaScript/Reference/Global_Objects/Object/fromEntries,Object.fromEntries(),javascript-static-method,,javascript.builtins.Object.fromEntries,,,,,
Web/JavaScript/Reference/Global_Objects/Object/getOwnPropertyDescriptor,Object.getOwnPropertyDescriptor(),javascript-static-method,,javascript.builtins.Object.getOwnPropertyDescriptor,,,,,
Web/JavaScript/Reference/Global_Objects/Object/getOwnPropertyDescriptors,Object.getOwnPropertyDescriptors(),javascript-static-method,,javascript.builtins.Object.getOwnPropertyDescriptors,,,,,
Web/JavaScript/Reference/Global_Objects/Object/getOwnPropertyNames,Object.getOwnPropertyNames(),javascript-static-method,,javascript.builtins.Object.getOwnPropertyNames,,,,,
Web/JavaScript/Reference/Global_Objects/Object/getOwnPropertySymbols,Object.getOwnPropertySymbols(),javascript-static-method,,javascript.builtins.Object.getOwnPropertySymbols,,,,,
Web/JavaScript/Reference/Global_Objects/Object/getPrototypeOf,Object.getPrototypeOf(),javascript-static-method,,javascript.builtins.Object.getPrototypeOf,,,,,
Web/JavaScript/Reference/Global_Objects/Object/groupBy,Object.groupBy(),javascript-static-method,,javascript.builtins.Object.groupBy,,,,,
Web/JavaScript/Reference/Global_Objects/Object/hasOwn,Object.hasOwn(),javascript-static-method,,javascript.builtins.Object.hasOwn,,,,,
Web/JavaScript/Reference/Global_Objects/Object/hasOwnProperty,Object.prototype.hasOwnProperty(),javascript-instance-method,,javascript.builtins.Object.hasOwnProperty,,,,,
Web/JavaScript/Reference/Global_Objects/Object/is,Object.is(),javascript-static-method,,javascript.builtins.Object.is,,,,,
Web/JavaScript/Reference/Global_Objects/Object/isExtensible,Object.isExtensible(),javascript-static-method,,javascript.builtins.Object.isExtensible,,,,,
Web/JavaScript/Reference/Global_Objects/Object/isFrozen,Object.isFrozen(),javascript-static-method,,javascript.builtins.Object.isFrozen,,,,,
Web/JavaScript/Reference/Global_Objects/Object/isPrototypeOf,Object.prototype.isPrototypeOf(),javascript-instance-method,,javascript.builtins.Object.isPrototypeOf,,,,,
Web/JavaScript/Reference/Global_Objects/Object/isSealed,Object.isSealed(),javascript-static-method,,javascript.builtins.Object.isSealed,,,,,
Web/JavaScript/Reference/Global_Objects/Object/keys,Object.keys(),javascript-static-method,,javascript.builtins.Object.keys,,,,,
Web/JavaScript/Reference/Global_Objects/Object/Object,Object() constructor,javascript-constructor,,javascript.builtins.Object.Object,,,,,
Web/JavaScript/Reference/Global_Objects/Object/preventExtensions,Object.preventExtensions(),javascript-static-method,,javascript.builtins.Object.preventExtensions,,,,,
Web/JavaScript/Reference/Global_Objects/Object/propertyIsEnumerable,Object.prototype.propertyIsEnumerable(),javascript-instance-method,,javascript.builtins.Object.propertyIsEnumerable,,,,,
Web/JavaScript/Reference/Global_Objects/Object/proto,Object.prototype.__proto__,javascript-instance-accessor-property,deprecated,javascript.builtins.Object.proto,,,,,
Web/JavaScript/Reference/Global_Objects/Object/seal,Object.seal(),javascript-static-method,,javascript.builtins.Object.seal,,,,,
Web/JavaScript/Reference/Global_Objects/Object/setPrototypeOf,Object.setPrototypeOf(),javascript-static-method,,javascript.builtins.Object.setPrototypeOf,,,,,
Web/JavaScript/Reference/Global_Objects/Object/toLocaleString,Object.prototype.toLocaleString(),javascript-instance-method,,javascript.builtins.Object.toLocaleString,,,,,
Web/JavaScript/Reference/Global_Objects/Object/toString,Object.prototype.toString(),javascript-instance-method,,javascript.builtins.Object.toString,,,,,
Web/JavaScript/Reference/Global_Objects/Object/valueOf,Object.prototype.valueOf(),javascript-instance-method,,javascript.builtins.Object.valueOf,,,,,
Web/JavaScript/Reference/Global_Objects/Object/values,Object.values(),javascript-static-method,,javascript.builtins.Object.values,,,,,
Web/JavaScript/Reference/Global_Objects/parseFloat,parseFloat(),javascript-function,,javascript.builtins.parseFloat,,,,,
Web/JavaScript/Reference/Global_Objects/parseInt,parseInt(),javascript-function,,javascript.builtins.parseInt,,,,,
Web/JavaScript/Reference/Global_Objects/Promise,Promise,javascript-class,,javascript.builtins.Promise,,,,,
Web/JavaScript/Reference/Global_Objects/Promise/all,Promise.all(),javascript-static-method,,javascript.builtins.Promise.all,,,,,
Web/JavaScript/Reference/Global_Objects/Promise/allKeyed,Promise.allKeyed(),javascript-static-method,experimental,javascript.builtins.Promise.allKeyed,,,,,
Web/JavaScript/Reference/Global_Objects/Promise/allSettled,Promise.allSettled(),javascript-static-method,,javascript.builtins.Promise.allSettled,,,,,
Web/JavaScript/Reference/Global_Objects/Promise/allSettledKeyed,Promise.allSettledKeyed(),javascript-static-method,experimental,javascript.builtins.Promise.allSettledKeyed,,,,,
Web/JavaScript/Reference/Global_Objects/Promise/any,Promise.any(),javascript-static-method,,javascript.builtins.Promise.any,,,,,
Web/JavaScript/Reference/Global_Objects/Promise/catch,Promise.prototype.catch(),javascript-instance-method,,javascript.builtins.Promise.catch,,,,,
Web/JavaScript/Reference/Global_Objects/Promise/finally,Promise.prototype.finally(),javascript-instance-method,,javascript.builtins.Promise.finally,,,,,
Web/JavaScript/Reference/Global_Objects/Promise/Promise,Promise() constructor,javascript-constructor,,javascript.builtins.Promise.Promise,,,,,
Web/JavaScript/Reference/Global_Objects/Promise/race,Promise.race(),javascript-static-method,,javascript.builtins.Promise.race,,,,,
Web/JavaScript/Reference/Global_Objects/Promise/reject,Promise.reject(),javascript-static-method,,javascript.builtins.Promise.reject,,,,,
Web/JavaScript/Reference/Global_Objects/Promise/resolve,Promise.resolve(),javascript-static-method,,javascript.builtins.Promise.resolve,,,,,
Web/JavaScript/Reference/Global_Objects/Promise/Symbol.species,Promise[Symbol.species],javascript-static-accessor-property,,javascript.builtins.Promise.@@species,,,,,
Web/JavaScript/Reference/Global_Objects/Promise/then,Promise.prototype.then(),javascript-instance-method,,javascript.builtins.Promise.then,,,,,
Web/JavaScript/Reference/Global_Objects/Promise/try,Promise.try(),javascript-static-method,,javascript.builtins.Promise.try,,,,,
Web/JavaScript/Reference/Global_Objects/Promise/withResolvers,Promise.withResolvers(),javascript-static-method,,javascript.builtins.Promise.withResolvers,,,,,
Web/JavaScript/Reference/Global_Objects/Proxy,Proxy,javascript-class,,javascript.builtins.Proxy,,,,,
Web/JavaScript/Reference/Global_Objects/Proxy/Proxy,Proxy() constructor,javascript-constructor,,javascript.builtins.Proxy.Proxy,,,,,
Web/JavaScript/Reference/Global_Objects/Proxy/Proxy/apply,handler.apply(),javascript-instance-method,,javascript.builtins.Proxy.handler.apply,,,,,
Web/JavaScript/Reference/Global_Objects/Proxy/Proxy/construct,handler.construct(),javascript-instance-method,,javascript.builtins.Proxy.handler.construct,,,,,
Web/JavaScript/Reference/Global_Objects/Proxy/Proxy/defineProperty,handler.defineProperty(),javascript-instance-method,,javascript.builtins.Proxy.handler.defineProperty,,,,,
Web/JavaScript/Reference/Global_Objects/Proxy/Proxy/deleteProperty,handler.deleteProperty(),javascript-instance-method,,javascript.builtins.Proxy.handler.deleteProperty,,,,,
Web/JavaScript/Reference/Global_Objects/Proxy/Proxy/get,handler.get(),javascript-instance-method,,javascript.builtins.Proxy.handler.get,,,,,
Web/JavaScript/Reference/Global_Objects/Proxy/Proxy/getOwnPropertyDescriptor,handler.getOwnPropertyDescriptor(),javascript-instance-method,,javascript.builtins.Proxy.handler.getOwnPropertyDescriptor,,,,,
Web/JavaScript/Reference/Global_Objects/Proxy/Proxy/getPrototypeOf,handler.getPrototypeOf(),javascript-instance-method,,javascript.builtins.Proxy.handler.getPrototypeOf,,,,,
Web/JavaScript/Reference/Global_Objects/Proxy/Proxy/has,handler.has(),javascript-instance-method,,javascript.builtins.Proxy.handler.has,,,,,
Web/JavaScript/Reference/Global_Objects/Proxy/Proxy/isExtensible,handler.isExtensible(),javascript-instance-method,,javascript.builtins.Proxy.handler.isExtensible,,,,,
Web/JavaScript/Reference/Global_Objects/Proxy/Proxy/ownKeys,handler.ownKeys(),javascript-instance-method,,javascript.builtins.Proxy.handler.ownKeys,,,,,
Web/JavaScript/Reference/Global_Objects/Proxy/Proxy/preventExtensions,handler.preventExtensions(),javascript-instance-method,,javascript.builtins.Proxy.handler.preventExtensions,,,,,
Web/JavaScript/Reference/Global_Objects/Proxy/Proxy/set,handler.set(),javascript-instance-method,,javascript.builtins.Proxy.handler.set,,,,,
Web/JavaScript/Reference/Global_Objects/Proxy/Proxy/setPrototypeOf,handler.setPrototypeOf(),javascript-instance-method,,javascript.builtins.Proxy.handler.setPrototypeOf,,,,,
Web/JavaScript/Reference/Global_Objects/Proxy/revocable,Proxy.revocable(),javascript-static-method,,javascript.builtins.Proxy.revocable,,,,,
Web/JavaScript/Reference/Global_Objects/RangeError,RangeError,javascript-class,,javascript.builtins.RangeError,,,,,
Web/JavaScript/Reference/Global_Objects/RangeError/RangeError,RangeError() constructor,javascript-constructor,,javascript.builtins.RangeError.RangeError,,,,,
Web/JavaScript/Reference/Global_Objects/ReferenceError,ReferenceError,javascript-class,,javascript.builtins.ReferenceError,,,,,
Web/JavaScript/Reference/Global_Objects/ReferenceError/ReferenceError,ReferenceError() constructor,javascript-constructor,,javascript.builtins.ReferenceError.ReferenceError,,,,,
Web/JavaScript/Reference/Global_Objects/Reflect,Reflect,javascript-namespace,,javascript.builtins.Reflect,,,,,
Web/JavaScript/Reference/Global_Objects/Reflect/apply,Reflect.apply(),javascript-static-method,,javascript.builtins.Reflect.apply,,,,,
Web/JavaScript/Reference/Global_Objects/Reflect/construct,Reflect.construct(),javascript-static-method,,javascript.builtins.Reflect.construct,,,,,
Web/JavaScript/Reference/Global_Objects/Reflect/defineProperty,Reflect.defineProperty(),javascript-static-method,,javascript.builtins.Reflect.defineProperty,,,,,
Web/JavaScript/Reference/Global_Objects/Reflect/deleteProperty,Reflect.deleteProperty(),javascript-static-method,,javascript.builtins.Reflect.deleteProperty,,,,,
Web/JavaScript/Reference/Global_Objects/Reflect/get,Reflect.get(),javascript-static-method,,javascript.builtins.Reflect.get,,,,,
Web/JavaScript/Reference/Global_Objects/Reflect/getOwnPropertyDescriptor,Reflect.getOwnPropertyDescriptor(),javascript-static-method,,javascript.builtins.Reflect.getOwnPropertyDescriptor,,,,,
Web/JavaScript/Reference/Global_Objects/Reflect/getPrototypeOf,Reflect.getPrototypeOf(),javascript-static-method,,javascript.builtins.Reflect.getPrototypeOf,,,,,
Web/JavaScript/Reference/Global_Objects/Reflect/has,Reflect.has(),javascript-static-method,,javascript.builtins.Reflect.has,,,,,
Web/JavaScript/Reference/Global_Objects/Reflect/isExtensible,Reflect.isExtensible(),javascript-static-method,,javascript.builtins.Reflect.isExtensible,,,,,
Web/JavaScript/Reference/Global_Objects/Reflect/ownKeys,Reflect.ownKeys(),javascript-static-method,,javascript.builtins.Reflect.ownKeys,,,,,
Web/JavaScript/Reference/Global_Objects/Reflect/preventExtensions,Reflect.preventExtensions(),javascript-static-method,,javascript.builtins.Reflect.preventExtensions,,,,,
Web/JavaScript/Reference/Global_Objects/Reflect/set,Reflect.set(),javascript-static-method,,javascript.builtins.Reflect.set,,,,,
Web/JavaScript/Reference/Global_Objects/Reflect/setPrototypeOf,Reflect.setPrototypeOf(),javascript-static-method,,javascript.builtins.Reflect.setPrototypeOf,,,,,
Web/JavaScript/Reference/Global_Objects/RegExp,RegExp,javascript-class,,javascript.builtins.RegExp,,,,,
Web/JavaScript/Reference/Global_Objects/RegExp/compile,RegExp.prototype.compile(),javascript-instance-method,deprecated,javascript.builtins.RegExp.compile,,,,,
Web/JavaScript/Reference/Global_Objects/RegExp/dotAll,RegExp.prototype.dotAll,javascript-instance-accessor-property,,javascript.builtins.RegExp.dotAll,,,,,
Web/JavaScript/Reference/Global_Objects/RegExp/escape,RegExp.escape(),javascript-static-method,,javascript.builtins.RegExp.escape,,,,,
Web/JavaScript/Reference/Global_Objects/RegExp/exec,RegExp.prototype.exec(),javascript-instance-method,,javascript.builtins.RegExp.exec,,,,,
Web/JavaScript/Reference/Global_Objects/RegExp/flags,RegExp.prototype.flags,javascript-instance-accessor-property,,javascript.builtins.RegExp.flags,,,,,
Web/JavaScript/Reference/Global_Objects/RegExp/global,RegExp.prototype.global,javascript-instance-accessor-property,,javascript.builtins.RegExp.global,,,,,
Web/JavaScript/Reference/Global_Objects/RegExp/hasIndices,RegExp.prototype.hasIndices,javascript-instance-accessor-property,,javascript.builtins.RegExp.hasIndices,,,,,
Web/JavaScript/Reference/Global_Objects/RegExp/ignoreCase,RegExp.prototype.ignoreCase,javascript-instance-accessor-property,,javascript.builtins.RegExp.ignoreCase,,,,,
Web/JavaScript/Reference/Global_Objects/RegExp/input,RegExp.input ($_),javascript-static-accessor-property,deprecated,javascript.builtins.RegExp.input,,,,,
Web/JavaScript/Reference/Global_Objects/RegExp/lastIndex,RegExp: lastIndex,javascript-instance-data-property,,javascript.builtins.RegExp.lastIndex,,,,,
Web/JavaScript/Reference/Global_Objects/RegExp/lastMatch,RegExp.lastMatch ($&),javascript-static-accessor-property,deprecated,javascript.builtins.RegExp.lastMatch,,,,,
Web/JavaScript/Reference/Global_Objects/RegExp/lastParen,RegExp.lastParen ($+),javascript-static-accessor-property,deprecated,javascript.builtins.RegExp.lastParen,,,,,
Web/JavaScript/Reference/Global_Objects/RegExp/leftContext,RegExp.leftContext ($`),javascript-static-accessor-property,deprecated,javascript.builtins.RegExp.leftContext,,,,,
Web/JavaScript/Reference/Global_Objects/RegExp/multiline,RegExp.prototype.multiline,javascript-instance-accessor-property,,javascript.builtins.RegExp.multiline,,,,,
Web/JavaScript/Reference/Global_Objects/RegExp/n,"RegExp.$1, …, RegExp.$9",javascript-static-accessor-property,deprecated,javascript.builtins.RegExp.n,,,,,
Web/JavaScript/Reference/Global_Objects/RegExp/RegExp,RegExp() constructor,javascript-constructor,,javascript.builtins.RegExp.RegExp,,,,,
Web/JavaScript/Reference/Global_Objects/RegExp/rightContext,RegExp.rightContext ($'),javascript-static-accessor-property,deprecated,javascript.builtins.RegExp.rightContext,,,,,
Web/JavaScript/Reference/Global_Objects/RegExp/source,RegExp.prototype.source,javascript-instance-accessor-property,,javascript.builtins.RegExp.source,,,,,
Web/JavaScript/Reference/Global_Objects/RegExp/sticky,RegExp.prototype.sticky,javascript-instance-accessor-property,,javascript.builtins.RegExp.sticky,,,,,
Web/JavaScript/Reference/Global_Objects/RegExp/Symbol.match,RegExp.prototype[Symbol.match](),javascript-instance-method,,javascript.builtins.RegExp.@@match,,,,,
Web/JavaScript/Reference/Global_Objects/RegExp/Symbol.matchAll,RegExp.prototype[Symbol.matchAll](),javascript-instance-method,,javascript.builtins.RegExp.@@matchAll,,,,,
Web/JavaScript/Reference/Global_Objects/RegExp/Symbol.replace,RegExp.prototype[Symbol.replace](),javascript-instance-method,,javascript.builtins.RegExp.@@replace,,,,,
Web/JavaScript/Reference/Global_Objects/RegExp/Symbol.search,RegExp.prototype[Symbol.search](),javascript-instance-method,,javascript.builtins.RegExp.@@search,,,,,
Web/JavaScript/Reference/Global_Objects/RegExp/Symbol.species,RegExp[Symbol.species],javascript-static-accessor-property,,javascript.builtins.RegExp.@@species,,,,,
Web/JavaScript/Reference/Global_Objects/RegExp/Symbol.split,RegExp.prototype[Symbol.split](),javascript-instance-method,,javascript.builtins.RegExp.@@split,,,,,
Web/JavaScript/Reference/Global_Objects/RegExp/test,RegExp.prototype.test(),javascript-instance-method,,javascript.builtins.RegExp.test,,,,,
Web/JavaScript/Reference/Global_Objects/RegExp/toString,RegExp.prototype.toString(),javascript-instance-method,,javascript.builtins.RegExp.toString,,,,,
Web/JavaScript/Reference/Global_Objects/RegExp/unicode,RegExp.prototype.unicode,javascript-instance-accessor-property,,javascript.builtins.RegExp.unicode,,,,,
Web/JavaScript/Reference/Global_Objects/RegExp/unicodeSets,RegExp.prototype.unicodeSets,javascript-instance-accessor-property,,javascript.builtins.RegExp.unicodeSets,,,,,
Web/JavaScript/Reference/Global_Objects/Set,Set,javascript-class,,javascript.builtins.Set,,,,,
Web/JavaScript/Reference/Global_Objects/Set/add,Set.prototype.add(),javascript-instance-method,,javascript.builtins.Set.add,,,,,
Web/JavaScript/Reference/Global_Objects/Set/clear,Set.prototype.clear(),javascript-instance-method,,javascript.builtins.Set.clear,,,,,
Web/JavaScript/Reference/Global_Objects/Set/delete,Set.prototype.delete(),javascript-instance-method,,javascript.builtins.Set.delete,,,,,
Web/JavaScript/Reference/Global_Objects/Set/difference,Set.prototype.difference(),javascript-instance-method,,javascript.builtins.Set.difference,,,,,
Web/JavaScript/Reference/Global_Objects/Set/entries,Set.prototype.entries(),javascript-instance-method,,javascript.builtins.Set.entries,,,,,
Web/JavaScript/Reference/Global_Objects/Set/forEach,Set.prototype.forEach(),javascript-instance-method,,javascript.builtins.Set.forEach,,,,,
Web/JavaScript/Reference/Global_Objects/Set/has,Set.prototype.has(),javascript-instance-method,,javascript.builtins.Set.has,,,,,
Web/JavaScript/Reference/Global_Objects/Set/intersection,Set.prototype.intersection(),javascript-instance-method,,javascript.builtins.Set.intersection,,,,,
Web/JavaScript/Reference/Global_Objects/Set/isDisjointFrom,Set.prototype.isDisjointFrom(),javascript-instance-method,,javascript.builtins.Set.isDisjointFrom,,,,,
Web/JavaScript/Reference/Global_Objects/Set/isSubsetOf,Set.prototype.isSubsetOf(),javascript-instance-method,,javascript.builtins.Set.isSubsetOf,,,,,
Web/JavaScript/Reference/Global_Objects/Set/isSupersetOf,Set.prototype.isSupersetOf(),javascript-instance-method,,javascript.builtins.Set.isSupersetOf,,,,,
Web/JavaScript/Reference/Global_Objects/Set/keys,Set.prototype.keys(),javascript-instance-method,,javascript.builtins.Set.keys,,,,,
Web/JavaScript/Reference/Global_Objects/Set/Set,Set() constructor,javascript-constructor,,javascript.builtins.Set.Set,,,,,
Web/JavaScript/Reference/Global_Objects/Set/size,Set.prototype.size,javascript-instance-accessor-property,,javascript.builtins.Set.size,,,,,
Web/JavaScript/Reference/Global_Objects/Set/Symbol.iterator,Set.prototype[Symbol.iterator](),javascript-instance-method,,javascript.builtins.Set.@@iterator,,,,,
Web/JavaScript/Reference/Global_Objects/Set/Symbol.species,Set[Symbol.species],javascript-static-accessor-property,,javascript.builtins.Set.@@species,,,,,
Web/JavaScript/Reference/Global_Objects/Set/symmetricDifference,Set.prototype.symmetricDifference(),javascript-instance-method,,javascript.builtins.Set.symmetricDifference,,,,,
Web/JavaScript/Reference/Global_Objects/Set/union,Set.prototype.union(),javascript-instance-method,,javascript.builtins.Set.union,,,,,
Web/JavaScript/Reference/Global_Objects/Set/values,Set.prototype.values(),javascript-instance-method,,javascript.builtins.Set.values,,,,,
Web/JavaScript/Reference/Global_Objects/SharedArrayBuffer,SharedArrayBuffer,javascript-class,,javascript.builtins.SharedArrayBuffer,,,,,
Web/JavaScript/Reference/Global_Objects/SharedArrayBuffer/byteLength,SharedArrayBuffer.prototype.byteLength,javascript-instance-accessor-property,,javascript.builtins.SharedArrayBuffer.byteLength,,,,,
Web/JavaScript/Reference/Global_Objects/SharedArrayBuffer/grow,SharedArrayBuffer.prototype.grow(),javascript-instance-method,,javascript.builtins.SharedArrayBuffer.grow,,,,,
Web/JavaScript/Reference/Global_Objects/SharedArrayBuffer/growable,SharedArrayBuffer.prototype.growable,javascript-instance-accessor-property,,javascript.builtins.SharedArrayBuffer.growable,,,,,
Web/JavaScript/Reference/Global_Objects/SharedArrayBuffer/maxByteLength,SharedArrayBuffer.prototype.maxByteLength,javascript-instance-accessor-property,,javascript.builtins.SharedArrayBuffer.maxByteLength,,,,,
Web/JavaScript/Reference/Global_Objects/SharedArrayBuffer/SharedArrayBuffer,SharedArrayBuffer() constructor,javascript-constructor,,javascript.builtins.SharedArrayBuffer.SharedArrayBuffer,,,,,
Web/JavaScript/Reference/Global_Objects/SharedArrayBuffer/slice,SharedArrayBuffer.prototype.slice(),javascript-instance-method,,javascript.builtins.SharedArrayBuffer.slice,,,,,
Web/JavaScript/Reference/Global_Objects/SharedArrayBuffer/Symbol.species,SharedArrayBuffer[Symbol.species],javascript-static-accessor-property,,javascript.builtins.SharedArrayBuffer.@@species,,,,,
Web/JavaScript/Reference/Global_Objects/String,String,javascript-class,,javascript.builtins.String,,,,,
Web/JavaScript/Reference/Global_Objects/String/anchor,String.prototype.anchor(),javascript-instance-method,deprecated,javascript.builtins.String.anchor,,,,,
Web/JavaScript/Reference/Global_Objects/String/at,String.prototype.at(),javascript-instance-method,,javascript.builtins.String.at,,,,,
Web/JavaScript/Reference/Global_Objects/String/big,String.prototype.big(),javascript-instance-method,deprecated,javascript.builtins.String.big,,,,,
Web/JavaScript/Reference/Global_Objects/String/blink,String.prototype.blink(),javascript-instance-method,deprecated,javascript.builtins.String.blink,,,,,
Web/JavaScript/Reference/Global_Objects/String/bold,String.prototype.bold(),javascript-instance-method,deprecated,javascript.builtins.String.bold,,,,,
Web/JavaScript/Reference/Global_Objects/String/charAt,String.prototype.charAt(),javascript-instance-method,,javascript.builtins.String.charAt,,,,,
Web/JavaScript/Reference/Global_Objects/String/charCodeAt,String.prototype.charCodeAt(),javascript-instance-method,,javascript.builtins.String.charCodeAt,,,,,
Web/JavaScript/Reference/Global_Objects/String/codePointAt,String.prototype.codePointAt(),javascript-instance-method,,javascript.builtins.String.codePointAt,,,,,
Web/JavaScript/Reference/Global_Objects/String/concat,String.prototype.concat(),javascript-instance-method,,javascript.builtins.String.concat,,,,,
Web/JavaScript/Reference/Global_Objects/String/endsWith,String.prototype.endsWith(),javascript-instance-method,,javascript.builtins.String.endsWith,,,,,
Web/JavaScript/Reference/Global_Objects/String/fixed,String.prototype.fixed(),javascript-instance-method,deprecated,javascript.builtins.String.fixed,,,,,
Web/JavaScript/Reference/Global_Objects/String/fontcolor,String.prototype.fontcolor(),javascript-instance-method,deprecated,javascript.builtins.String.fontcolor,,,,,
Web/JavaScript/Reference/Global_Objects/String/fontsize,String.prototype.fontsize(),javascript-instance-method,deprecated,javascript.builtins.String.fontsize,,,,,
Web/JavaScript/Reference/Global_Objects/String/fromCharCode,String.fromCharCode(),javascript-static-method,,javascript.builtins.String.fromCharCode,,,,,
Web/JavaScript/Reference/Global_Objects/String/fromCodePoint,String.fromCodePoint(),javascript-static-method,,javascript.builtins.String.fromCodePoint,,,,,
Web/JavaScript/Reference/Global_Objects/String/includes,String.prototype.includes(),javascript-instance-method,,javascript.builtins.String.includes,,,,,
Web/JavaScript/Reference/Global_Objects/String/indexOf,String.prototype.indexOf(),javascript-instance-method,,javascript.builtins.String.indexOf,,,,,
Web/JavaScript/Reference/Global_Objects/String/isWellFormed,String.prototype.isWellFormed(),javascript-instance-method,,javascript.builtins.String.isWellFormed,,,,,
Web/JavaScript/Reference/Global_Objects/String/italics,String.prototype.italics(),javascript-instance-method,deprecated,javascript.builtins.String.italics,,,,,
Web/JavaScript/Reference/Global_Objects/String/lastIndexOf,String.prototype.lastIndexOf(),javascript-instance-method,,javascript.builtins.String.lastIndexOf,,,,,
Web/JavaScript/Reference/Global_Objects/String/length,String: length,javascript-instance-data-property,,javascript.builtins.String.length,,,,,
Web/JavaScript/Reference/Global_Objects/String/link,String.prototype.link(),javascript-instance-method,deprecated,javascript.builtins.String.link,,,,,
Web/JavaScript/Reference/Global_Objects/String/localeCompare,String.prototype.localeCompare(),javascript-instance-method,,javascript.builtins.String.localeCompare,,,,,
Web/JavaScript/Reference/Global_Objects/String/match,String.prototype.match(),javascript-instance-method,,javascript.builtins.String.match,,,,,
Web/JavaScript/Reference/Global_Objects/String/matchAll,String.prototype.matchAll(),javascript-instance-method,,javascript.builtins.String.matchAll,,,,,
Web/JavaScript/Reference/Global_Objects/String/normalize,String.prototype.normalize(),javascript-instance-method,,javascript.builtins.String.normalize,,,,,
Web/JavaScript/Reference/Global_Objects/String/padEnd,String.prototype.padEnd(),javascript-instance-method,,javascript.builtins.String.padEnd,,,,,
Web/JavaScript/Reference/Global_Objects/String/padStart,String.prototype.padStart(),javascript-instance-method,,javascript.builtins.String.padStart,,,,,
Web/JavaScript/Reference/Global_Objects/String/raw,String.raw(),javascript-static-method,,javascript.builtins.String.raw,,,,,
Web/JavaScript/Reference/Global_Objects/String/repeat,String.prototype.repeat(),javascript-instance-method,,javascript.builtins.String.repeat,,,,,
Web/JavaScript/Reference/Global_Objects/String/replace,String.prototype.replace(),javascript-instance-method,,javascript.builtins.String.replace,,,,,
Web/JavaScript/Reference/Global_Objects/String/replaceAll,String.prototype.replaceAll(),javascript-instance-method,,javascript.builtins.String.replaceAll,,,,,
Web/JavaScript/Reference/Global_Objects/String/search,String.prototype.search(),javascript-instance-method,,javascript.builtins.String.search,,,,,
Web/JavaScript/Reference/Global_Objects/String/slice,String.prototype.slice(),javascript-instance-method,,javascript.builtins.String.slice,,,,,
Web/JavaScript/Reference/Global_Objects/String/small,String.prototype.small(),javascript-instance-method,deprecated,javascript.builtins.String.small,,,,,
Web/JavaScript/Reference/Global_Objects/String/split,String.prototype.split(),javascript-instance-method,,javascript.builtins.String.split,,,,,
Web/JavaScript/Reference/Global_Objects/String/startsWith,String.prototype.startsWith(),javascript-instance-method,,javascript.builtins.String.startsWith,,,,,
Web/JavaScript/Reference/Global_Objects/String/strike,String.prototype.strike(),javascript-instance-method,deprecated,javascript.builtins.String.strike,,,,,
Web/JavaScript/Reference/Global_Objects/String/String,String() constructor,javascript-constructor,,javascript.builtins.String.String,,,,,
Web/JavaScript/Reference/Global_Objects/String/sub,String.prototype.sub(),javascript-instance-method,deprecated,javascript.builtins.String.sub,,,,,
Web/JavaScript/Reference/Global_Objects/String/substr,String.prototype.substr(),javascript-instance-method,deprecated,javascript.builtins.String.substr,,,,,
Web/JavaScript/Reference/Global_Objects/String/substring,String.prototype.substring(),javascript-instance-method,,javascript.builtins.String.substring,,,,,
Web/JavaScript/Reference/Global_Objects/String/sup,String.prototype.sup(),javascript-instance-method,deprecated,javascript.builtins.String.sup,,,,,
Web/JavaScript/Reference/Global_Objects/String/Symbol.iterator,String.prototype[Symbol.iterator](),javascript-instance-method,,javascript.builtins.String.@@iterator,,,,,
Web/JavaScript/Reference/Global_Objects/String/toLocaleLowerCase,String.prototype.toLocaleLowerCase(),javascript-instance-method,,javascript.builtins.String.toLocaleLowerCase,,,,,
Web/JavaScript/Reference/Global_Objects/String/toLocaleUpperCase,String.prototype.toLocaleUpperCase(),javascript-instance-method,,javascript.builtins.String.toLocaleUpperCase,,,,,
Web/JavaScript/Reference/Global_Objects/String/toLowerCase,String.prototype.toLowerCase(),javascript-instance-method,,javascript.builtins.String.toLowerCase,,,,,
Web/JavaScript/Reference/Global_Objects/String/toString,String.prototype.toString(),javascript-instance-method,,javascript.builtins.String.toString,,,,,
Web/JavaScript/Reference/Global_Objects/String/toUpperCase,String.prototype.toUpperCase(),javascript-instance-method,,javascript.builtins.String.toUpperCase,,,,,
Web/JavaScript/Reference/Global_Objects/String/toWellFormed,String.prototype.toWellFormed(),javascript-instance-method,,javascript.builtins.String.toWellFormed,,,,,
Web/JavaScript/Reference/Global_Objects/String/trim,String.prototype.trim(),javascript-instance-method,,javascript.builtins.String.trim,,,,,
Web/JavaScript/Reference/Global_Objects/String/trimEnd,String.prototype.trimEnd(),javascript-instance-method,,javascript.builtins.String.trimEnd,,,,,
Web/JavaScript/Reference/Global_Objects/String/trimStart,String.prototype.trimStart(),javascript-instance-method,,javascript.builtins.String.trimStart,,,,,
Web/JavaScript/Reference/Global_Objects/String/valueOf,String.prototype.valueOf(),javascript-instance-method,,javascript.builtins.String.valueOf,,,,,
Web/JavaScript/Reference/Global_Objects/SuppressedError,SuppressedError,javascript-class,,javascript.builtins.SuppressedError,,,,,
Web/JavaScript/Reference/Global_Objects/SuppressedError/error,SuppressedError: error,javascript-instance-data-property,,javascript.builtins.SuppressedError.error,,,,,
Web/JavaScript/Reference/Global_Objects/SuppressedError/suppressed,SuppressedError: suppressed,javascript-instance-data-property,,javascript.builtins.SuppressedError.suppressed,,,,,
Web/JavaScript/Reference/Global_Objects/SuppressedError/SuppressedError,SuppressedError() constructor,javascript-constructor,,javascript.builtins.SuppressedError.SuppressedError,,,,,
Web/JavaScript/Reference/Global_Objects/Symbol,Symbol,javascript-class,,javascript.builtins.Symbol,,,,,
Web/JavaScript/Reference/Global_Objects/Symbol/asyncDispose,Symbol.asyncDispose,javascript-static-data-property,,javascript.builtins.Symbol.asyncDispose,,,,,
Web/JavaScript/Reference/Global_Objects/Symbol/asyncIterator,Symbol.asyncIterator,javascript-static-data-property,,javascript.builtins.Symbol.asyncIterator,,,,,
Web/JavaScript/Reference/Global_Objects/Symbol/description,Symbol.prototype.description,javascript-instance-accessor-property,,javascript.builtins.Symbol.description,,,,,
Web/JavaScript/Reference/Global_Objects/Symbol/dispose,Symbol.dispose,javascript-static-data-property,,javascript.builtins.Symbol.dispose,,,,,
Web/JavaScript/Reference/Global_Objects/Symbol/for,Symbol.for(),javascript-static-method,,javascript.builtins.Symbol.for,,,,,
Web/JavaScript/Reference/Global_Objects/Symbol/hasInstance,Symbol.hasInstance,javascript-static-data-property,,javascript.builtins.Symbol.hasInstance,,,,,
Web/JavaScript/Reference/Global_Objects/Symbol/isConcatSpreadable,Symbol.isConcatSpreadable,javascript-static-data-property,,javascript.builtins.Symbol.isConcatSpreadable,,,,,
Web/JavaScript/Reference/Global_Objects/Symbol/iterator,Symbol.iterator,javascript-static-data-property,,javascript.builtins.Symbol.iterator,,,,,
Web/JavaScript/Reference/Global_Objects/Symbol/keyFor,Symbol.keyFor(),javascript-static-method,,javascript.builtins.Symbol.keyFor,,,,,
Web/JavaScript/Reference/Global_Objects/Symbol/match,Symbol.match,javascript-static-data-property,,javascript.builtins.Symbol.match,,,,,
Web/JavaScript/Reference/Global_Objects/Symbol/matchAll,Symbol.matchAll,javascript-static-data-property,,javascript.builtins.Symbol.matchAll,,,,,
Web/JavaScript/Reference/Global_Objects/Symbol/replace,Symbol.replace,javascript-static-data-property,,javascript.builtins.Symbol.replace,,,,,
Web/JavaScript/Reference/Global_Objects/Symbol/search,Symbol.search,javascript-static-data-property,,javascript.builtins.Symbol.search,,,,,
Web/JavaScript/Reference/Global_Objects/Symbol/species,Symbol.species,javascript-static-data-property,,javascript.builtins.Symbol.species,,,,,
Web/JavaScript/Reference/Global_Objects/Symbol/split,Symbol.split,javascript-static-data-property,,javascript.builtins.Symbol.split,,,,,
Web/JavaScript/Reference/Global_Objects/Symbol/Symbol,Symbol() constructor,javascript-constructor,,javascript.builtins.Symbol.Symbol,,,,,
Web/JavaScript/Reference/Global_Objects/Symbol/Symbol.toPrimitive,Symbol.prototype[Symbol.toPrimitive](),javascript-instance-method,,javascript.builtins.Symbol.@@toPrimitive,,,,,
Web/JavaScript/Reference/Global_Objects/Symbol/toPrimitive,Symbol.toPrimitive,javascript-static-data-property,,javascript.builtins.Symbol.toPrimitive,,,,,
Web/JavaScript/Reference/Global_Objects/Symbol/toString,Symbol.prototype.toString(),javascript-instance-method,,javascript.builtins.Symbol.toString,,,,,
Web/JavaScript/Reference/Global_Objects/Symbol/toStringTag,Symbol.toStringTag,javascript-static-data-property,,javascript.builtins.Symbol.toStringTag,,,,,
Web/JavaScript/Reference/Global_Objects/Symbol/unscopables,Symbol.unscopables,javascript-static-data-property,,javascript.builtins.Symbol.unscopables,,,,,
Web/JavaScript/Reference/Global_Objects/Symbol/valueOf,Symbol.prototype.valueOf(),javascript-instance-method,,javascript.builtins.Symbol.valueOf,,,,,
Web/JavaScript/Reference/Global_Objects/SyntaxError,SyntaxError,javascript-class,,javascript.builtins.SyntaxError,,,,,
Web/JavaScript/Reference/Global_Objects/SyntaxError/SyntaxError,SyntaxError() constructor,javascript-constructor,,javascript.builtins.SyntaxError.SyntaxError,,,,,
Web/JavaScript/Reference/Global_Objects/Temporal,Temporal,javascript-namespace,,javascript.builtins.Temporal,,,,,
Web/JavaScript/Reference/Global_Objects/Temporal/Duration,Temporal.Duration,javascript-class,,javascript.builtins.Temporal.Duration,,,,,
Web/JavaScript/Reference/Global_Objects/Temporal/Duration/abs,Temporal.Duration.prototype.abs(),javascript-instance-method,,javascript.builtins.Temporal.Duration.abs,,,,,
Web/JavaScript/Reference/Global_Objects/Temporal/Duration/add,Temporal.Duration.prototype.add(),javascript-instance-method,,javascript.builtins.Temporal.Duration.add,,,,,
Web/JavaScript/Reference/Global_Objects/Temporal/Duration/blank,Temporal.Duration.prototype.blank,javascript-instance-accessor-property,,javascript.builtins.Temporal.Duration.blank,,,,,
Web/JavaScript/Reference/Global_Objects/Temporal/Duration/compare,Temporal.Duration.compare(),javascript-static-method,,javascript.builtins.Temporal.Duration.compare,,,,,
Web/JavaScript/Reference/Global_Objects/Temporal/Duration/days,Temporal.Duration.prototype.days,javascript-instance-accessor-property,,javascript.builtins.Temporal.Duration.days,,,,,
Web/JavaScript/Reference/Global_Objects/Temporal/Duration/Duration,Temporal.Duration() constructor,javascript-constructor,,javascript.builtins.Temporal.Duration.Duration,,,,,
Web/JavaScript/Reference/Global_Objects/Temporal/Duration/from,Temporal.Duration.from(),javascript-static-method,,javascript.builtins.Temporal.Duration.from,,,,,
Web/JavaScript/Reference/Global_Objects/Temporal/Duration/hours,Temporal.Duration.prototype.hours,javascript-instance-accessor-property,,javascript.builtins.Temporal.Duration.hours,,,,,
Web/JavaScript/Reference/Global_Objects/Temporal/Duration/microseconds,Temporal.Duration.prototype.microseconds,javascript-instance-accessor-property,,javascript.builtins.Temporal.Duration.microseconds,,,,,
Web/JavaScript/Reference/Global_Objects/Temporal/Duration/milliseconds,Temporal.Duration.prototype.milliseconds,javascript-instance-accessor-property,,javascript.builtins.Temporal.Duration.milliseconds,,,,,
Web/JavaScript/Reference/Global_Objects/Temporal/Duration/minutes,Temporal.Duration.prototype.minutes,javascript-instance-accessor-property,,javascript.builtins.Temporal.Duration.minutes,,,,,
Web/JavaScript/Reference/Global_Objects/Temporal/Duration/months,Temporal.Duration.prototype.months,javascript-instance-accessor-property,,javascript.builtins.Temporal.Duration.months,,,,,
Web/JavaScript/Reference/Global_Objects/Temporal/Duration/nanoseconds,Temporal.Duration.prototype.nanoseconds,javascript-instance-accessor-property,,javascript.builtins.Temporal.Duration.nanoseconds,,,,,
Web/JavaScript/Reference/Global_Objects/Temporal/Duration/negated,Temporal.Duration.prototype.negated(),javascript-instance-method,,javascript.builtins.Temporal.Duration.negated,,,,,
Web/JavaScript/Reference/Global_Objects/Temporal/Duration/round,Temporal.Duration.prototype.round(),javascript-instance-method,,javascript.builtins.Temporal.Duration.round,,,,,
Web/JavaScript/Reference/Global_Objects/Temporal/Duration/seconds,Temporal.Duration.prototype.seconds,javascript-instance-accessor-property,,javascript.builtins.Temporal.Duration.seconds,,,,,
Web/JavaScript/Reference/Global_Objects/Temporal/Duration/sign,Temporal.Duration.prototype.sign,javascript-instance-accessor-property,,javascript.builtins.Temporal.Duration.sign,,,,,
Web/JavaScript/Reference/Global_Objects/Temporal/Duration/subtract,Temporal.Duration.prototype.subtract(),javascript-instance-method,,javascript.builtins.Temporal.Duration.subtract,,,,,
Web/JavaScript/Reference/Global_Objects/Temporal/Duration/toJSON,Temporal.Duration.prototype.toJSON(),javascript-instance-method,,javascript.builtins.Temporal.Duration.toJSON,,,,,
Web/JavaScript/Reference/Global_Objects/Temporal/Duration/toLocaleString,Temporal.Duration.prototype.toLocaleString(),javascript-instance-method,,javascript.builtins.Temporal.Duration.toLocaleString,,,,,
Web/JavaScript/Reference/Global_Objects/Temporal/Duration/toString,Temporal.Duration.prototype.toString(),javascript-instance-method,,javascript.builtins.Temporal.Duration.toString,,,,,
Web/JavaScript/Reference/Global_Objects/Temporal/Duration/total,Temporal.Duration.prototype.total(),javascript-instance-method,,javascript.builtins.Temporal.Duration.total,,,,,
Web/JavaScript/Reference/Global_Objects/Temporal/Duration/valueOf,Temporal.Duration.prototype.valueOf(),javascript-instance-method,,javascript.builtins.Temporal.Duration.valueOf,,,,,
Web/JavaScript/Reference/Global_Objects/Temporal/Duration/weeks,Temporal.Duration.prototype.weeks,javascript-instance-accessor-property,,javascript.builtins.Temporal.Duration.weeks,,,,,
Web/JavaScript/Reference/Global_Objects/Temporal/Duration/with,Temporal.Duration.prototype.with(),javascript-instance-method,,javascript.builtins.Temporal.Duration.with,,,,,
Web/JavaScript/Reference/Global_Objects/Temporal/Duration/years,Temporal.Duration.prototype.years,javascript-instance-accessor-property,,javascript.builtins.Temporal.Duration.years,,,,,
Web/JavaScript/Reference/Global_Objects/Temporal/Instant,Temporal.Instant,javascript-class,,javascript.builtins.Temporal.Instant,,,,,
Web/JavaScript/Reference/Global_Objects/Temporal/Instant/add,Temporal.Instant.prototype.add(),javascript-instance-method,,javascript.builtins.Temporal.Instant.add,,,,,
Web/JavaScript/Reference/Global_Objects/Temporal/Instant/compare,Temporal.Instant.compare(),javascript-static-method,,javascript.builtins.Temporal.Instant.compare,,,,,
Web/JavaScript/Reference/Global_Objects/Temporal/Instant/epochMilliseconds,Temporal.Instant.prototype.epochMilliseconds,javascript-instance-accessor-property,,javascript.builtins.Temporal.Instant.epochMilliseconds,,,,,
Web/JavaScript/Reference/Global_Objects/Temporal/Instant/epochNanoseconds,Temporal.Instant.prototype.epochNanoseconds,javascript-instance-accessor-property,,javascript.builtins.Temporal.Instant.epochNanoseconds,,,,,
Web/JavaScript/Reference/Global_Objects/Temporal/Instant/equals,Temporal.Instant.prototype.equals(),javascript-instance-method,,javascript.builtins.Temporal.Instant.equals,,,,,
Web/JavaScript/Reference/Global_Objects/Temporal/Instant/from,Temporal.Instant.from(),javascript-static-method,,javascript.builtins.Temporal.Instant.from,,,,,
Web/JavaScript/Reference/Global_Objects/Temporal/Instant/fromEpochMilliseconds,Temporal.Instant.fromEpochMilliseconds(),javascript-static-method,,javascript.builtins.Temporal.Instant.fromEpochMilliseconds,,,,,
Web/JavaScript/Reference/Global_Objects/Temporal/Instant/fromEpochNanoseconds,Temporal.Instant.fromEpochNanoseconds(),javascript-static-method,,javascript.builtins.Temporal.Instant.fromEpochNanoseconds,,,,,
Web/JavaScript/Reference/Global_Objects/Temporal/Instant/Instant,Temporal.Instant() constructor,javascript-constructor,,javascript.builtins.Temporal.Instant.Instant,,,,,
Web/JavaScript/Reference/Global_Objects/Temporal/Instant/round,Temporal.Instant.prototype.round(),javascript-instance-method,,javascript.builtins.Temporal.Instant.round,,,,,
Web/JavaScript/Reference/Global_Objects/Temporal/Instant/since,Temporal.Instant.prototype.since(),javascript-instance-method,,javascript.builtins.Temporal.Instant.since,,,,,
Web/JavaScript/Reference/Global_Objects/Temporal/Instant/subtract,Temporal.Instant.prototype.subtract(),javascript-instance-method,,javascript.builtins.Temporal.Instant.subtract,,,,,
Web/JavaScript/Reference/Global_Objects/Temporal/Instant/toJSON,Temporal.Instant.prototype.toJSON(),javascript-instance-method,,javascript.builtins.Temporal.Instant.toJSON,,,,,
Web/JavaScript/Reference/Global_Objects/Temporal/Instant/toLocaleString,Temporal.Instant.prototype.toLocaleString(),javascript-instance-method,,javascript.builtins.Temporal.Instant.toLocaleString,,,,,
Web/JavaScript/Reference/Global_Objects/Temporal/Instant/toString,Temporal.Instant.prototype.toString(),javascript-instance-method,,javascript.builtins.Temporal.Instant.toString,,,,,
Web/JavaScript/Reference/Global_Objects/Temporal/Instant/toZonedDateTimeISO,Temporal.Instant.prototype.toZonedDateTimeISO(),javascript-instance-method,,javascript.builtins.Temporal.Instant.toZonedDateTimeISO,,,,,
Web/JavaScript/Reference/Global_Objects/Temporal/Instant/until,Temporal.Instant.prototype.until(),javascript-instance-method,,javascript.builtins.Temporal.Instant.until,,,,,
Web/JavaScript/Reference/Global_Objects/Temporal/Instant/valueOf,Temporal.Instant.prototype.valueOf(),javascript-instance-method,,javascript.builtins.Temporal.Instant.valueOf,,,,,
Web/JavaScript/Reference/Global_Objects/Temporal/Now,Temporal.Now,javascript-namespace,,javascript.builtins.Temporal.Now,,,,,
Web/JavaScript/Reference/Global_Objects/Temporal/Now/instant,Temporal.Now.instant(),javascript-static-method,,javascript.builtins.Temporal.Now.instant,,,,,
Web/JavaScript/Reference/Global_Objects/Temporal/Now/plainDateISO,Temporal.Now.plainDateISO(),javascript-static-method,,javascript.builtins.Temporal.Now.plainDateISO,,,,,
Web/JavaScript/Reference/Global_Objects/Temporal/Now/plainDateTimeISO,Temporal.Now.plainDateTimeISO(),javascript-static-method,,javascript.builtins.Temporal.Now.plainDateTimeISO,,,,,
Web/JavaScript/Reference/Global_Objects/Temporal/Now/plainTimeISO,Temporal.Now.plainTimeISO(),javascript-static-method,,javascript.builtins.Temporal.Now.plainTimeISO,,,,,
Web/JavaScript/Reference/Global_Objects/Temporal/Now/timeZoneId,Temporal.Now.timeZoneId(),javascript-static-method,,javascript.builtins.Temporal.Now.timeZoneId,,,,,
Web/JavaScript/Reference/Global_Objects/Temporal/Now/zonedDateTimeISO,Temporal.Now.zonedDateTimeISO(),javascript-static-method,,javascript.builtins.Temporal.Now.zonedDateTimeISO,,,,,
Web/JavaScript/Reference/Global_Objects/Temporal/PlainDate,Temporal.PlainDate,javascript-class,,javascript.builtins.Temporal.PlainDate,,,,,
Web/JavaScript/Reference/Global_Objects/Temporal/PlainDate/add,Temporal.PlainDate.prototype.add(),javascript-instance-method,,javascript.builtins.Temporal.PlainDate.add,,,,,
Web/JavaScript/Reference/Global_Objects/Temporal/PlainDate/calendarId,Temporal.PlainDate.prototype.calendarId,javascript-instance-accessor-property,,javascript.builtins.Temporal.PlainDate.calendarId,,,,,
Web/JavaScript/Reference/Global_Objects/Temporal/PlainDate/compare,Temporal.PlainDate.compare(),javascript-static-method,,javascript.builtins.Temporal.PlainDate.compare,,,,,
Web/JavaScript/Reference/Global_Objects/Temporal/PlainDate/day,Temporal.PlainDate.prototype.day,javascript-instance-accessor-property,,javascript.builtins.Temporal.PlainDate.day,,,,,
Web/JavaScript/Reference/Global_Objects/Temporal/PlainDate/dayOfWeek,Temporal.PlainDate.prototype.dayOfWeek,javascript-instance-accessor-property,,javascript.builtins.Temporal.PlainDate.dayOfWeek,,,,,
Web/JavaScript/Reference/Global_Objects/Temporal/PlainDate/dayOfYear,Temporal.PlainDate.prototype.dayOfYear,javascript-instance-accessor-property,,javascript.builtins.Temporal.PlainDate.dayOfYear,,,,,
Web/JavaScript/Reference/Global_Objects/Temporal/PlainDate/daysInMonth,Temporal.PlainDate.prototype.daysInMonth,javascript-instance-accessor-property,,javascript.builtins.Temporal.PlainDate.daysInMonth,,,,,
Web/JavaScript/Reference/Global_Objects/Temporal/PlainDate/daysInWeek,Temporal.PlainDate.prototype.daysInWeek,javascript-instance-accessor-property,,javascript.builtins.Temporal.PlainDate.daysInWeek,,,,,
Web/JavaScript/Reference/Global_Objects/Temporal/PlainDate/daysInYear,Temporal.PlainDate.prototype.daysInYear,javascript-instance-accessor-property,,javascript.builtins.Temporal.PlainDate.daysInYear,,,,,
Web/JavaScript/Reference/Global_Objects/Temporal/PlainDate/equals,Temporal.PlainDate.prototype.equals(),javascript-instance-method,,javascript.builtins.Temporal.PlainDate.equals,,,,,
Web/JavaScript/Reference/Global_Objects/Temporal/PlainDate/era,Temporal.PlainDate.prototype.era,javascript-instance-accessor-property,,javascript.builtins.Temporal.PlainDate.era,,,,,
Web/JavaScript/Reference/Global_Objects/Temporal/PlainDate/eraYear,Temporal.PlainDate.prototype.eraYear,javascript-instance-accessor-property,,javascript.builtins.Temporal.PlainDate.eraYear,,,,,
Web/JavaScript/Reference/Global_Objects/Temporal/PlainDate/from,Temporal.PlainDate.from(),javascript-static-method,,javascript.builtins.Temporal.PlainDate.from,,,,,
Web/JavaScript/Reference/Global_Objects/Temporal/PlainDate/inLeapYear,Temporal.PlainDate.prototype.inLeapYear,javascript-instance-accessor-property,,javascript.builtins.Temporal.PlainDate.inLeapYear,,,,,
Web/JavaScript/Reference/Global_Objects/Temporal/PlainDate/month,Temporal.PlainDate.prototype.month,javascript-instance-accessor-property,,javascript.builtins.Temporal.PlainDate.month,,,,,
Web/JavaScript/Reference/Global_Objects/Temporal/PlainDate/monthCode,Temporal.PlainDate.prototype.monthCode,javascript-instance-accessor-property,,javascript.builtins.Temporal.PlainDate.monthCode,,,,,
Web/JavaScript/Reference/Global_Objects/Temporal/PlainDate/monthsInYear,Temporal.PlainDate.prototype.monthsInYear,javascript-instance-accessor-property,,javascript.builtins.Temporal.PlainDate.monthsInYear,,,,,
Web/JavaScript/Reference/Global_Objects/Temporal/PlainDate/PlainDate,Temporal.PlainDate() constructor,javascript-constructor,,javascript.builtins.Temporal.PlainDate.PlainDate,,,,,
Web/JavaScript/Reference/Global_Objects/Temporal/PlainDate/since,Temporal.PlainDate.prototype.since(),javascript-instance-method,,javascript.builtins.Temporal.PlainDate.since,,,,,
Web/JavaScript/Reference/Global_Objects/Temporal/PlainDate/subtract,Temporal.PlainDate.prototype.subtract(),javascript-instance-method,,javascript.builtins.Temporal.PlainDate.subtract,,,,,
Web/JavaScript/Reference/Global_Objects/Temporal/PlainDate/toJSON,Temporal.PlainDate.prototype.toJSON(),javascript-instance-method,,javascript.builtins.Temporal.PlainDate.toJSON,,,,,
Web/JavaScript/Reference/Global_Objects/Temporal/PlainDate/toLocaleString,Temporal.PlainDate.prototype.toLocaleString(),javascript-instance-method,,javascript.builtins.Temporal.PlainDate.toLocaleString,,,,,
Web/JavaScript/Reference/Global_Objects/Temporal/PlainDate/toPlainDateTime,Temporal.PlainDate.prototype.toPlainDateTime(),javascript-instance-method,,javascript.builtins.Temporal.PlainDate.toPlainDateTime,,,,,
Web/JavaScript/Reference/Global_Objects/Temporal/PlainDate/toPlainMonthDay,Temporal.PlainDate.prototype.toPlainMonthDay(),javascript-instance-method,,javascript.builtins.Temporal.PlainDate.toPlainMonthDay,,,,,
Web/JavaScript/Reference/Global_Objects/Temporal/PlainDate/toPlainYearMonth,Temporal.PlainDate.prototype.toPlainYearMonth(),javascript-instance-method,,javascript.builtins.Temporal.PlainDate.toPlainYearMonth,,,,,
Web/JavaScript/Reference/Global_Objects/Temporal/PlainDate/toString,Temporal.PlainDate.prototype.toString(),javascript-instance-method,,javascript.builtins.Temporal.PlainDate.toString,,,,,
Web/JavaScript/Reference/Global_Objects/Temporal/PlainDate/toZonedDateTime,Temporal.PlainDate.prototype.toZonedDateTime(),javascript-instance-method,,javascript.builtins.Temporal.PlainDate.toZonedDateTime,,,,,
Web/JavaScript/Reference/Global_Objects/Temporal/PlainDate/until,Temporal.PlainDate.prototype.until(),javascript-instance-method,,javascript.builtins.Temporal.PlainDate.until,,,,,
Web/JavaScript/Reference/Global_Objects/Temporal/PlainDate/valueOf,Temporal.PlainDate.prototype.valueOf(),javascript-instance-method,,javascript.builtins.Temporal.PlainDate.valueOf,,,,,
Web/JavaScript/Reference/Global_Objects/Temporal/PlainDate/weekOfYear,Temporal.PlainDate.prototype.weekOfYear,javascript-instance-accessor-property,,javascript.builtins.Temporal.PlainDate.weekOfYear,,,,,
Web/JavaScript/Reference/Global_Objects/Temporal/PlainDate/with,Temporal.PlainDate.prototype.with(),javascript-instance-method,,javascript.builtins.Temporal.PlainDate.with,,,,,
Web/JavaScript/Reference/Global_Objects/Temporal/PlainDate/withCalendar,Temporal.PlainDate.prototype.withCalendar(),javascript-instance-method,,javascript.builtins.Temporal.PlainDate.withCalendar,,,,,
Web/JavaScript/Reference/Global_Objects/Temporal/PlainDate/year,Temporal.PlainDate.prototype.year,javascript-instance-accessor-property,,javascript.builtins.Temporal.PlainDate.year,,,,,
Web/JavaScript/Reference/Global_Objects/Temporal/PlainDate/yearOfWeek,Temporal.PlainDate.prototype.yearOfWeek,javascript-instance-accessor-property,,javascript.builtins.Temporal.PlainDate.yearOfWeek,,,,,
Web/JavaScript/Reference/Global_Objects/Temporal/PlainDateTime,Temporal.PlainDateTime,javascript-class,,javascript.builtins.Temporal.PlainDateTime,,,,,
Web/JavaScript/Reference/Global_Objects/Temporal/PlainDateTime/add,Temporal.PlainDateTime.prototype.add(),javascript-instance-method,,javascript.builtins.Temporal.PlainDateTime.add,,,,,
Web/JavaScript/Reference/Global_Objects/Temporal/PlainDateTime/calendarId,Temporal.PlainDateTime.prototype.calendarId,javascript-instance-accessor-property,,javascript.builtins.Temporal.PlainDateTime.calendarId,,,,,
Web/JavaScript/Reference/Global_Objects/Temporal/PlainDateTime/compare,Temporal.PlainDateTime.compare(),javascript-static-method,,javascript.builtins.Temporal.PlainDateTime.compare,,,,,
Web/JavaScript/Reference/Global_Objects/Temporal/PlainDateTime/day,Temporal.PlainDateTime.prototype.day,javascript-instance-accessor-property,,javascript.builtins.Temporal.PlainDateTime.day,,,,,
Web/JavaScript/Reference/Global_Objects/Temporal/PlainDateTime/dayOfWeek,Temporal.PlainDateTime.prototype.dayOfWeek,javascript-instance-accessor-property,,javascript.builtins.Temporal.PlainDateTime.dayOfWeek,,,,,
Web/JavaScript/Reference/Global_Objects/Temporal/PlainDateTime/dayOfYear,Temporal.PlainDateTime.prototype.dayOfYear,javascript-instance-accessor-property,,javascript.builtins.Temporal.PlainDateTime.dayOfYear,,,,,
Web/JavaScript/Reference/Global_Objects/Temporal/PlainDateTime/daysInMonth,Temporal.PlainDateTime.prototype.daysInMonth,javascript-instance-accessor-property,,javascript.builtins.Temporal.PlainDateTime.daysInMonth,,,,,
Web/JavaScript/Reference/Global_Objects/Temporal/PlainDateTime/daysInWeek,Temporal.PlainDateTime.prototype.daysInWeek,javascript-instance-accessor-property,,javascript.builtins.Temporal.PlainDateTime.daysInWeek,,,,,
Web/JavaScript/Reference/Global_Objects/Temporal/PlainDateTime/daysInYear,Temporal.PlainDateTime.prototype.daysInYear,javascript-instance-accessor-property,,javascript.builtins.Temporal.PlainDateTime.daysInYear,,,,,
Web/JavaScript/Reference/Global_Objects/Temporal/PlainDateTime/equals,Temporal.PlainDateTime.prototype.equals(),javascript-instance-method,,javascript.builtins.Temporal.PlainDateTime.equals,,,,,
Web/JavaScript/Reference/Global_Objects/Temporal/PlainDateTime/era,Temporal.PlainDateTime.prototype.era,javascript-instance-accessor-property,,javascript.builtins.Temporal.PlainDateTime.era,,,,,
Web/JavaScript/Reference/Global_Objects/Temporal/PlainDateTime/eraYear,Temporal.PlainDateTime.prototype.eraYear,javascript-instance-accessor-property,,javascript.builtins.Temporal.PlainDateTime.eraYear,,,,,
Web/JavaScript/Reference/Global_Objects/Temporal/PlainDateTime/from,Temporal.PlainDateTime.from(),javascript-static-method,,javascript.builtins.Temporal.PlainDateTime.from,,,,,
Web/JavaScript/Reference/Global_Objects/Temporal/PlainDateTime/hour,Temporal.PlainDateTime.prototype.hour,javascript-instance-accessor-property,,javascript.builtins.Temporal.PlainDateTime.hour,,,,,
Web/JavaScript/Reference/Global_Objects/Temporal/PlainDateTime/inLeapYear,Temporal.PlainDateTime.prototype.inLeapYear,javascript-instance-accessor-property,,javascript.builtins.Temporal.PlainDateTime.inLeapYear,,,,,
Web/JavaScript/Reference/Global_Objects/Temporal/PlainDateTime/microsecond,Temporal.PlainDateTime.prototype.microsecond,javascript-instance-accessor-property,,javascript.builtins.Temporal.PlainDateTime.microsecond,,,,,
Web/JavaScript/Reference/Global_Objects/Temporal/PlainDateTime/millisecond,Temporal.PlainDateTime.prototype.millisecond,javascript-instance-accessor-property,,javascript.builtins.Temporal.PlainDateTime.millisecond,,,,,
Web/JavaScript/Reference/Global_Objects/Temporal/PlainDateTime/minute,Temporal.PlainDateTime.prototype.minute,javascript-instance-accessor-property,,javascript.builtins.Temporal.PlainDateTime.minute,,,,,
Web/JavaScript/Reference/Global_Objects/Temporal/PlainDateTime/month,Temporal.PlainDateTime.prototype.month,javascript-instance-accessor-property,,javascript.builtins.Temporal.PlainDateTime.month,,,,,
Web/JavaScript/Reference/Global_Objects/Temporal/PlainDateTime/monthCode,Temporal.PlainDateTime.prototype.monthCode,javascript-instance-accessor-property,,javascript.builtins.Temporal.PlainDateTime.monthCode,,,,,
Web/JavaScript/Reference/Global_Objects/Temporal/PlainDateTime/monthsInYear,Temporal.PlainDateTime.prototype.monthsInYear,javascript-instance-accessor-property,,javascript.builtins.Temporal.PlainDateTime.monthsInYear,,,,,
Web/JavaScript/Reference/Global_Objects/Temporal/PlainDateTime/nanosecond,Temporal.PlainDateTime.prototype.nanosecond,javascript-instance-accessor-property,,javascript.builtins.Temporal.PlainDateTime.nanosecond,,,,,
Web/JavaScript/Reference/Global_Objects/Temporal/PlainDateTime/PlainDateTime,Temporal.PlainDateTime() constructor,javascript-constructor,,javascript.builtins.Temporal.PlainDateTime.PlainDateTime,,,,,
Web/JavaScript/Reference/Global_Objects/Temporal/PlainDateTime/round,Temporal.PlainDateTime.prototype.round(),javascript-instance-method,,javascript.builtins.Temporal.PlainDateTime.round,,,,,
Web/JavaScript/Reference/Global_Objects/Temporal/PlainDateTime/second,Temporal.PlainDateTime.prototype.second,javascript-instance-accessor-property,,javascript.builtins.Temporal.PlainDateTime.second,,,,,
Web/JavaScript/Reference/Global_Objects/Temporal/PlainDateTime/since,Temporal.PlainDateTime.prototype.since(),javascript-instance-method,,javascript.builtins.Temporal.PlainDateTime.since,,,,,
Web/JavaScript/Reference/Global_Objects/Temporal/PlainDateTime/subtract,Temporal.PlainDateTime.prototype.subtract(),javascript-instance-method,,javascript.builtins.Temporal.PlainDateTime.subtract,,,,,
Web/JavaScript/Reference/Global_Objects/Temporal/PlainDateTime/toJSON,Temporal.PlainDateTime.prototype.toJSON(),javascript-instance-method,,javascript.builtins.Temporal.PlainDateTime.toJSON,,,,,
Web/JavaScript/Reference/Global_Objects/Temporal/PlainDateTime/toLocaleString,Temporal.PlainDateTime.prototype.toLocaleString(),javascript-instance-method,,javascript.builtins.Temporal.PlainDateTime.toLocaleString,,,,,
Web/JavaScript/Reference/Global_Objects/Temporal/PlainDateTime/toPlainDate,Temporal.PlainDateTime.prototype.toPlainDate(),javascript-instance-method,,javascript.builtins.Temporal.PlainDateTime.toPlainDate,,,,,
Web/JavaScript/Reference/Global_Objects/Temporal/PlainDateTime/toPlainTime,Temporal.PlainDateTime.prototype.toPlainTime(),javascript-instance-method,,javascript.builtins.Temporal.PlainDateTime.toPlainTime,,,,,
Web/JavaScript/Reference/Global_Objects/Temporal/PlainDateTime/toString,Temporal.PlainDateTime.prototype.toString(),javascript-instance-method,,javascript.builtins.Temporal.PlainDateTime.toString,,,,,
Web/JavaScript/Reference/Global_Objects/Temporal/PlainDateTime/toZonedDateTime,Temporal.PlainDateTime.prototype.toZonedDateTime(),javascript-instance-method,,javascript.builtins.Temporal.PlainDateTime.toZonedDateTime,,,,,
Web/JavaScript/Reference/Global_Objects/Temporal/PlainDateTime/until,Temporal.PlainDateTime.prototype.until(),javascript-instance-method,,javascript.builtins.Temporal.PlainDateTime.until,,,,,
Web/JavaScript/Reference/Global_Objects/Temporal/PlainDateTime/valueOf,Temporal.PlainDateTime.prototype.valueOf(),javascript-instance-method,,javascript.builtins.Temporal.PlainDateTime.valueOf,,,,,
Web/JavaScript/Reference/Global_Objects/Temporal/PlainDateTime/weekOfYear,Temporal.PlainDateTime.prototype.weekOfYear,javascript-instance-accessor-property,,javascript.builtins.Temporal.PlainDateTime.weekOfYear,,,,,
Web/JavaScript/Reference/Global_Objects/Temporal/PlainDateTime/with,Temporal.PlainDateTime.prototype.with(),javascript-instance-method,,javascript.builtins.Temporal.PlainDateTime.with,,,,,
Web/JavaScript/Reference/Global_Objects/Temporal/PlainDateTime/withCalendar,Temporal.PlainDateTime.prototype.withCalendar(),javascript-instance-method,,javascript.builtins.Temporal.PlainDateTime.withCalendar,,,,,
Web/JavaScript/Reference/Global_Objects/Temporal/PlainDateTime/withPlainTime,Temporal.PlainDateTime.prototype.withPlainTime(),javascript-instance-method,,javascript.builtins.Temporal.PlainDateTime.withPlainTime,,,,,
Web/JavaScript/Reference/Global_Objects/Temporal/PlainDateTime/year,Temporal.PlainDateTime.prototype.year,javascript-instance-accessor-property,,javascript.builtins.Temporal.PlainDateTime.year,,,,,
Web/JavaScript/Reference/Global_Objects/Temporal/PlainDateTime/yearOfWeek,Temporal.PlainDateTime.prototype.yearOfWeek,javascript-instance-accessor-property,,javascript.builtins.Temporal.PlainDateTime.yearOfWeek,,,,,
Web/JavaScript/Reference/Global_Objects/Temporal/PlainMonthDay,Temporal.PlainMonthDay,javascript-class,,javascript.builtins.Temporal.PlainMonthDay,,,,,
Web/JavaScript/Reference/Global_Objects/Temporal/PlainMonthDay/calendarId,Temporal.PlainMonthDay.prototype.calendarId,javascript-instance-accessor-property,,javascript.builtins.Temporal.PlainMonthDay.calendarId,,,,,
Web/JavaScript/Reference/Global_Objects/Temporal/PlainMonthDay/day,Temporal.PlainMonthDay.prototype.day,javascript-instance-accessor-property,,javascript.builtins.Temporal.PlainMonthDay.day,,,,,
Web/JavaScript/Reference/Global_Objects/Temporal/PlainMonthDay/equals,Temporal.PlainMonthDay.prototype.equals(),javascript-instance-method,,javascript.builtins.Temporal.PlainMonthDay.equals,,,,,
Web/JavaScript/Reference/Global_Objects/Temporal/PlainMonthDay/from,Temporal.PlainMonthDay.from(),javascript-static-method,,javascript.builtins.Temporal.PlainMonthDay.from,,,,,
Web/JavaScript/Reference/Global_Objects/Temporal/PlainMonthDay/monthCode,Temporal.PlainMonthDay.prototype.monthCode,javascript-instance-accessor-property,,javascript.builtins.Temporal.PlainMonthDay.monthCode,,,,,
Web/JavaScript/Reference/Global_Objects/Temporal/PlainMonthDay/PlainMonthDay,Temporal.PlainMonthDay() constructor,javascript-constructor,,javascript.builtins.Temporal.PlainMonthDay.PlainMonthDay,,,,,
Web/JavaScript/Reference/Global_Objects/Temporal/PlainMonthDay/toJSON,Temporal.PlainMonthDay.prototype.toJSON(),javascript-instance-method,,javascript.builtins.Temporal.PlainMonthDay.toJSON,,,,,
Web/JavaScript/Reference/Global_Objects/Temporal/PlainMonthDay/toLocaleString,Temporal.PlainMonthDay.prototype.toLocaleString(),javascript-instance-method,,javascript.builtins.Temporal.PlainMonthDay.toLocaleString,,,,,
Web/JavaScript/Reference/Global_Objects/Temporal/PlainMonthDay/toPlainDate,Temporal.PlainMonthDay.prototype.toPlainDate(),javascript-instance-method,,javascript.builtins.Temporal.PlainMonthDay.toPlainDate,,,,,
Web/JavaScript/Reference/Global_Objects/Temporal/PlainMonthDay/toString,Temporal.PlainMonthDay.prototype.toString(),javascript-instance-method,,javascript.builtins.Temporal.PlainMonthDay.toString,,,,,
Web/JavaScript/Reference/Global_Objects/Temporal/PlainMonthDay/valueOf,Temporal.PlainMonthDay.prototype.valueOf(),javascript-instance-method,,javascript.builtins.Temporal.PlainMonthDay.valueOf,,,,,
Web/JavaScript/Reference/Global_Objects/Temporal/PlainMonthDay/with,Temporal.PlainMonthDay.prototype.with(),javascript-instance-method,,javascript.builtins.Temporal.PlainMonthDay.with,,,,,
Web/JavaScript/Reference/Global_Objects/Temporal/PlainTime,Temporal.PlainTime,javascript-class,,javascript.builtins.Temporal.PlainTime,,,,,
Web/JavaScript/Reference/Global_Objects/Temporal/PlainTime/add,Temporal.PlainTime.prototype.add(),javascript-instance-method,,javascript.builtins.Temporal.PlainTime.add,,,,,
Web/JavaScript/Reference/Global_Objects/Temporal/PlainTime/compare,Temporal.PlainTime.compare(),javascript-static-method,,javascript.builtins.Temporal.PlainTime.compare,,,,,
Web/JavaScript/Reference/Global_Objects/Temporal/PlainTime/equals,Temporal.PlainTime.prototype.equals(),javascript-instance-method,,javascript.builtins.Temporal.PlainTime.equals,,,,,
Web/JavaScript/Reference/Global_Objects/Temporal/PlainTime/from,Temporal.PlainTime.from(),javascript-static-method,,javascript.builtins.Temporal.PlainTime.from,,,,,
Web/JavaScript/Reference/Global_Objects/Temporal/PlainTime/hour,Temporal.PlainTime.prototype.hour,javascript-instance-accessor-property,,javascript.builtins.Temporal.PlainTime.hour,,,,,
Web/JavaScript/Reference/Global_Objects/Temporal/PlainTime/microsecond,Temporal.PlainTime.prototype.microsecond,javascript-instance-accessor-property,,javascript.builtins.Temporal.PlainTime.microsecond,,,,,
Web/JavaScript/Reference/Global_Objects/Temporal/PlainTime/millisecond,Temporal.PlainTime.prototype.millisecond,javascript-instance-accessor-property,,javascript.builtins.Temporal.PlainTime.millisecond,,,,,
Web/JavaScript/Reference/Global_Objects/Temporal/PlainTime/minute,Temporal.PlainTime.prototype.minute,javascript-instance-accessor-property,,javascript.builtins.Temporal.PlainTime.minute,,,,,
Web/JavaScript/Reference/Global_Objects/Temporal/PlainTime/nanosecond,Temporal.PlainTime.prototype.nanosecond,javascript-instance-accessor-property,,javascript.builtins.Temporal.PlainTime.nanosecond,,,,,
Web/JavaScript/Reference/Global_Objects/Temporal/PlainTime/PlainTime,Temporal.PlainTime() constructor,javascript-constructor,,javascript.builtins.Temporal.PlainTime.PlainTime,,,,,
Web/JavaScript/Reference/Global_Objects/Temporal/PlainTime/round,Temporal.PlainTime.prototype.round(),javascript-instance-method,,javascript.builtins.Temporal.PlainTime.round,,,,,
Web/JavaScript/Reference/Global_Objects/Temporal/PlainTime/second,Temporal.PlainTime.prototype.second,javascript-instance-accessor-property,,javascript.builtins.Temporal.PlainTime.second,,,,,
Web/JavaScript/Reference/Global_Objects/Temporal/PlainTime/since,Temporal.PlainTime.prototype.since(),javascript-instance-method,,javascript.builtins.Temporal.PlainTime.since,,,,,
Web/JavaScript/Reference/Global_Objects/Temporal/PlainTime/subtract,Temporal.PlainTime.prototype.subtract(),javascript-instance-method,,javascript.builtins.Temporal.PlainTime.subtract,,,,,
Web/JavaScript/Reference/Global_Objects/Temporal/PlainTime/toJSON,Temporal.PlainTime.prototype.toJSON(),javascript-instance-method,,javascript.builtins.Temporal.PlainTime.toJSON,,,,,
Web/JavaScript/Reference/Global_Objects/Temporal/PlainTime/toLocaleString,Temporal.PlainTime.prototype.toLocaleString(),javascript-instance-method,,javascript.builtins.Temporal.PlainTime.toLocaleString,,,,,
Web/JavaScript/Reference/Global_Objects/Temporal/PlainTime/toString,Temporal.PlainTime.prototype.toString(),javascript-instance-method,,javascript.builtins.Temporal.PlainTime.toString,,,,,
Web/JavaScript/Reference/Global_Objects/Temporal/PlainTime/until,Temporal.PlainTime.prototype.until(),javascript-instance-method,,javascript.builtins.Temporal.PlainTime.until,,,,,
Web/JavaScript/Reference/Global_Objects/Temporal/PlainTime/valueOf,Temporal.PlainTime.prototype.valueOf(),javascript-instance-method,,javascript.builtins.Temporal.PlainTime.valueOf,,,,,
Web/JavaScript/Reference/Global_Objects/Temporal/PlainTime/with,Temporal.PlainTime.prototype.with(),javascript-instance-method,,javascript.builtins.Temporal.PlainTime.with,,,,,
Web/JavaScript/Reference/Global_Objects/Temporal/PlainYearMonth,Temporal.PlainYearMonth,javascript-class,,javascript.builtins.Temporal.PlainYearMonth,,,,,
Web/JavaScript/Reference/Global_Objects/Temporal/PlainYearMonth/add,Temporal.PlainYearMonth.prototype.add(),javascript-instance-method,,javascript.builtins.Temporal.PlainYearMonth.add,,,,,
Web/JavaScript/Reference/Global_Objects/Temporal/PlainYearMonth/calendarId,Temporal.PlainYearMonth.prototype.calendarId,javascript-instance-accessor-property,,javascript.builtins.Temporal.PlainYearMonth.calendarId,,,,,
Web/JavaScript/Reference/Global_Objects/Temporal/PlainYearMonth/compare,Temporal.PlainYearMonth.compare(),javascript-static-method,,javascript.builtins.Temporal.PlainYearMonth.compare,,,,,
Web/JavaScript/Reference/Global_Objects/Temporal/PlainYearMonth/daysInMonth,Temporal.PlainYearMonth.prototype.daysInMonth,javascript-instance-accessor-property,,javascript.builtins.Temporal.PlainYearMonth.daysInMonth,,,,,
Web/JavaScript/Reference/Global_Objects/Temporal/PlainYearMonth/daysInYear,Temporal.PlainYearMonth.prototype.daysInYear,javascript-instance-accessor-property,,javascript.builtins.Temporal.PlainYearMonth.daysInYear,,,,,
Web/JavaScript/Reference/Global_Objects/Temporal/PlainYearMonth/equals,Temporal.PlainYearMonth.prototype.equals(),javascript-instance-method,,javascript.builtins.Temporal.PlainYearMonth.equals,,,,,
Web/JavaScript/Reference/Global_Objects/Temporal/PlainYearMonth/era,Temporal.PlainYearMonth.prototype.era,javascript-instance-accessor-property,,javascript.builtins.Temporal.PlainYearMonth.era,,,,,
Web/JavaScript/Reference/Global_Objects/Temporal/PlainYearMonth/eraYear,Temporal.PlainYearMonth.prototype.eraYear,javascript-instance-accessor-property,,javascript.builtins.Temporal.PlainYearMonth.eraYear,,,,,
Web/JavaScript/Reference/Global_Objects/Temporal/PlainYearMonth/from,Temporal.PlainYearMonth.from(),javascript-static-method,,javascript.builtins.Temporal.PlainYearMonth.from,,,,,
Web/JavaScript/Reference/Global_Objects/Temporal/PlainYearMonth/inLeapYear,Temporal.PlainYearMonth.prototype.inLeapYear,javascript-instance-accessor-property,,javascript.builtins.Temporal.PlainYearMonth.inLeapYear,,,,,
Web/JavaScript/Reference/Global_Objects/Temporal/PlainYearMonth/month,Temporal.PlainYearMonth.prototype.month,javascript-instance-accessor-property,,javascript.builtins.Temporal.PlainYearMonth.month,,,,,
Web/JavaScript/Reference/Global_Objects/Temporal/PlainYearMonth/monthCode,Temporal.PlainYearMonth.prototype.monthCode,javascript-instance-accessor-property,,javascript.builtins.Temporal.PlainYearMonth.monthCode,,,,,
Web/JavaScript/Reference/Global_Objects/Temporal/PlainYearMonth/monthsInYear,Temporal.PlainYearMonth.prototype.monthsInYear,javascript-instance-accessor-property,,javascript.builtins.Temporal.PlainYearMonth.monthsInYear,,,,,
Web/JavaScript/Reference/Global_Objects/Temporal/PlainYearMonth/PlainYearMonth,Temporal.PlainYearMonth() constructor,javascript-constructor,,javascript.builtins.Temporal.PlainYearMonth.PlainYearMonth,,,,,
Web/JavaScript/Reference/Global_Objects/Temporal/PlainYearMonth/since,Temporal.PlainYearMonth.prototype.since(),javascript-instance-method,,javascript.builtins.Temporal.PlainYearMonth.since,,,,,
Web/JavaScript/Reference/Global_Objects/Temporal/PlainYearMonth/subtract,Temporal.PlainYearMonth.prototype.subtract(),javascript-instance-method,,javascript.builtins.Temporal.PlainYearMonth.subtract,,,,,
Web/JavaScript/Reference/Global_Objects/Temporal/PlainYearMonth/toJSON,Temporal.PlainYearMonth.prototype.toJSON(),javascript-instance-method,,javascript.builtins.Temporal.PlainYearMonth.toJSON,,,,,
Web/JavaScript/Reference/Global_Objects/Temporal/PlainYearMonth/toLocaleString,Temporal.PlainYearMonth.prototype.toLocaleString(),javascript-instance-method,,javascript.builtins.Temporal.PlainYearMonth.toLocaleString,,,,,
Web/JavaScript/Reference/Global_Objects/Temporal/PlainYearMonth/toPlainDate,Temporal.PlainYearMonth.prototype.toPlainDate(),javascript-instance-method,,javascript.builtins.Temporal.PlainYearMonth.toPlainDate,,,,,
Web/JavaScript/Reference/Global_Objects/Temporal/PlainYearMonth/toString,Temporal.PlainYearMonth.prototype.toString(),javascript-instance-method,,javascript.builtins.Temporal.PlainYearMonth.toString,,,,,
Web/JavaScript/Reference/Global_Objects/Temporal/PlainYearMonth/until,Temporal.PlainYearMonth.prototype.until(),javascript-instance-method,,javascript.builtins.Temporal.PlainYearMonth.until,,,,,
Web/JavaScript/Reference/Global_Objects/Temporal/PlainYearMonth/valueOf,Temporal.PlainYearMonth.prototype.valueOf(),javascript-instance-method,,javascript.builtins.Temporal.PlainYearMonth.valueOf,,,,,
Web/JavaScript/Reference/Global_Objects/Temporal/PlainYearMonth/with,Temporal.PlainYearMonth.prototype.with(),javascript-instance-method,,javascript.builtins.Temporal.PlainYearMonth.with,,,,,
Web/JavaScript/Reference/Global_Objects/Temporal/PlainYearMonth/year,Temporal.PlainYearMonth.prototype.year,javascript-instance-accessor-property,,javascript.builtins.Temporal.PlainYearMonth.year,,,,,
Web/JavaScript/Reference/Global_Objects/Temporal/ZonedDateTime,Temporal.ZonedDateTime,javascript-class,,javascript.builtins.Temporal.ZonedDateTime,,,,,
Web/JavaScript/Reference/Global_Objects/Temporal/ZonedDateTime/add,Temporal.ZonedDateTime.prototype.add(),javascript-instance-method,,javascript.builtins.Temporal.ZonedDateTime.add,,,,,
Web/JavaScript/Reference/Global_Objects/Temporal/ZonedDateTime/calendarId,Temporal.ZonedDateTime.prototype.calendarId,javascript-instance-accessor-property,,javascript.builtins.Temporal.ZonedDateTime.calendarId,,,,,
Web/JavaScript/Reference/Global_Objects/Temporal/ZonedDateTime/compare,Temporal.ZonedDateTime.compare(),javascript-static-method,,javascript.builtins.Temporal.ZonedDateTime.compare,,,,,
Web/JavaScript/Reference/Global_Objects/Temporal/ZonedDateTime/day,Temporal.ZonedDateTime.prototype.day,javascript-instance-accessor-property,,javascript.builtins.Temporal.ZonedDateTime.day,,,,,
Web/JavaScript/Reference/Global_Objects/Temporal/ZonedDateTime/dayOfWeek,Temporal.ZonedDateTime.prototype.dayOfWeek,javascript-instance-accessor-property,,javascript.builtins.Temporal.ZonedDateTime.dayOfWeek,,,,,
Web/JavaScript/Reference/Global_Objects/Temporal/ZonedDateTime/dayOfYear,Temporal.ZonedDateTime.prototype.dayOfYear,javascript-instance-accessor-property,,javascript.builtins.Temporal.ZonedDateTime.dayOfYear,,,,,
Web/JavaScript/Reference/Global_Objects/Temporal/ZonedDateTime/daysInMonth,Temporal.ZonedDateTime.prototype.daysInMonth,javascript-instance-accessor-property,,javascript.builtins.Temporal.ZonedDateTime.daysInMonth,,,,,
Web/JavaScript/Reference/Global_Objects/Temporal/ZonedDateTime/daysInWeek,Temporal.ZonedDateTime.prototype.daysInWeek,javascript-instance-accessor-property,,javascript.builtins.Temporal.ZonedDateTime.daysInWeek,,,,,
Web/JavaScript/Reference/Global_Objects/Temporal/ZonedDateTime/daysInYear,Temporal.ZonedDateTime.prototype.daysInYear,javascript-instance-accessor-property,,javascript.builtins.Temporal.ZonedDateTime.daysInYear,,,,,
Web/JavaScript/Reference/Global_Objects/Temporal/ZonedDateTime/epochMilliseconds,Temporal.ZonedDateTime.prototype.epochMilliseconds,javascript-instance-accessor-property,,javascript.builtins.Temporal.ZonedDateTime.epochMilliseconds,,,,,
Web/JavaScript/Reference/Global_Objects/Temporal/ZonedDateTime/epochNanoseconds,Temporal.ZonedDateTime.prototype.epochNanoseconds,javascript-instance-accessor-property,,javascript.builtins.Temporal.ZonedDateTime.epochNanoseconds,,,,,
Web/JavaScript/Reference/Global_Objects/Temporal/ZonedDateTime/equals,Temporal.ZonedDateTime.prototype.equals(),javascript-instance-method,,javascript.builtins.Temporal.ZonedDateTime.equals,,,,,
Web/JavaScript/Reference/Global_Objects/Temporal/ZonedDateTime/era,Temporal.ZonedDateTime.prototype.era,javascript-instance-accessor-property,,javascript.builtins.Temporal.ZonedDateTime.era,,,,,
Web/JavaScript/Reference/Global_Objects/Temporal/ZonedDateTime/eraYear,Temporal.ZonedDateTime.prototype.eraYear,javascript-instance-accessor-property,,javascript.builtins.Temporal.ZonedDateTime.eraYear,,,,,
Web/JavaScript/Reference/Global_Objects/Temporal/ZonedDateTime/from,Temporal.ZonedDateTime.from(),javascript-static-method,,javascript.builtins.Temporal.ZonedDateTime.from,,,,,
Web/JavaScript/Reference/Global_Objects/Temporal/ZonedDateTime/getTimeZoneTransition,Temporal.ZonedDateTime.prototype.getTimeZoneTransition(),javascript-instance-method,,javascript.builtins.Temporal.ZonedDateTime.getTimeZoneTransition,,,,,
Web/JavaScript/Reference/Global_Objects/Temporal/ZonedDateTime/hour,Temporal.ZonedDateTime.prototype.hour,javascript-instance-accessor-property,,javascript.builtins.Temporal.ZonedDateTime.hour,,,,,
Web/JavaScript/Reference/Global_Objects/Temporal/ZonedDateTime/hoursInDay,Temporal.ZonedDateTime.prototype.hoursInDay,javascript-instance-accessor-property,,javascript.builtins.Temporal.ZonedDateTime.hoursInDay,,,,,
Web/JavaScript/Reference/Global_Objects/Temporal/ZonedDateTime/inLeapYear,Temporal.ZonedDateTime.prototype.inLeapYear,javascript-instance-accessor-property,,javascript.builtins.Temporal.ZonedDateTime.inLeapYear,,,,,
Web/JavaScript/Reference/Global_Objects/Temporal/ZonedDateTime/microsecond,Temporal.ZonedDateTime.prototype.microsecond,javascript-instance-accessor-property,,javascript.builtins.Temporal.ZonedDateTime.microsecond,,,,,
Web/JavaScript/Reference/Global_Objects/Temporal/ZonedDateTime/millisecond,Temporal.ZonedDateTime.prototype.millisecond,javascript-instance-accessor-property,,javascript.builtins.Temporal.ZonedDateTime.millisecond,,,,,
Web/JavaScript/Reference/Global_Objects/Temporal/ZonedDateTime/minute,Temporal.ZonedDateTime.prototype.minute,javascript-instance-accessor-property,,javascript.builtins.Temporal.ZonedDateTime.minute,,,,,
Web/JavaScript/Reference/Global_Objects/Temporal/ZonedDateTime/month,Temporal.ZonedDateTime.prototype.month,javascript-instance-accessor-property,,javascript.builtins.Temporal.ZonedDateTime.month,,,,,
Web/JavaScript/Reference/Global_Objects/Temporal/ZonedDateTime/monthCode,Temporal.ZonedDateTime.prototype.monthCode,javascript-instance-accessor-property,,javascript.builtins.Temporal.ZonedDateTime.monthCode,,,,,
Web/JavaScript/Reference/Global_Objects/Temporal/ZonedDateTime/monthsInYear,Temporal.ZonedDateTime.prototype.monthsInYear,javascript-instance-accessor-property,,javascript.builtins.Temporal.ZonedDateTime.monthsInYear,,,,,
Web/JavaScript/Reference/Global_Objects/Temporal/ZonedDateTime/nanosecond,Temporal.ZonedDateTime.prototype.nanosecond,javascript-instance-accessor-property,,javascript.builtins.Temporal.ZonedDateTime.nanosecond,,,,,
Web/JavaScript/Reference/Global_Objects/Temporal/ZonedDateTime/offset,Temporal.ZonedDateTime.prototype.offset,javascript-instance-accessor-property,,javascript.builtins.Temporal.ZonedDateTime.offset,,,,,
Web/JavaScript/Reference/Global_Objects/Temporal/ZonedDateTime/offsetNanoseconds,Temporal.ZonedDateTime.prototype.offsetNanoseconds,javascript-instance-accessor-property,,javascript.builtins.Temporal.ZonedDateTime.offsetNanoseconds,,,,,
Web/JavaScript/Reference/Global_Objects/Temporal/ZonedDateTime/round,Temporal.ZonedDateTime.prototype.round(),javascript-instance-method,,javascript.builtins.Temporal.ZonedDateTime.round,,,,,
Web/JavaScript/Reference/Global_Objects/Temporal/ZonedDateTime/second,Temporal.ZonedDateTime.prototype.second,javascript-instance-accessor-property,,javascript.builtins.Temporal.ZonedDateTime.second,,,,,
Web/JavaScript/Reference/Global_Objects/Temporal/ZonedDateTime/since,Temporal.ZonedDateTime.prototype.since(),javascript-instance-method,,javascript.builtins.Temporal.ZonedDateTime.since,,,,,
Web/JavaScript/Reference/Global_Objects/Temporal/ZonedDateTime/startOfDay,Temporal.ZonedDateTime.prototype.startOfDay(),javascript-instance-method,,javascript.builtins.Temporal.ZonedDateTime.startOfDay,,,,,
Web/JavaScript/Reference/Global_Objects/Temporal/ZonedDateTime/subtract,Temporal.ZonedDateTime.prototype.subtract(),javascript-instance-method,,javascript.builtins.Temporal.ZonedDateTime.subtract,,,,,
Web/JavaScript/Reference/Global_Objects/Temporal/ZonedDateTime/timeZoneId,Temporal.ZonedDateTime.prototype.timeZoneId,javascript-instance-accessor-property,,javascript.builtins.Temporal.ZonedDateTime.timeZoneId,,,,,
Web/JavaScript/Reference/Global_Objects/Temporal/ZonedDateTime/toInstant,Temporal.ZonedDateTime.prototype.toInstant(),javascript-instance-method,,javascript.builtins.Temporal.ZonedDateTime.toInstant,,,,,
Web/JavaScript/Reference/Global_Objects/Temporal/ZonedDateTime/toJSON,Temporal.ZonedDateTime.prototype.toJSON(),javascript-instance-method,,javascript.builtins.Temporal.ZonedDateTime.toJSON,,,,,
Web/JavaScript/Reference/Global_Objects/Temporal/ZonedDateTime/toLocaleString,Temporal.ZonedDateTime.prototype.toLocaleString(),javascript-instance-method,,javascript.builtins.Temporal.ZonedDateTime.toLocaleString,,,,,
Web/JavaScript/Reference/Global_Objects/Temporal/ZonedDateTime/toPlainDate,Temporal.ZonedDateTime.prototype.toPlainDate(),javascript-instance-method,,javascript.builtins.Temporal.ZonedDateTime.toPlainDate,,,,,
Web/JavaScript/Reference/Global_Objects/Temporal/ZonedDateTime/toPlainDateTime,Temporal.ZonedDateTime.prototype.toPlainDateTime(),javascript-instance-method,,javascript.builtins.Temporal.ZonedDateTime.toPlainDateTime,,,,,
Web/JavaScript/Reference/Global_Objects/Temporal/ZonedDateTime/toPlainTime,Temporal.ZonedDateTime.prototype.toPlainTime(),javascript-instance-method,,javascript.builtins.Temporal.ZonedDateTime.toPlainTime,,,,,
Web/JavaScript/Reference/Global_Objects/Temporal/ZonedDateTime/toString,Temporal.ZonedDateTime.prototype.toString(),javascript-instance-method,,javascript.builtins.Temporal.ZonedDateTime.toString,,,,,
Web/JavaScript/Reference/Global_Objects/Temporal/ZonedDateTime/until,Temporal.ZonedDateTime.prototype.until(),javascript-instance-method,,javascript.builtins.Temporal.ZonedDateTime.until,,,,,
Web/JavaScript/Reference/Global_Objects/Temporal/ZonedDateTime/valueOf,Temporal.ZonedDateTime.prototype.valueOf(),javascript-instance-method,,javascript.builtins.Temporal.ZonedDateTime.valueOf,,,,,
Web/JavaScript/Reference/Global_Objects/Temporal/ZonedDateTime/weekOfYear,Temporal.ZonedDateTime.prototype.weekOfYear,javascript-instance-accessor-property,,javascript.builtins.Temporal.ZonedDateTime.weekOfYear,,,,,
Web/JavaScript/Reference/Global_Objects/Temporal/ZonedDateTime/with,Temporal.ZonedDateTime.prototype.with(),javascript-instance-method,,javascript.builtins.Temporal.ZonedDateTime.with,,,,,
Web/JavaScript/Reference/Global_Objects/Temporal/ZonedDateTime/withCalendar,Temporal.ZonedDateTime.prototype.withCalendar(),javascript-instance-method,,javascript.builtins.Temporal.ZonedDateTime.withCalendar,,,,,
Web/JavaScript/Reference/Global_Objects/Temporal/ZonedDateTime/withPlainTime,Temporal.ZonedDateTime.prototype.withPlainTime(),javascript-instance-method,,javascript.builtins.Temporal.ZonedDateTime.withPlainTime,,,,,
Web/JavaScript/Reference/Global_Objects/Temporal/ZonedDateTime/withTimeZone,Temporal.ZonedDateTime.prototype.withTimeZone(),javascript-instance-method,,javascript.builtins.Temporal.ZonedDateTime.withTimeZone,,,,,
Web/JavaScript/Reference/Global_Objects/Temporal/ZonedDateTime/year,Temporal.ZonedDateTime.prototype.year,javascript-instance-accessor-property,,javascript.builtins.Temporal.ZonedDateTime.year,,,,,
Web/JavaScript/Reference/Global_Objects/Temporal/ZonedDateTime/yearOfWeek,Temporal.ZonedDateTime.prototype.yearOfWeek,javascript-instance-accessor-property,,javascript.builtins.Temporal.ZonedDateTime.yearOfWeek,,,,,
Web/JavaScript/Reference/Global_Objects/Temporal/ZonedDateTime/ZonedDateTime,Temporal.ZonedDateTime() constructor,javascript-constructor,,javascript.builtins.Temporal.ZonedDateTime.ZonedDateTime,,,,,
Web/JavaScript/Reference/Global_Objects/TypedArray,TypedArray,javascript-class,,javascript.builtins.TypedArray,,,,,
Web/JavaScript/Reference/Global_Objects/TypedArray/at,TypedArray.prototype.at(),javascript-instance-method,,javascript.builtins.TypedArray.at,,,,,
Web/JavaScript/Reference/Global_Objects/TypedArray/buffer,TypedArray.prototype.buffer,javascript-instance-accessor-property,,javascript.builtins.TypedArray.buffer,,,,,
Web/JavaScript/Reference/Global_Objects/TypedArray/byteLength,TypedArray.prototype.byteLength,javascript-instance-accessor-property,,javascript.builtins.TypedArray.byteLength,,,,,
Web/JavaScript/Reference/Global_Objects/TypedArray/byteOffset,TypedArray.prototype.byteOffset,javascript-instance-accessor-property,,javascript.builtins.TypedArray.byteOffset,,,,,
Web/JavaScript/Reference/Global_Objects/TypedArray/BYTES_PER_ELEMENT,TypedArray.BYTES_PER_ELEMENT,javascript-static-data-property,,javascript.builtins.TypedArray.BYTES_PER_ELEMENT,,,,,
Web/JavaScript/Reference/Global_Objects/TypedArray/copyWithin,TypedArray.prototype.copyWithin(),javascript-instance-method,,javascript.builtins.TypedArray.copyWithin,,,,,
Web/JavaScript/Reference/Global_Objects/TypedArray/entries,TypedArray.prototype.entries(),javascript-instance-method,,javascript.builtins.TypedArray.entries,,,,,
Web/JavaScript/Reference/Global_Objects/TypedArray/every,TypedArray.prototype.every(),javascript-instance-method,,javascript.builtins.TypedArray.every,,,,,
Web/JavaScript/Reference/Global_Objects/TypedArray/fill,TypedArray.prototype.fill(),javascript-instance-method,,javascript.builtins.TypedArray.fill,,,,,
Web/JavaScript/Reference/Global_Objects/TypedArray/filter,TypedArray.prototype.filter(),javascript-instance-method,,javascript.builtins.TypedArray.filter,,,,,
Web/JavaScript/Reference/Global_Objects/TypedArray/find,TypedArray.prototype.find(),javascript-instance-method,,javascript.builtins.TypedArray.find,,,,,
Web/JavaScript/Reference/Global_Objects/TypedArray/findIndex,TypedArray.prototype.findIndex(),javascript-instance-method,,javascript.builtins.TypedArray.findIndex,,,,,
Web/JavaScript/Reference/Global_Objects/TypedArray/findLast,TypedArray.prototype.findLast(),javascript-instance-method,,javascript.builtins.TypedArray.findLast,,,,,
Web/JavaScript/Reference/Global_Objects/TypedArray/findLastIndex,TypedArray.prototype.findLastIndex(),javascript-instance-method,,javascript.builtins.TypedArray.findLastIndex,,,,,
Web/JavaScript/Reference/Global_Objects/TypedArray/forEach,TypedArray.prototype.forEach(),javascript-instance-method,,javascript.builtins.TypedArray.forEach,,,,,
Web/JavaScript/Reference/Global_Objects/TypedArray/from,TypedArray.from(),javascript-static-method,,javascript.builtins.TypedArray.from,,,,,
Web/JavaScript/Reference/Global_Objects/TypedArray/includes,TypedArray.prototype.includes(),javascript-instance-method,,javascript.builtins.TypedArray.includes,,,,,
Web/JavaScript/Reference/Global_Objects/TypedArray/indexOf,TypedArray.prototype.indexOf(),javascript-instance-method,,javascript.builtins.TypedArray.indexOf,,,,,
Web/JavaScript/Reference/Global_Objects/TypedArray/join,TypedArray.prototype.join(),javascript-instance-method,,javascript.builtins.TypedArray.join,,,,,
Web/JavaScript/Reference/Global_Objects/TypedArray/keys,TypedArray.prototype.keys(),javascript-instance-method,,javascript.builtins.TypedArray.keys,,,,,
Web/JavaScript/Reference/Global_Objects/TypedArray/lastIndexOf,TypedArray.prototype.lastIndexOf(),javascript-instance-method,,javascript.builtins.TypedArray.lastIndexOf,,,,,
Web/JavaScript/Reference/Global_Objects/TypedArray/length,TypedArray.prototype.length,javascript-instance-accessor-property,,javascript.builtins.TypedArray.length,,,,,
Web/JavaScript/Reference/Global_Objects/TypedArray/map,TypedArray.prototype.map(),javascript-instance-method,,javascript.builtins.TypedArray.map,,,,,
Web/JavaScript/Reference/Global_Objects/TypedArray/of,TypedArray.of(),javascript-static-method,,javascript.builtins.TypedArray.of,,,,,
Web/JavaScript/Reference/Global_Objects/TypedArray/reduce,TypedArray.prototype.reduce(),javascript-instance-method,,javascript.builtins.TypedArray.reduce,,,,,
Web/JavaScript/Reference/Global_Objects/TypedArray/reduceRight,TypedArray.prototype.reduceRight(),javascript-instance-method,,javascript.builtins.TypedArray.reduceRight,,,,,
Web/JavaScript/Reference/Global_Objects/TypedArray/reverse,TypedArray.prototype.reverse(),javascript-instance-method,,javascript.builtins.TypedArray.reverse,,,,,
Web/JavaScript/Reference/Global_Objects/TypedArray/set,TypedArray.prototype.set(),javascript-instance-method,,javascript.builtins.TypedArray.set,,,,,
Web/JavaScript/Reference/Global_Objects/TypedArray/slice,TypedArray.prototype.slice(),javascript-instance-method,,javascript.builtins.TypedArray.slice,,,,,
Web/JavaScript/Reference/Global_Objects/TypedArray/some,TypedArray.prototype.some(),javascript-instance-method,,javascript.builtins.TypedArray.some,,,,,
Web/JavaScript/Reference/Global_Objects/TypedArray/sort,TypedArray.prototype.sort(),javascript-instance-method,,javascript.builtins.TypedArray.sort,,,,,
Web/JavaScript/Reference/Global_Objects/TypedArray/subarray,TypedArray.prototype.subarray(),javascript-instance-method,,javascript.builtins.TypedArray.subarray,,,,,
Web/JavaScript/Reference/Global_Objects/TypedArray/Symbol.iterator,TypedArray.prototype[Symbol.iterator](),javascript-instance-method,,javascript.builtins.TypedArray.@@iterator,,,,,
Web/JavaScript/Reference/Global_Objects/TypedArray/Symbol.species,TypedArray[Symbol.species],javascript-static-accessor-property,,javascript.builtins.TypedArray.@@species,,,,,
Web/JavaScript/Reference/Global_Objects/TypedArray/toLocaleString,TypedArray.prototype.toLocaleString(),javascript-instance-method,,javascript.builtins.TypedArray.toLocaleString,,,,,
Web/JavaScript/Reference/Global_Objects/TypedArray/toReversed,TypedArray.prototype.toReversed(),javascript-instance-method,,javascript.builtins.TypedArray.toReversed,,,,,
Web/JavaScript/Reference/Global_Objects/TypedArray/toSorted,TypedArray.prototype.toSorted(),javascript-instance-method,,javascript.builtins.TypedArray.toSorted,,,,,
Web/JavaScript/Reference/Global_Objects/TypedArray/toString,TypedArray.prototype.toString(),javascript-instance-method,,javascript.builtins.TypedArray.toString,,,,,
Web/JavaScript/Reference/Global_Objects/TypedArray/values,TypedArray.prototype.values(),javascript-instance-method,,javascript.builtins.TypedArray.values,,,,,
Web/JavaScript/Reference/Global_Objects/TypedArray/with,TypedArray.prototype.with(),javascript-instance-method,,javascript.builtins.TypedArray.with,,,,,
Web/JavaScript/Reference/Global_Objects/TypeError,TypeError,javascript-class,,javascript.builtins.TypeError,,,,,
Web/JavaScript/Reference/Global_Objects/TypeError/TypeError,TypeError() constructor,javascript-constructor,,javascript.builtins.TypeError.TypeError,,,,,
Web/JavaScript/Reference/Global_Objects/Uint16Array,Uint16Array,javascript-class,,javascript.builtins.Uint16Array,,,,,
Web/JavaScript/Reference/Global_Objects/Uint16Array/Uint16Array,Uint16Array() constructor,javascript-constructor,,javascript.builtins.Uint16Array.Uint16Array,,,,,
Web/JavaScript/Reference/Global_Objects/Uint32Array,Uint32Array,javascript-class,,javascript.builtins.Uint32Array,,,,,
Web/JavaScript/Reference/Global_Objects/Uint32Array/Uint32Array,Uint32Array() constructor,javascript-constructor,,javascript.builtins.Uint32Array.Uint32Array,,,,,
Web/JavaScript/Reference/Global_Objects/Uint8Array,Uint8Array,javascript-class,,javascript.builtins.Uint8Array,,,,,
Web/JavaScript/Reference/Global_Objects/Uint8Array/fromBase64,Uint8Array.fromBase64(),javascript-static-method,,javascript.builtins.Uint8Array.fromBase64,,,,,
Web/JavaScript/Reference/Global_Objects/Uint8Array/fromHex,Uint8Array.fromHex(),javascript-static-method,,javascript.builtins.Uint8Array.fromHex,,,,,
Web/JavaScript/Reference/Global_Objects/Uint8Array/setFromBase64,Uint8Array.prototype.setFromBase64(),javascript-instance-method,,javascript.builtins.Uint8Array.setFromBase64,,,,,
Web/JavaScript/Reference/Global_Objects/Uint8Array/setFromHex,Uint8Array.prototype.setFromHex(),javascript-instance-method,,javascript.builtins.Uint8Array.setFromHex,,,,,
Web/JavaScript/Reference/Global_Objects/Uint8Array/toBase64,Uint8Array.prototype.toBase64(),javascript-instance-method,,javascript.builtins.Uint8Array.toBase64,,,,,
Web/JavaScript/Reference/Global_Objects/Uint8Array/toHex,Uint8Array.prototype.toHex(),javascript-instance-method,,javascript.builtins.Uint8Array.toHex,,,,,
Web/JavaScript/Reference/Global_Objects/Uint8Array/Uint8Array,Uint8Array() constructor,javascript-constructor,,javascript.builtins.Uint8Array.Uint8Array,,,,,
Web/JavaScript/Reference/Global_Objects/Uint8ClampedArray,Uint8ClampedArray,javascript-class,,javascript.builtins.Uint8ClampedArray,,,,,
Web/JavaScript/Reference/Global_Objects/Uint8ClampedArray/Uint8ClampedArray,Uint8ClampedArray() constructor,javascript-constructor,,javascript.builtins.Uint8ClampedArray.Uint8ClampedArray,,,,,
Web/JavaScript/Reference/Global_Objects/undefined,undefined,javascript-global-property,,javascript.builtins.undefined,,,,,
Web/JavaScript/Reference/Global_Objects/unescape,unescape(),javascript-function,deprecated,javascript.builtins.unescape,,,,,
Web/JavaScript/Reference/Global_Objects/URIError,URIError,javascript-class,,javascript.builtins.URIError,,,,,
Web/JavaScript/Reference/Global_Objects/URIError/URIError,URIError() constructor,javascript-constructor,,javascript.builtins.URIError.URIError,,,,,
Web/JavaScript/Reference/Global_Objects/WeakMap,WeakMap,javascript-class,,javascript.builtins.WeakMap,,,,,
Web/JavaScript/Reference/Global_Objects/WeakMap/delete,WeakMap.prototype.delete(),javascript-instance-method,,javascript.builtins.WeakMap.delete,,,,,
Web/JavaScript/Reference/Global_Objects/WeakMap/get,WeakMap.prototype.get(),javascript-instance-method,,javascript.builtins.WeakMap.get,,,,,
Web/JavaScript/Reference/Global_Objects/WeakMap/getOrInsert,WeakMap.prototype.getOrInsert(),javascript-instance-method,,javascript.builtins.WeakMap.getOrInsert,,,,,
Web/JavaScript/Reference/Global_Objects/WeakMap/getOrInsertComputed,WeakMap.prototype.getOrInsertComputed(),javascript-instance-method,,javascript.builtins.WeakMap.getOrInsertComputed,,,,,
Web/JavaScript/Reference/Global_Objects/WeakMap/has,WeakMap.prototype.has(),javascript-instance-method,,javascript.builtins.WeakMap.has,,,,,
Web/JavaScript/Reference/Global_Objects/WeakMap/set,WeakMap.prototype.set(),javascript-instance-method,,javascript.builtins.WeakMap.set,,,,,
Web/JavaScript/Reference/Global_Objects/WeakMap/WeakMap,WeakMap() constructor,javascript-constructor,,javascript.builtins.WeakMap.WeakMap,,,,,
Web/JavaScript/Reference/Global_Objects/WeakRef,WeakRef,javascript-class,,javascript.builtins.WeakRef,,,,,
Web/JavaScript/Reference/Global_Objects/WeakRef/deref,WeakRef.prototype.deref(),javascript-instance-method,,javascript.builtins.WeakRef.deref,,,,,
Web/JavaScript/Reference/Global_Objects/WeakRef/WeakRef,WeakRef() constructor,javascript-constructor,,javascript.builtins.WeakRef.WeakRef,,,,,
Web/JavaScript/Reference/Global_Objects/WeakSet,WeakSet,javascript-class,,javascript.builtins.WeakSet,,,,,
Web/JavaScript/Reference/Global_Objects/WeakSet/add,WeakSet.prototype.add(),javascript-instance-method,,javascript.builtins.WeakSet.add,,,,,
Web/JavaScript/Reference/Global_Objects/WeakSet/delete,WeakSet.prototype.delete(),javascript-instance-method,,javascript.builtins.WeakSet.delete,,,,,
Web/JavaScript/Reference/Global_Objects/WeakSet/has,WeakSet.prototype.has(),javascript-instance-method,,javascript.builtins.WeakSet.has,,,,,
Web/JavaScript/Reference/Global_Objects/WeakSet/WeakSet,WeakSet() constructor,javascript-constructor,,javascript.builtins.WeakSet.WeakSet,,,,,
Web/JavaScript/Reference/Iteration_protocols,Iteration protocols,guide,,,,,,,
Web/JavaScript/Reference/JavaScript_technologies_overview,JavaScript technologies overview,guide,,,,,,,
Web/JavaScript/Reference/Lexical_grammar,Lexical grammar,guide,,javascript.grammar,,,,,
Web/JavaScript/Reference/Operators,Expressions and operators,landing-page,,javascript.operators,,,,,
Web/JavaScript/Reference/Operators/Addition,Addition (+),javascript-operator,,javascript.operators.addition,,,,,
Web/JavaScript/Reference/Operators/Addition_assignment,Addition assignment (+=),javascript-operator,,javascript.operators.addition_assignment,,,,,
Web/JavaScript/Reference/Operators/Assignment,Assignment (=),javascript-operator,,javascript.operators.assignment,,,,,
Web/JavaScript/Reference/Operators/async_function,async function expression,javascript-operator,,javascript.operators.async_function,,,,,
Web/JavaScript/Reference/Operators/async_function*,async function* expression,javascript-operator,,javascript.operators.async_generator_function,,,,,
Web/JavaScript/Reference/Operators/await,await,javascript-operator,,javascript.operators.await,,,,,
Web/JavaScript/Reference/Operators/Bitwise_AND,Bitwise AND (&),javascript-operator,,javascript.operators.bitwise_and,,,,,
Web/JavaScript/Reference/Operators/Bitwise_AND_assignment,Bitwise AND assignment (&=),javascript-operator,,javascript.operators.bitwise_and_assignment,,,,,
Web/JavaScript/Reference/Operators/Bitwise_NOT,Bitwise NOT (~),javascript-operator,,javascript.operators.bitwise_not,,,,,
Web/JavaScript/Reference/Operators/Bitwise_OR,Bitwise OR (|),javascript-operator,,javascript.operators.bitwise_or,,,,,
Web/JavaScript/Reference/Operators/Bitwise_OR_assignment,Bitwise OR assignment (|=),javascript-operator,,javascript.operators.bitwise_or_assignment,,,,,
Web/JavaScript/Reference/Operators/Bitwise_XOR,Bitwise XOR (^),javascript-operator,,javascript.operators.bitwise_xor,,,,,
Web/JavaScript/Reference/Operators/Bitwise_XOR_assignment,Bitwise XOR assignment (^=),javascript-operator,,javascript.operators.bitwise_xor_assignment,,,,,
Web/JavaScript/Reference/Operators/class,class expression,javascript-operator,,javascript.operators.class,,,,,
Web/JavaScript/Reference/Operators/Comma_operator,"Comma operator (,)",javascript-operator,,javascript.operators.comma,,,,,
Web/JavaScript/Reference/Operators/Conditional_operator,Conditional (ternary) operator,javascript-operator,,javascript.operators.conditional,,,,,
Web/JavaScript/Reference/Operators/Decrement,Decrement (--),javascript-operator,,javascript.operators.decrement,,,,,
Web/JavaScript/Reference/Operators/delete,delete,javascript-operator,,javascript.operators.delete,,,,,
Web/JavaScript/Reference/Operators/Destructuring,Destructuring,javascript-language-feature,,javascript.operators.destructuring,,,,,
Web/JavaScript/Reference/Operators/Division,Division (/),javascript-operator,,javascript.operators.division,,,,,
Web/JavaScript/Reference/Operators/Division_assignment,Division assignment (/=),javascript-operator,,javascript.operators.division_assignment,,,,,
Web/JavaScript/Reference/Operators/Equality,Equality (==),javascript-operator,,javascript.operators.equality,,,,,
Web/JavaScript/Reference/Operators/Exponentiation,Exponentiation (**),javascript-operator,,javascript.operators.exponentiation,,,,,
Web/JavaScript/Reference/Operators/Exponentiation_assignment,Exponentiation assignment (**=),javascript-operator,,javascript.operators.exponentiation_assignment,,,,,
Web/JavaScript/Reference/Operators/function,function expression,javascript-operator,,javascript.operators.function,,,,,
Web/JavaScript/Reference/Operators/function*,function* expression,javascript-operator,,javascript.operators.generator_function,,,,,
Web/JavaScript/Reference/Operators/Greater_than,Greater than (>),javascript-operator,,javascript.operators.greater_than,,,,,
Web/JavaScript/Reference/Operators/Greater_than_or_equal,Greater than or equal (>=),javascript-operator,,javascript.operators.greater_than_or_equal,,,,,
Web/JavaScript/Reference/Operators/Grouping,Grouping operator ( ),javascript-operator,,javascript.operators.grouping,,,,,
Web/JavaScript/Reference/Operators/import,import(),javascript-operator,,javascript.operators.import,,,,,
Web/JavaScript/Reference/Operators/import.meta,import.meta,javascript-language-feature,,javascript.operators.import_meta,,,,,
Web/JavaScript/Reference/Operators/import.meta/resolve,import.meta.resolve(),javascript-language-feature,,javascript.operators.import_meta.resolve,,,,,
Web/JavaScript/Reference/Operators/import/defer,import.defer(),javascript-language-feature,experimental,javascript.operators.import.defer,,,,,
Web/JavaScript/Reference/Operators/import/source,import.source(),javascript-language-feature,experimental,javascript.operators.import.import_source,,,,,
Web/JavaScript/Reference/Operators/in,in,javascript-operator,,javascript.operators.in,,,,,
Web/JavaScript/Reference/Operators/Increment,Increment (++),javascript-operator,,javascript.operators.increment,,,,,
Web/JavaScript/Reference/Operators/Inequality,Inequality (!=),javascript-operator,,javascript.operators.inequality,,,,,
Web/JavaScript/Reference/Operators/instanceof,instanceof,javascript-operator,,javascript.operators.instanceof,,,,,
Web/JavaScript/Reference/Operators/Left_shift,Left shift (<<),javascript-operator,,javascript.operators.left_shift,,,,,
Web/JavaScript/Reference/Operators/Left_shift_assignment,Left shift assignment (<<=),javascript-operator,,javascript.operators.left_shift_assignment,,,,,
Web/JavaScript/Reference/Operators/Less_than,Less than (<),javascript-operator,,javascript.operators.less_than,,,,,
Web/JavaScript/Reference/Operators/Less_than_or_equal,Less than or equal (<=),javascript-operator,,javascript.operators.less_than_or_equal,,,,,
Web/JavaScript/Reference/Operators/Logical_AND,Logical AND (&&),javascript-operator,,javascript.operators.logical_and,,,,,
Web/JavaScript/Reference/Operators/Logical_AND_assignment,Logical AND assignment (&&=),javascript-operator,,javascript.operators.logical_and_assignment,,,,,
Web/JavaScript/Reference/Operators/Logical_NOT,Logical NOT (!),javascript-operator,,javascript.operators.logical_not,,,,,
Web/JavaScript/Reference/Operators/Logical_OR,Logical OR (||),javascript-operator,,javascript.operators.logical_or,,,,,
Web/JavaScript/Reference/Operators/Logical_OR_assignment,Logical OR assignment (||=),javascript-operator,,javascript.operators.logical_or_assignment,,,,,
Web/JavaScript/Reference/Operators/Multiplication,Multiplication (*),javascript-operator,,javascript.operators.multiplication,,,,,
Web/JavaScript/Reference/Operators/Multiplication_assignment,Multiplication assignment (*=),javascript-operator,,javascript.operators.multiplication_assignment,,,,,
Web/JavaScript/Reference/Operators/new,new,javascript-operator,,javascript.operators.new,,,,,
Web/JavaScript/Reference/Operators/new.target,new.target,javascript-language-feature,,javascript.operators.new_target,,,,,
Web/JavaScript/Reference/Operators/null,null,javascript-language-feature,,javascript.operators.null,,,,,
Web/JavaScript/Reference/Operators/Nullish_coalescing,Nullish coalescing operator (??),javascript-operator,,javascript.operators.nullish_coalescing,,,,,
Web/JavaScript/Reference/Operators/Nullish_coalescing_assignment,Nullish coalescing assignment (??=),javascript-operator,,javascript.operators.nullish_coalescing_assignment,,,,,
Web/JavaScript/Reference/Operators/Object_initializer,Object initializer,javascript-language-feature,,javascript.operators.object_initializer,,,,,
Web/JavaScript/Reference/Operators/Operator_precedence,Operator precedence,guide,,,,,,,
Web/JavaScript/Reference/Operators/Optional_chaining,Optional chaining (?.),javascript-operator,,javascript.operators.optional_chaining,,,,,
Web/JavaScript/Reference/Operators/Property_accessors,Property accessors,javascript-operator,,javascript.operators.property_accessors,,,,,
Web/JavaScript/Reference/Operators/Remainder,Remainder (%),javascript-operator,,javascript.operators.remainder,,,,,
Web/JavaScript/Reference/Operators/Remainder_assignment,Remainder assignment (%=),javascript-operator,,javascript.operators.remainder_assignment,,,,,
Web/JavaScript/Reference/Operators/Right_shift,Right shift (>>),javascript-operator,,javascript.operators.right_shift,,,,,
Web/JavaScript/Reference/Operators/Right_shift_assignment,Right shift assignment (>>=),javascript-operator,,javascript.operators.right_shift_assignment,,,,,
Web/JavaScript/Reference/Operators/Spread_syntax,Spread syntax (...),javascript-operator,,javascript.operators.spread,,,,,
Web/JavaScript/Reference/Operators/Strict_equality,Strict equality (===),javascript-operator,,javascript.operators.strict_equality,,,,,
Web/JavaScript/Reference/Operators/Strict_inequality,Strict inequality (!==),javascript-operator,,javascript.operators.strict_inequality,,,,,
Web/JavaScript/Reference/Operators/Subtraction,Subtraction (-),javascript-operator,,javascript.operators.subtraction,,,,,
Web/JavaScript/Reference/Operators/Subtraction_assignment,Subtraction assignment (-=),javascript-operator,,javascript.operators.subtraction_assignment,,,,,
Web/JavaScript/Reference/Operators/super,super,javascript-language-feature,,javascript.operators.super,,,,,
Web/JavaScript/Reference/Operators/this,this,javascript-language-feature,,javascript.operators.this,,,,,
Web/JavaScript/Reference/Operators/typeof,typeof,javascript-operator,,javascript.operators.typeof,,,,,
Web/JavaScript/Reference/Operators/Unary_negation,Unary negation (-),javascript-operator,,javascript.operators.unary_negation,,,,,
Web/JavaScript/Reference/Operators/Unary_plus,Unary plus (+),javascript-operator,,javascript.operators.unary_plus,,,,,
Web/JavaScript/Reference/Operators/Unsigned_right_shift,Unsigned right shift (>>>),javascript-operator,,javascript.operators.unsigned_right_shift,,,,,
Web/JavaScript/Reference/Operators/Unsigned_right_shift_assignment,Unsigned right shift assignment (>>>=),javascript-operator,,javascript.operators.unsigned_right_shift_assignment,,,,,
Web/JavaScript/Reference/Operators/void,void operator,javascript-operator,,javascript.operators.void,,,,,
Web/JavaScript/Reference/Operators/yield,yield,javascript-operator,,javascript.operators.yield,,,,,
Web/JavaScript/Reference/Operators/yield*,yield*,javascript-operator,,javascript.operators.yield_star,,,,,
Web/JavaScript/Reference/Regular_expressions,Regular expressions,landing-page,,javascript.regular_expressions,,,,,
Web/JavaScript/Reference/Regular_expressions/Backreference,"Backreference: \1, \2",javascript-language-feature,,javascript.regular_expressions.backreference,,,,,
Web/JavaScript/Reference/Regular_expressions/Buffer_boundary_assertion,"Buffer boundary assertion: \A, \z, \Z",javascript-language-feature,experimental,javascript.regular_expressions.buffer_boundary_assertion,,,,,
Web/JavaScript/Reference/Regular_expressions/Capturing_group,Capturing group: (...),javascript-language-feature,,javascript.regular_expressions.capturing_group,,,,,
Web/JavaScript/Reference/Regular_expressions/Character_class,"Character class: [...], [^...]",javascript-language-feature,,javascript.regular_expressions.character_class,,,,,
Web/JavaScript/Reference/Regular_expressions/Character_class_escape,"Character class escape: \d, \D, \w, \W, \s, \S",javascript-language-feature,,javascript.regular_expressions.character_class_escape,,,,,
Web/JavaScript/Reference/Regular_expressions/Character_escape,"Character escape: \n, \u{...}",javascript-language-feature,,javascript.regular_expressions.character_escape,,,,,
Web/JavaScript/Reference/Regular_expressions/Disjunction,Disjunction: |,javascript-language-feature,,javascript.regular_expressions.disjunction,,,,,
Web/JavaScript/Reference/Regular_expressions/Input_boundary_assertion,"Input boundary assertion: ^, $",javascript-language-feature,,javascript.regular_expressions.input_boundary_assertion,,,,,
Web/JavaScript/Reference/Regular_expressions/Literal_character,"Literal character: a, b",javascript-language-feature,,javascript.regular_expressions.literal_character,,,,,
Web/JavaScript/Reference/Regular_expressions/Lookahead_assertion,"Lookahead assertion: (?=...), (?!...)",javascript-language-feature,,javascript.regular_expressions.lookahead_assertion,,,,,
Web/JavaScript/Reference/Regular_expressions/Lookbehind_assertion,"Lookbehind assertion: (?<=...), (?<!...)",javascript-language-feature,,javascript.regular_expressions.lookbehind_assertion,,,,,
Web/JavaScript/Reference/Regular_expressions/Modifier,Modifier: (?ims-ims:...),javascript-language-feature,,javascript.regular_expressions.modifier,,,,,
Web/JavaScript/Reference/Regular_expressions/Named_backreference,Named backreference: \k<name>,javascript-language-feature,,javascript.regular_expressions.named_backreference,,,,,
Web/JavaScript/Reference/Regular_expressions/Named_capturing_group,Named capturing group: (?<name>...),javascript-language-feature,,javascript.regular_expressions.named_capturing_group,,,,,
Web/JavaScript/Reference/Regular_expressions/Non-capturing_group,Non-capturing group: (?:...),javascript-language-feature,,javascript.regular_expressions.non_capturing_group,,,,,
Web/JavaScript/Reference/Regular_expressions/Quantifier,"Quantifier: *, +, ?, {n}, {n,}, {n,m}",javascript-language-feature,,javascript.regular_expressions.quantifier,,,,,
Web/JavaScript/Reference/Regular_expressions/Unicode_character_class_escape,"Unicode character class escape: \p{...}, \P{...}",javascript-language-feature,,javascript.regular_expressions.unicode_character_class_escape,,,,,
Web/JavaScript/Reference/Regular_expressions/Wildcard,Wildcard: .,javascript-language-feature,,javascript.regular_expressions.wildcard,,,,,
Web/JavaScript/Reference/Regular_expressions/Word_boundary_assertion,"Word boundary assertion: \b, \B",javascript-language-feature,,javascript.regular_expressions.word_boundary_assertion,,,,,
Web/JavaScript/Reference/Statements,Statements and declarations,landing-page,,javascript.statements,,,,,
Web/JavaScript/Reference/Statements/async_function,async function,javascript-statement,,javascript.statements.async_function,,,,,
Web/JavaScript/Reference/Statements/async_function*,async function*,javascript-statement,,javascript.statements.async_generator_function,,,,,
Web/JavaScript/Reference/Statements/await_using,await using,javascript-statement,,javascript.statements.await_using,,,,,
Web/JavaScript/Reference/Statements/block,Block statement,javascript-statement,,javascript.statements.block,,,,,
Web/JavaScript/Reference/Statements/break,break,javascript-statement,,javascript.statements.break,,,,,
Web/JavaScript/Reference/Statements/class,class,javascript-statement,,javascript.statements.class,,,,,
Web/JavaScript/Reference/Statements/const,const,javascript-statement,,javascript.statements.const,,,,,
Web/JavaScript/Reference/Statements/continue,continue,javascript-statement,,javascript.statements.continue,,,,,
Web/JavaScript/Reference/Statements/debugger,debugger,javascript-statement,,javascript.statements.debugger,,,,,
Web/JavaScript/Reference/Statements/do...while,do...while,javascript-statement,,javascript.statements.do_while,,,,,
Web/JavaScript/Reference/Statements/Empty,Empty statement,javascript-statement,,javascript.statements.empty,,,,,
Web/JavaScript/Reference/Statements/export,export,javascript-statement,,javascript.statements.export,,,,,
Web/JavaScript/Reference/Statements/Expression_statement,Expression statement,javascript-statement,,,,,,,
Web/JavaScript/Reference/Statements/for,for,javascript-statement,,javascript.statements.for,,,,,
Web/JavaScript/Reference/Statements/for-await...of,for await...of,javascript-statement,,javascript.statements.for_await_of,,,,,
Web/JavaScript/Reference/Statements/for...in,for...in,javascript-statement,,javascript.statements.for_in,,,,,
Web/JavaScript/Reference/Statements/for...of,for...of,javascript-statement,,javascript.statements.for_of,,,,,
Web/JavaScript/Reference/Statements/function,function,javascript-statement,,javascript.statements.function,,,,,
Web/JavaScript/Reference/Statements/function*,function*,javascript-statement,,javascript.statements.generator_function,,,,,
Web/JavaScript/Reference/Statements/if...else,if...else,javascript-statement,,javascript.statements.if_else,,,,,
Web/JavaScript/Reference/Statements/import,import,javascript-statement,,javascript.statements.import,,,,,
Web/JavaScript/Reference/Statements/import/defer,import defer,javascript-language-feature,experimental,javascript.statements.import.defer,,,,,
Web/JavaScript/Reference/Statements/import/source,import source,javascript-language-feature,experimental,javascript.statements.import.import_source,,,,,
Web/JavaScript/Reference/Statements/import/with,Import attributes,javascript-language-feature,,javascript.statements.import.import_attributes,,,,,
Web/JavaScript/Reference/Statements/label,Labeled statement,javascript-statement,,javascript.statements.label,,,,,
Web/JavaScript/Reference/Statements/let,let,javascript-statement,,javascript.statements.let,,,,,
Web/JavaScript/Reference/Statements/return,return,javascript-statement,,javascript.statements.return,,,,,
Web/JavaScript/Reference/Statements/switch,switch,javascript-statement,,javascript.statements.switch,,,,,
Web/JavaScript/Reference/Statements/throw,throw,javascript-statement,,javascript.statements.throw,,,,,
Web/JavaScript/Reference/Statements/try...catch,try...catch,javascript-statement,,javascript.statements.try_catch,,,,,
Web/JavaScript/Reference/Statements/using,using,javascript-statement,,javascript.statements.using,,,,,
Web/JavaScript/Reference/Statements/var,var,javascript-statement,,javascript.statements.var,,,,,
Web/JavaScript/Reference/Statements/while,while,javascript-statement,,javascript.statements.while,,,,,
Web/JavaScript/Reference/Statements/with,with,javascript-statement,deprecated,javascript.statements.with,,,,,
Web/JavaScript/Reference/Strict_mode,Strict mode,guide,,,,,,,
Web/JavaScript/Reference/Template_literals,Template literals (Template strings),javascript-language-feature,,javascript.grammar.template_literals,,,,,
Web/JavaScript/Reference/Trailing_commas,Trailing commas,javascript-language-feature,,javascript.grammar.trailing_commas,,,,,
